dniCliente,fechaCreacion,orden,codigoEjercicio,cantidadSeries,cantidadRepeticiones,descansoSegundos,observaciones
32427849,2026-03-31,1,20,3,8,45,
32427849,2026-03-31,2,14,5,8,120,Controlar la velocidad de ejecución.
32427849,2026-03-31,3,39,5,14,45,
32427849,2026-03-31,4,5,3,11,60,Controlar la velocidad de ejecución.
32427849,2026-03-31,5,18,5,14,90,
32427849,2026-03-31,6,37,4,9,30,Reducir el peso si pierde la técnica.
32427849,2026-03-31,7,3,4,8,60,Aumentar el peso si completa todas las series.
32427849,2026-03-31,8,16,5,14,30,
32427849,2026-03-31,9,8,5,8,45,Aumentar el peso si completa todas las series.
34261773,2026-02-17,1,29,5,11,90,Mantener la técnica durante todo el ejercicio.
34261773,2026-02-17,2,41,3,8,120,Reducir el peso si pierde la técnica.
34261773,2026-02-17,3,44,4,11,60,Reducir el peso si pierde la técnica.
34261773,2026-02-17,4,11,5,11,30,Reducir el peso si pierde la técnica.
34261773,2026-02-17,5,17,5,12,90,Controlar la velocidad de ejecución.
34261773,2026-02-17,6,51,5,8,120,Mantener la técnica durante todo el ejercicio.
34261773,2026-02-17,7,5,4,11,45,Controlar la velocidad de ejecución.
34261773,2026-02-17,8,10,5,14,30,Mantener la técnica durante todo el ejercicio.
34261773,2026-02-17,9,2,3,14,30,Reducir el peso si pierde la técnica.
34261773,2026-02-17,10,37,5,9,60,
34261773,2026-03-29,1,15,5,12,45,Realizar el movimiento completo.
34261773,2026-03-29,2,13,5,11,90,Aumentar el peso si completa todas las series.
34261773,2026-03-29,3,27,4,13,120,Realizar el movimiento completo.
34261773,2026-03-29,4,6,5,10,120,
34261773,2026-03-29,5,48,3,14,45,
34261773,2026-03-29,6,54,5,11,60,Reducir el peso si pierde la técnica.
34261773,2026-07-13,1,54,4,12,120,Controlar la velocidad de ejecución.
34261773,2026-07-13,2,35,5,13,60,Mantener la técnica durante todo el ejercicio.
34261773,2026-07-13,3,28,3,13,45,Aumentar el peso si completa todas las series.
34261773,2026-07-13,4,21,5,12,120,Controlar la velocidad de ejecución.
34261773,2026-07-13,5,15,3,8,60,Aumentar el peso si completa todas las series.
34261773,2026-07-13,6,42,4,11,45,
34261773,2026-07-13,7,6,4,8,30,Mantener la técnica durante todo el ejercicio.
34261773,2026-07-20,1,46,3,10,120,Reducir el peso si pierde la técnica.
34261773,2026-07-20,2,14,5,13,45,
34261773,2026-07-20,3,32,5,15,90,Controlar la velocidad de ejecución.
34261773,2026-07-20,4,13,4,14,120,
34261773,2026-07-20,5,26,5,11,45,Evitar impulsos.
34261773,2026-07-20,6,12,3,12,120,Evitar impulsos.
34261773,2026-07-20,7,38,4,12,120,
34261773,2026-07-20,8,29,5,13,90,Reducir el peso si pierde la técnica.
34261773,2026-07-20,9,55,3,8,60,Mantener la técnica durante todo el ejercicio.
43809676,2026-04-11,1,14,5,14,90,
43809676,2026-04-11,2,51,4,14,60,Controlar la velocidad de ejecución.
43809676,2026-04-11,3,8,3,14,60,Aumentar el peso si completa todas las series.
43809676,2026-04-11,4,27,4,14,90,
43809676,2026-04-11,5,43,3,14,60,Mantener la técnica durante todo el ejercicio.
43809676,2026-04-11,6,46,3,11,45,
43809676,2026-04-11,7,52,3,14,60,
43809676,2026-04-11,8,30,3,13,120,Evitar impulsos.
39885241,2026-06-08,1,33,3,8,120,
39885241,2026-06-08,2,14,4,14,45,
39885241,2026-06-08,3,39,4,9,60,
39885241,2026-06-08,4,35,5,9,60,
39885241,2026-06-08,5,23,5,11,30,Realizar el movimiento completo.
39885241,2026-06-08,6,13,5,13,90,Realizar el movimiento completo.
30319953,2026-07-26,1,38,5,15,90,Reducir el peso si pierde la técnica.
30319953,2026-07-26,2,18,3,9,90,
30319953,2026-07-26,3,3,5,15,30,Reducir el peso si pierde la técnica.
30319953,2026-07-26,4,33,3,15,60,
30319953,2026-07-26,5,31,5,12,45,
30319953,2026-07-26,6,1,5,11,90,Realizar el movimiento completo.
46767275,2026-07-29,1,42,3,15,120,Reducir el peso si pierde la técnica.
46767275,2026-07-29,2,36,3,12,45,Aumentar el peso si completa todas las series.
46767275,2026-07-29,3,12,5,14,45,Evitar impulsos.
46767275,2026-07-29,4,30,4,13,90,Mantener la técnica durante todo el ejercicio.
46767275,2026-07-29,5,22,5,14,90,Controlar la velocidad de ejecución.
46767275,2026-07-29,6,37,4,8,120,Mantener la técnica durante todo el ejercicio.
46767275,2026-07-29,7,34,5,10,90,
46767275,2026-07-29,8,11,3,14,45,Evitar impulsos.
46767275,2026-07-29,9,15,5,8,120,Reducir el peso si pierde la técnica.
46767275,2026-07-29,10,4,4,11,30,Evitar impulsos.
46767275,2026-08-06,1,10,3,9,120,Realizar el movimiento completo.
46767275,2026-08-06,2,22,4,11,90,
46767275,2026-08-06,3,19,4,13,90,Realizar el movimiento completo.
46767275,2026-08-06,4,24,3,10,60,Realizar el movimiento completo.
46767275,2026-08-06,5,1,3,8,30,Evitar impulsos.
46767275,2026-08-06,6,15,5,11,90,Reducir el peso si pierde la técnica.
46767275,2026-08-06,7,38,3,9,90,
46767275,2026-08-06,8,45,4,12,60,Reducir el peso si pierde la técnica.
46767275,2026-08-06,9,32,5,8,60,
46767275,2026-07-25,1,46,5,12,120,Reducir el peso si pierde la técnica.
46767275,2026-07-25,2,17,5,9,45,Evitar impulsos.
46767275,2026-07-25,3,45,4,11,120,Evitar impulsos.
46767275,2026-07-25,4,11,5,10,90,
46767275,2026-07-25,5,15,3,8,120,Mantener la técnica durante todo el ejercicio.
46767275,2026-07-25,6,14,4,12,120,
46767275,2026-07-25,7,43,5,11,30,Evitar impulsos.
46767275,2026-07-25,8,26,5,12,60,
46767275,2026-07-25,9,47,5,11,45,
46767275,2026-07-28,1,26,4,13,30,
46767275,2026-07-28,2,25,5,15,120,
46767275,2026-07-28,3,10,4,8,120,
46767275,2026-07-28,4,20,3,11,60,Aumentar el peso si completa todas las series.
46767275,2026-07-28,5,6,3,13,45,Reducir el peso si pierde la técnica.
46767275,2026-07-28,6,34,3,10,60,
32683340,2026-08-02,1,40,3,13,90,Aumentar el peso si completa todas las series.
32683340,2026-08-02,2,10,5,11,90,Reducir el peso si pierde la técnica.
32683340,2026-08-02,3,4,3,12,90,
32683340,2026-08-02,4,37,5,13,45,Reducir el peso si pierde la técnica.
32683340,2026-08-02,5,27,4,11,120,
32683340,2026-08-02,6,21,5,13,60,Aumentar el peso si completa todas las series.
32683340,2026-08-02,7,24,5,15,120,
32683340,2026-08-02,8,26,5,13,90,Evitar impulsos.
32683340,2026-08-02,9,32,5,9,90,Evitar impulsos.
32683340,2026-08-02,10,29,3,14,90,Reducir el peso si pierde la técnica.
32683340,2026-07-08,1,34,4,12,120,
32683340,2026-07-08,2,7,5,15,90,Realizar el movimiento completo.
32683340,2026-07-08,3,9,5,12,45,Reducir el peso si pierde la técnica.
32683340,2026-07-08,4,53,4,13,30,
32683340,2026-07-08,5,41,5,10,90,Reducir el peso si pierde la técnica.
32683340,2026-07-08,6,29,5,8,45,
32683340,2026-07-08,7,30,5,12,45,Evitar impulsos.
32683340,2026-07-08,8,39,4,9,120,
32683340,2026-07-08,9,31,5,15,60,Aumentar el peso si completa todas las series.
43700798,2026-07-19,1,44,3,15,45,Mantener la técnica durante todo el ejercicio.
43700798,2026-07-19,2,22,3,14,120,Evitar impulsos.
43700798,2026-07-19,3,35,4,12,90,
43700798,2026-07-19,4,9,3,13,45,Aumentar el peso si completa todas las series.
43700798,2026-07-19,5,43,4,11,120,Mantener la técnica durante todo el ejercicio.
43700798,2026-07-19,6,16,4,10,45,Realizar el movimiento completo.
43700798,2026-07-19,7,2,3,11,120,
43700798,2026-07-19,8,37,5,8,120,
43700798,2026-04-16,1,32,3,12,90,Realizar el movimiento completo.
43700798,2026-04-16,2,45,3,11,60,Controlar la velocidad de ejecución.
43700798,2026-04-16,3,24,4,15,30,Evitar impulsos.
43700798,2026-04-16,4,44,4,10,120,Mantener la técnica durante todo el ejercicio.
43700798,2026-04-16,5,55,3,12,60,Evitar impulsos.
43700798,2026-04-16,6,10,5,14,30,
43700798,2026-04-16,7,48,5,9,90,
43700798,2026-04-16,8,23,4,14,60,
43700798,2026-04-16,9,9,3,11,45,Mantener la técnica durante todo el ejercicio.
43700798,2026-07-28,1,18,5,8,120,Mantener la técnica durante todo el ejercicio.
43700798,2026-07-28,2,54,5,14,30,Realizar el movimiento completo.
43700798,2026-07-28,3,27,4,14,45,
43700798,2026-07-28,4,14,4,13,120,Reducir el peso si pierde la técnica.
43700798,2026-07-28,5,33,4,11,30,Realizar el movimiento completo.
43700798,2026-07-28,6,50,5,13,90,
43700798,2026-07-28,7,48,3,8,45,Controlar la velocidad de ejecución.
47386139,2025-12-06,1,52,3,12,90,Controlar la velocidad de ejecución.
47386139,2025-12-06,2,11,5,13,45,Evitar impulsos.
47386139,2025-12-06,3,54,4,12,120,Realizar el movimiento completo.
47386139,2025-12-06,4,51,5,8,60,Controlar la velocidad de ejecución.
47386139,2025-12-06,5,5,3,11,45,
47386139,2025-12-06,6,28,4,14,120,
47386139,2025-12-06,7,34,4,9,120,
47386139,2025-12-06,8,41,3,13,60,
47386139,2026-08-06,1,54,4,14,120,Mantener la técnica durante todo el ejercicio.
47386139,2026-08-06,2,40,5,14,60,Evitar impulsos.
47386139,2026-08-06,3,22,4,14,120,
47386139,2026-08-06,4,3,3,14,60,
47386139,2026-08-06,5,35,4,11,90,Evitar impulsos.
47386139,2026-08-06,6,13,3,13,30,Reducir el peso si pierde la técnica.
47386139,2026-08-06,7,11,5,12,30,Reducir el peso si pierde la técnica.
47386139,2026-08-06,8,55,4,10,45,Mantener la técnica durante todo el ejercicio.
34207866,2026-07-18,1,13,5,12,45,Reducir el peso si pierde la técnica.
34207866,2026-07-18,2,43,3,10,90,Aumentar el peso si completa todas las series.
34207866,2026-07-18,3,7,5,10,120,
34207866,2026-07-18,4,4,3,9,60,
34207866,2026-07-18,5,11,5,9,30,Evitar impulsos.
34207866,2026-07-18,6,25,5,15,30,
34207866,2026-07-18,7,50,4,9,60,
34207866,2026-07-18,8,17,3,8,30,
32138648,2026-02-15,1,36,5,14,90,
32138648,2026-02-15,2,26,3,9,90,Reducir el peso si pierde la técnica.
32138648,2026-02-15,3,45,3,13,120,Realizar el movimiento completo.
32138648,2026-02-15,4,34,4,8,90,
32138648,2026-02-15,5,31,5,10,120,Evitar impulsos.
32138648,2026-02-15,6,46,5,14,45,Controlar la velocidad de ejecución.
32138648,2026-02-15,7,18,5,13,45,Controlar la velocidad de ejecución.
32138648,2026-02-15,8,55,3,11,120,Mantener la técnica durante todo el ejercicio.
44962483,2026-07-12,1,1,3,13,60,Evitar impulsos.
44962483,2026-07-12,2,13,5,8,120,
44962483,2026-07-12,3,46,3,8,45,Aumentar el peso si completa todas las series.
44962483,2026-07-12,4,20,4,13,30,Mantener la técnica durante todo el ejercicio.
44962483,2026-07-12,5,12,5,11,60,Controlar la velocidad de ejecución.
44962483,2026-07-12,6,5,5,14,90,
44962483,2026-07-12,7,32,4,12,120,Evitar impulsos.
44962483,2026-07-12,8,27,5,15,30,Controlar la velocidad de ejecución.
44962483,2026-07-12,9,54,4,10,30,Evitar impulsos.
44962483,2026-07-12,10,36,4,11,90,Evitar impulsos.
31083433,2025-12-17,1,50,5,14,45,
31083433,2025-12-17,2,29,3,8,45,
31083433,2025-12-17,3,46,3,14,90,Controlar la velocidad de ejecución.
31083433,2025-12-17,4,20,5,10,90,Controlar la velocidad de ejecución.
31083433,2025-12-17,5,31,4,9,60,Controlar la velocidad de ejecución.
31083433,2025-12-17,6,9,3,15,60,Evitar impulsos.
31083433,2026-01-07,1,16,5,14,45,Evitar impulsos.
31083433,2026-01-07,2,48,5,12,120,
31083433,2026-01-07,3,43,3,9,60,
31083433,2026-01-07,4,23,4,9,120,Evitar impulsos.
31083433,2026-01-07,5,49,3,15,120,Evitar impulsos.
31083433,2026-01-07,6,55,4,10,90,Aumentar el peso si completa todas las series.
31083433,2026-01-07,7,52,3,10,120,Realizar el movimiento completo.
40058520,2026-01-14,1,44,3,15,90,Aumentar el peso si completa todas las series.
40058520,2026-01-14,2,19,3,13,90,
40058520,2026-01-14,3,31,4,8,60,
40058520,2026-01-14,4,15,5,13,30,Reducir el peso si pierde la técnica.
40058520,2026-01-14,5,9,4,13,60,Aumentar el peso si completa todas las series.
40058520,2026-01-14,6,4,4,8,90,
40058520,2026-01-14,7,24,5,14,60,
40058520,2026-01-14,8,38,4,10,45,
40058520,2026-01-14,9,41,5,12,120,
40058520,2026-01-14,10,50,4,15,90,
30605668,2026-01-09,1,49,5,14,30,Evitar impulsos.
30605668,2026-01-09,2,1,3,15,120,Realizar el movimiento completo.
30605668,2026-01-09,3,54,5,14,45,Reducir el peso si pierde la técnica.
30605668,2026-01-09,4,2,3,12,45,
30605668,2026-01-09,5,17,4,14,90,Aumentar el peso si completa todas las series.
30605668,2026-01-09,6,31,5,12,30,
30605668,2026-01-09,7,47,4,13,30,Reducir el peso si pierde la técnica.
30605668,2026-01-09,8,13,5,14,45,Realizar el movimiento completo.
30605668,2026-01-09,9,9,4,10,120,
33188844,2026-07-21,1,29,5,11,45,
33188844,2026-07-21,2,11,5,12,45,Reducir el peso si pierde la técnica.
33188844,2026-07-21,3,32,5,13,45,Realizar el movimiento completo.
33188844,2026-07-21,4,16,5,13,30,
33188844,2026-07-21,5,41,3,13,90,Reducir el peso si pierde la técnica.
33188844,2026-07-21,6,48,4,11,90,
33188844,2026-08-06,1,15,3,14,30,Realizar el movimiento completo.
33188844,2026-08-06,2,52,5,15,120,Evitar impulsos.
33188844,2026-08-06,3,47,4,14,30,Realizar el movimiento completo.
33188844,2026-08-06,4,41,3,9,90,Realizar el movimiento completo.
33188844,2026-08-06,5,23,5,12,90,Realizar el movimiento completo.
33188844,2026-08-06,6,14,4,14,90,Evitar impulsos.
33188844,2026-08-06,7,8,4,8,45,
33188844,2026-08-06,8,17,3,11,30,Aumentar el peso si completa todas las series.
31060603,2026-07-31,1,31,4,10,30,
31060603,2026-07-31,2,48,5,14,60,Realizar el movimiento completo.
31060603,2026-07-31,3,6,3,8,60,Aumentar el peso si completa todas las series.
31060603,2026-07-31,4,12,4,13,120,Evitar impulsos.
31060603,2026-07-31,5,29,4,10,60,Aumentar el peso si completa todas las series.
31060603,2026-07-31,6,22,4,12,45,Mantener la técnica durante todo el ejercicio.
31060603,2026-07-31,7,4,4,10,120,
31060603,2026-07-31,8,14,3,9,90,Evitar impulsos.
31060603,2026-07-31,9,26,3,14,90,Aumentar el peso si completa todas las series.
31060603,2026-07-31,10,52,4,9,90,
31060603,2026-08-05,1,49,4,10,30,Controlar la velocidad de ejecución.
31060603,2026-08-05,2,36,3,8,45,Reducir el peso si pierde la técnica.
31060603,2026-08-05,3,19,3,9,30,Realizar el movimiento completo.
31060603,2026-08-05,4,32,3,11,45,
31060603,2026-08-05,5,27,5,13,45,Evitar impulsos.
31060603,2026-08-05,6,18,5,15,60,Controlar la velocidad de ejecución.
31060603,2026-08-07,1,43,4,12,30,Reducir el peso si pierde la técnica.
31060603,2026-08-07,2,13,5,11,45,Mantener la técnica durante todo el ejercicio.
31060603,2026-08-07,3,47,4,15,30,Controlar la velocidad de ejecución.
31060603,2026-08-07,4,54,3,12,90,Aumentar el peso si completa todas las series.
31060603,2026-08-07,5,23,5,15,90,Evitar impulsos.
31060603,2026-08-07,6,18,5,14,120,Aumentar el peso si completa todas las series.
31060603,2026-08-07,7,7,3,11,45,Mantener la técnica durante todo el ejercicio.
31060603,2026-08-07,8,1,5,8,45,Controlar la velocidad de ejecución.
31060603,2026-08-07,9,2,3,8,120,
31060603,2026-08-07,10,49,4,8,90,
30601612,2026-07-22,1,40,4,12,60,
30601612,2026-07-22,2,23,5,14,60,
30601612,2026-07-22,3,19,4,14,30,Reducir el peso si pierde la técnica.
30601612,2026-07-22,4,4,5,15,120,Evitar impulsos.
30601612,2026-07-22,5,38,4,14,90,Evitar impulsos.
30601612,2026-07-22,6,18,4,8,30,Controlar la velocidad de ejecución.
30601612,2026-07-22,7,24,4,10,120,Mantener la técnica durante todo el ejercicio.
30601612,2026-07-22,8,10,5,14,120,Controlar la velocidad de ejecución.
30601612,2026-07-22,9,25,5,11,90,Controlar la velocidad de ejecución.
30601612,2026-05-05,1,50,5,11,60,Reducir el peso si pierde la técnica.
30601612,2026-05-05,2,47,5,14,30,Reducir el peso si pierde la técnica.
30601612,2026-05-05,3,14,5,15,30,Controlar la velocidad de ejecución.
30601612,2026-05-05,4,34,3,15,60,Controlar la velocidad de ejecución.
30601612,2026-05-05,5,25,4,9,30,
30601612,2026-05-05,6,23,5,15,45,Realizar el movimiento completo.
30601612,2026-05-05,7,20,4,12,30,Aumentar el peso si completa todas las series.
30601612,2026-05-05,8,31,5,15,45,
30601612,2026-05-05,9,55,4,15,30,
35745471,2026-07-31,1,22,3,14,45,Controlar la velocidad de ejecución.
35745471,2026-07-31,2,50,4,15,45,
35745471,2026-07-31,3,36,3,11,45,Realizar el movimiento completo.
35745471,2026-07-31,4,28,3,8,90,Reducir el peso si pierde la técnica.
35745471,2026-07-31,5,6,3,14,45,Evitar impulsos.
35745471,2026-07-31,6,13,3,9,60,Aumentar el peso si completa todas las series.
35745471,2026-07-31,7,8,4,10,30,Reducir el peso si pierde la técnica.
35745471,2026-07-31,8,3,3,8,120,Aumentar el peso si completa todas las series.
35745471,2026-07-24,1,17,4,14,60,Aumentar el peso si completa todas las series.
35745471,2026-07-24,2,55,4,14,45,
35745471,2026-07-24,3,31,5,10,90,Controlar la velocidad de ejecución.
35745471,2026-07-24,4,25,5,13,60,
35745471,2026-07-24,5,44,3,14,90,Realizar el movimiento completo.
35745471,2026-07-24,6,48,3,14,30,
35745471,2026-07-24,7,22,4,10,45,
35745471,2026-07-24,8,50,4,11,120,Aumentar el peso si completa todas las series.
35745471,2026-07-24,9,4,3,9,90,Mantener la técnica durante todo el ejercicio.
42937942,2026-01-30,1,19,3,11,120,
42937942,2026-01-30,2,53,5,15,120,
42937942,2026-01-30,3,10,5,12,45,Reducir el peso si pierde la técnica.
42937942,2026-01-30,4,42,3,11,45,Reducir el peso si pierde la técnica.
42937942,2026-01-30,5,36,3,15,90,
42937942,2026-01-30,6,40,4,11,60,Mantener la técnica durante todo el ejercicio.
38351164,2026-04-11,1,25,4,13,30,
38351164,2026-04-11,2,30,5,14,90,Aumentar el peso si completa todas las series.
38351164,2026-04-11,3,13,5,12,45,Evitar impulsos.
38351164,2026-04-11,4,50,4,15,45,Aumentar el peso si completa todas las series.
38351164,2026-04-11,5,54,4,9,45,
38351164,2026-04-11,6,45,5,14,90,Reducir el peso si pierde la técnica.
38351164,2026-04-11,7,12,5,14,60,
38351164,2026-04-11,8,43,4,13,90,
38351164,2026-04-11,9,55,3,14,60,Reducir el peso si pierde la técnica.
38351164,2026-04-11,10,11,3,15,120,Realizar el movimiento completo.
31670474,2026-08-01,1,13,5,9,45,Mantener la técnica durante todo el ejercicio.
31670474,2026-08-01,2,25,3,11,120,Reducir el peso si pierde la técnica.
31670474,2026-08-01,3,45,3,13,60,Aumentar el peso si completa todas las series.
31670474,2026-08-01,4,49,4,9,30,
31670474,2026-08-01,5,31,4,14,60,Controlar la velocidad de ejecución.
31670474,2026-08-01,6,50,3,10,30,
31670474,2026-08-01,7,16,3,13,120,Evitar impulsos.
31670474,2026-08-01,8,1,4,12,30,Reducir el peso si pierde la técnica.
43013693,2026-07-16,1,41,3,13,30,
43013693,2026-07-16,2,48,5,9,45,Aumentar el peso si completa todas las series.
43013693,2026-07-16,3,26,5,9,45,Controlar la velocidad de ejecución.
43013693,2026-07-16,4,23,3,10,120,Realizar el movimiento completo.
43013693,2026-07-16,5,42,3,9,60,
43013693,2026-07-16,6,24,5,8,30,
43013693,2026-07-16,7,6,4,14,30,Realizar el movimiento completo.
43013693,2026-07-16,8,43,3,10,60,Evitar impulsos.
43013693,2026-07-16,9,35,4,12,90,Controlar la velocidad de ejecución.
43013693,2026-07-16,10,14,3,12,30,
43013693,2026-03-19,1,22,3,11,30,Aumentar el peso si completa todas las series.
43013693,2026-03-19,2,25,5,15,60,
43013693,2026-03-19,3,7,4,14,90,
43013693,2026-03-19,4,34,5,11,45,Aumentar el peso si completa todas las series.
43013693,2026-03-19,5,37,3,13,30,Reducir el peso si pierde la técnica.
43013693,2026-03-19,6,39,3,8,90,Reducir el peso si pierde la técnica.
43013693,2026-07-30,1,16,5,15,30,
43013693,2026-07-30,2,23,4,9,60,Realizar el movimiento completo.
43013693,2026-07-30,3,32,3,15,90,Reducir el peso si pierde la técnica.
43013693,2026-07-30,4,2,3,12,60,
43013693,2026-07-30,5,8,5,13,120,Mantener la técnica durante todo el ejercicio.
43013693,2026-07-30,6,40,5,13,120,
43013693,2026-08-07,1,45,5,13,30,Reducir el peso si pierde la técnica.
43013693,2026-08-07,2,51,3,10,120,Realizar el movimiento completo.
43013693,2026-08-07,3,31,4,15,120,Controlar la velocidad de ejecución.
43013693,2026-08-07,4,27,5,13,120,
43013693,2026-08-07,5,43,5,12,45,Aumentar el peso si completa todas las series.
43013693,2026-08-07,6,47,5,11,30,Realizar el movimiento completo.
43013693,2026-08-07,7,52,4,10,45,Aumentar el peso si completa todas las series.
43013693,2026-08-07,8,4,5,8,30,
31886111,2025-11-25,1,16,5,9,30,Controlar la velocidad de ejecución.
31886111,2025-11-25,2,54,4,8,30,
31886111,2025-11-25,3,14,4,10,120,Mantener la técnica durante todo el ejercicio.
31886111,2025-11-25,4,11,5,14,60,
31886111,2025-11-25,5,26,3,9,60,Controlar la velocidad de ejecución.
31886111,2025-11-25,6,40,3,14,30,Realizar el movimiento completo.
31886111,2025-11-25,7,15,4,11,90,
31886111,2025-11-25,8,28,3,11,60,
31886111,2026-02-16,1,23,3,13,60,Mantener la técnica durante todo el ejercicio.
31886111,2026-02-16,2,16,5,13,60,Evitar impulsos.
31886111,2026-02-16,3,14,3,10,60,Realizar el movimiento completo.
31886111,2026-02-16,4,25,3,8,60,
31886111,2026-02-16,5,24,4,10,60,Mantener la técnica durante todo el ejercicio.
31886111,2026-02-16,6,47,3,12,120,Aumentar el peso si completa todas las series.
31886111,2026-02-16,7,19,4,8,45,
31886111,2026-02-16,8,5,4,14,30,Evitar impulsos.
42250525,2026-08-03,1,29,5,14,45,Realizar el movimiento completo.
42250525,2026-08-03,2,26,3,8,90,Reducir el peso si pierde la técnica.
42250525,2026-08-03,3,9,3,13,90,Reducir el peso si pierde la técnica.
42250525,2026-08-03,4,33,3,8,30,Aumentar el peso si completa todas las series.
42250525,2026-08-03,5,48,3,12,60,Evitar impulsos.
42250525,2026-08-03,6,37,5,8,30,Reducir el peso si pierde la técnica.
42250525,2026-08-03,7,17,4,10,60,Controlar la velocidad de ejecución.
42250525,2026-08-03,8,2,5,13,120,Controlar la velocidad de ejecución.
42250525,2026-08-03,9,12,3,10,60,
42250525,2026-07-25,1,21,5,14,120,Aumentar el peso si completa todas las series.
42250525,2026-07-25,2,5,5,11,30,Controlar la velocidad de ejecución.
42250525,2026-07-25,3,46,5,9,60,Aumentar el peso si completa todas las series.
42250525,2026-07-25,4,45,3,14,90,Reducir el peso si pierde la técnica.
42250525,2026-07-25,5,37,5,14,30,Evitar impulsos.
42250525,2026-07-25,6,19,5,15,60,Mantener la técnica durante todo el ejercicio.
42250525,2026-07-25,7,41,5,13,45,
42250525,2026-07-25,8,32,3,12,45,
42250525,2026-07-25,9,13,3,15,45,
42044402,2026-07-09,1,29,5,14,45,
42044402,2026-07-09,2,8,5,9,90,
42044402,2026-07-09,3,34,3,14,60,Realizar el movimiento completo.
42044402,2026-07-09,4,16,4,12,30,Aumentar el peso si completa todas las series.
42044402,2026-07-09,5,10,3,14,45,
42044402,2026-07-09,6,15,3,10,30,Aumentar el peso si completa todas las series.
42044402,2026-07-09,7,48,5,12,120,
42044402,2026-07-09,8,12,4,10,45,Aumentar el peso si completa todas las series.
42044402,2026-07-09,9,13,5,11,60,Evitar impulsos.
42483063,2026-01-18,1,26,5,9,90,Mantener la técnica durante todo el ejercicio.
42483063,2026-01-18,2,51,4,9,90,Evitar impulsos.
42483063,2026-01-18,3,48,5,14,30,Realizar el movimiento completo.
42483063,2026-01-18,4,2,4,15,90,
42483063,2026-01-18,5,29,4,15,90,
42483063,2026-01-18,6,20,5,10,45,
42483063,2026-01-18,7,46,5,8,120,
42483063,2026-01-18,8,16,3,14,60,
42483063,2026-01-18,9,52,4,15,60,Mantener la técnica durante todo el ejercicio.
42483063,2026-03-12,1,50,3,14,120,Controlar la velocidad de ejecución.
42483063,2026-03-12,2,42,4,9,90,Reducir el peso si pierde la técnica.
42483063,2026-03-12,3,10,3,9,30,
42483063,2026-03-12,4,34,3,9,60,Evitar impulsos.
42483063,2026-03-12,5,12,5,11,120,Evitar impulsos.
42483063,2026-03-12,6,39,5,12,90,Mantener la técnica durante todo el ejercicio.
42483063,2026-03-12,7,43,3,12,90,Mantener la técnica durante todo el ejercicio.
35563244,2026-03-03,1,18,3,11,90,Realizar el movimiento completo.
35563244,2026-03-03,2,44,5,9,30,
35563244,2026-03-03,3,9,4,14,120,Aumentar el peso si completa todas las series.
35563244,2026-03-03,4,1,4,15,30,Evitar impulsos.
35563244,2026-03-03,5,25,4,14,45,
35563244,2026-03-03,6,29,5,10,30,
35563244,2026-03-03,7,20,5,10,90,Realizar el movimiento completo.
35563244,2026-04-08,1,54,5,14,45,Mantener la técnica durante todo el ejercicio.
35563244,2026-04-08,2,30,3,14,60,
35563244,2026-04-08,3,10,5,8,120,Mantener la técnica durante todo el ejercicio.
35563244,2026-04-08,4,4,4,15,45,Mantener la técnica durante todo el ejercicio.
35563244,2026-04-08,5,26,5,15,60,Mantener la técnica durante todo el ejercicio.
35563244,2026-04-08,6,53,3,15,120,
35563244,2026-04-08,7,13,4,14,45,Aumentar el peso si completa todas las series.
35563244,2026-04-08,8,34,4,14,45,Controlar la velocidad de ejecución.
35563244,2026-04-08,9,40,3,15,90,Controlar la velocidad de ejecución.
35563244,2026-07-27,1,47,3,14,60,
35563244,2026-07-27,2,15,3,14,120,Reducir el peso si pierde la técnica.
35563244,2026-07-27,3,11,4,8,120,
35563244,2026-07-27,4,40,4,15,120,
35563244,2026-07-27,5,44,5,14,60,Mantener la técnica durante todo el ejercicio.
35563244,2026-07-27,6,48,3,15,30,
35563244,2026-07-27,7,9,3,15,90,Realizar el movimiento completo.
35563244,2026-07-27,8,30,3,8,90,
35505962,2026-07-30,1,24,4,15,90,Reducir el peso si pierde la técnica.
35505962,2026-07-30,2,7,3,8,60,
35505962,2026-07-30,3,39,3,11,120,Mantener la técnica durante todo el ejercicio.
35505962,2026-07-30,4,16,5,9,90,Controlar la velocidad de ejecución.
35505962,2026-07-30,5,15,4,10,120,Mantener la técnica durante todo el ejercicio.
35505962,2026-07-30,6,25,4,10,45,Aumentar el peso si completa todas las series.
35505962,2026-07-30,7,54,4,13,90,
35505962,2026-07-30,8,40,3,12,120,Reducir el peso si pierde la técnica.
35505962,2026-07-30,9,34,5,11,30,Mantener la técnica durante todo el ejercicio.
35505962,2026-07-30,10,10,3,15,45,Controlar la velocidad de ejecución.
43797588,2025-11-25,1,33,5,8,30,Mantener la técnica durante todo el ejercicio.
43797588,2025-11-25,2,34,5,8,60,Evitar impulsos.
43797588,2025-11-25,3,18,5,9,45,Reducir el peso si pierde la técnica.
43797588,2025-11-25,4,10,3,12,60,
43797588,2025-11-25,5,48,4,13,90,Controlar la velocidad de ejecución.
43797588,2025-11-25,6,49,4,10,45,Aumentar el peso si completa todas las series.
43797588,2025-11-25,7,26,3,10,120,Mantener la técnica durante todo el ejercicio.
43797588,2025-11-25,8,8,4,15,60,Controlar la velocidad de ejecución.
39780814,2025-11-29,1,6,3,10,45,Realizar el movimiento completo.
39780814,2025-11-29,2,43,5,13,30,
39780814,2025-11-29,3,51,5,12,120,Reducir el peso si pierde la técnica.
39780814,2025-11-29,4,26,3,10,90,Evitar impulsos.
39780814,2025-11-29,5,9,3,8,60,
39780814,2025-11-29,6,1,5,10,90,
39780814,2025-11-29,7,54,3,9,45,Aumentar el peso si completa todas las series.
39780814,2025-11-29,8,46,3,9,90,Evitar impulsos.
39780814,2025-11-29,9,10,4,15,90,Mantener la técnica durante todo el ejercicio.
39780814,2025-11-29,10,40,4,11,60,
39780814,2026-01-03,1,12,3,14,120,Reducir el peso si pierde la técnica.
39780814,2026-01-03,2,10,5,13,30,
39780814,2026-01-03,3,41,3,15,60,
39780814,2026-01-03,4,52,4,13,45,Evitar impulsos.
39780814,2026-01-03,5,34,3,11,45,
39780814,2026-01-03,6,2,5,8,120,Evitar impulsos.
39780814,2026-01-03,7,24,5,10,120,Realizar el movimiento completo.
39780814,2026-01-03,8,26,5,14,45,
33220726,2026-07-10,1,49,3,8,45,Controlar la velocidad de ejecución.
33220726,2026-07-10,2,8,3,12,60,Controlar la velocidad de ejecución.
33220726,2026-07-10,3,1,5,9,45,
33220726,2026-07-10,4,17,3,12,120,
33220726,2026-07-10,5,24,3,11,30,
33220726,2026-07-10,6,45,5,14,120,
33220726,2026-07-10,7,44,3,9,60,Mantener la técnica durante todo el ejercicio.
33220726,2026-07-10,8,11,3,10,45,
33533977,2026-02-22,1,34,4,9,120,
33533977,2026-02-22,2,42,4,9,45,
33533977,2026-02-22,3,29,4,13,60,Mantener la técnica durante todo el ejercicio.
33533977,2026-02-22,4,7,3,9,90,Realizar el movimiento completo.
33533977,2026-02-22,5,18,5,10,120,Realizar el movimiento completo.
33533977,2026-02-22,6,5,3,12,45,Mantener la técnica durante todo el ejercicio.
33533977,2026-02-22,7,36,5,11,60,
33533977,2026-07-05,1,9,5,8,30,
33533977,2026-07-05,2,40,4,13,90,
33533977,2026-07-05,3,24,3,9,120,Evitar impulsos.
33533977,2026-07-05,4,55,5,15,90,Realizar el movimiento completo.
33533977,2026-07-05,5,21,3,12,45,
33533977,2026-07-05,6,28,5,14,90,Evitar impulsos.
33533977,2026-07-05,7,33,5,14,60,
44220085,2026-07-22,1,29,5,13,45,Reducir el peso si pierde la técnica.
44220085,2026-07-22,2,28,3,10,90,
44220085,2026-07-22,3,22,5,12,120,Evitar impulsos.
44220085,2026-07-22,4,1,3,14,90,Controlar la velocidad de ejecución.
44220085,2026-07-22,5,52,3,13,45,Reducir el peso si pierde la técnica.
44220085,2026-07-22,6,47,4,8,30,
44220085,2026-02-11,1,40,3,15,120,Reducir el peso si pierde la técnica.
44220085,2026-02-11,2,22,3,10,30,Evitar impulsos.
44220085,2026-02-11,3,41,3,11,120,Evitar impulsos.
44220085,2026-02-11,4,45,3,13,90,
44220085,2026-02-11,5,26,4,8,30,
44220085,2026-02-11,6,43,3,8,60,
44220085,2026-02-11,7,47,3,14,60,
44220085,2026-02-11,8,32,5,11,60,Aumentar el peso si completa todas las series.
44220085,2026-02-11,9,31,3,11,60,
44220085,2026-02-11,10,3,4,13,45,Mantener la técnica durante todo el ejercicio.
44220085,2026-07-21,1,9,5,9,90,
44220085,2026-07-21,2,45,4,15,60,
44220085,2026-07-21,3,20,3,8,120,Realizar el movimiento completo.
44220085,2026-07-21,4,31,3,10,30,Reducir el peso si pierde la técnica.
44220085,2026-07-21,5,37,3,10,120,
44220085,2026-07-21,6,40,3,8,60,Aumentar el peso si completa todas las series.
44220085,2026-07-21,7,48,4,14,30,Evitar impulsos.
44220085,2026-07-21,8,38,3,12,30,Reducir el peso si pierde la técnica.
44220085,2026-07-21,9,4,4,14,120,
44220085,2026-08-06,1,19,5,11,90,
44220085,2026-08-06,2,41,3,13,30,
44220085,2026-08-06,3,10,5,11,45,Realizar el movimiento completo.
44220085,2026-08-06,4,22,4,14,90,Mantener la técnica durante todo el ejercicio.
44220085,2026-08-06,5,49,4,11,90,
44220085,2026-08-06,6,13,5,9,30,Reducir el peso si pierde la técnica.
40089551,2026-08-02,1,5,5,10,90,
40089551,2026-08-02,2,38,5,11,30,Realizar el movimiento completo.
40089551,2026-08-02,3,10,3,10,30,Controlar la velocidad de ejecución.
40089551,2026-08-02,4,4,5,12,90,
40089551,2026-08-02,5,11,4,15,45,Reducir el peso si pierde la técnica.
40089551,2026-08-02,6,15,3,14,45,Mantener la técnica durante todo el ejercicio.
40089551,2026-08-02,7,6,3,12,45,Realizar el movimiento completo.
40089551,2026-08-02,8,55,5,10,30,
40089551,2026-08-02,9,49,5,15,60,
40089551,2026-08-02,10,8,3,10,30,Aumentar el peso si completa todas las series.
40089551,2026-03-22,1,48,4,14,45,Mantener la técnica durante todo el ejercicio.
40089551,2026-03-22,2,10,4,11,120,Controlar la velocidad de ejecución.
40089551,2026-03-22,3,53,4,14,90,
40089551,2026-03-22,4,9,5,12,90,Evitar impulsos.
40089551,2026-03-22,5,28,3,8,30,Controlar la velocidad de ejecución.
40089551,2026-03-22,6,16,5,8,30,
40089551,2026-03-22,7,31,3,14,45,Evitar impulsos.
40089551,2026-03-22,8,39,4,13,60,Reducir el peso si pierde la técnica.
40089551,2026-03-22,9,52,3,9,60,Controlar la velocidad de ejecución.
40089551,2026-06-25,1,36,5,11,30,
40089551,2026-06-25,2,53,5,14,30,Mantener la técnica durante todo el ejercicio.
40089551,2026-06-25,3,54,5,10,30,
40089551,2026-06-25,4,38,3,12,30,
40089551,2026-06-25,5,11,3,13,60,Controlar la velocidad de ejecución.
40089551,2026-06-25,6,1,4,8,30,Controlar la velocidad de ejecución.
40089551,2026-06-25,7,34,3,14,30,Realizar el movimiento completo.
35579881,2026-01-25,1,47,5,15,60,Reducir el peso si pierde la técnica.
35579881,2026-01-25,2,30,3,10,90,Mantener la técnica durante todo el ejercicio.
35579881,2026-01-25,3,54,5,9,60,Aumentar el peso si completa todas las series.
35579881,2026-01-25,4,43,3,13,60,
35579881,2026-01-25,5,53,4,9,90,Aumentar el peso si completa todas las series.
35579881,2026-01-25,6,17,5,15,30,
35579881,2026-01-25,7,3,3,13,90,
35579881,2026-01-25,8,4,3,15,30,
35579881,2026-01-25,9,39,4,15,120,Evitar impulsos.
35579881,2026-01-25,10,24,5,12,120,Evitar impulsos.
44674576,2026-07-24,1,13,5,12,45,Aumentar el peso si completa todas las series.
44674576,2026-07-24,2,11,3,9,30,Controlar la velocidad de ejecución.
44674576,2026-07-24,3,25,4,11,45,Aumentar el peso si completa todas las series.
44674576,2026-07-24,4,10,4,10,90,
44674576,2026-07-24,5,16,3,13,30,Controlar la velocidad de ejecución.
44674576,2026-07-24,6,2,3,11,45,Mantener la técnica durante todo el ejercicio.
44674576,2026-07-13,1,41,4,10,30,Reducir el peso si pierde la técnica.
44674576,2026-07-13,2,13,3,15,60,Controlar la velocidad de ejecución.
44674576,2026-07-13,3,9,5,11,60,Reducir el peso si pierde la técnica.
44674576,2026-07-13,4,18,4,13,60,Mantener la técnica durante todo el ejercicio.
44674576,2026-07-13,5,31,4,9,90,
44674576,2026-07-13,6,20,5,9,90,Aumentar el peso si completa todas las series.
44674576,2026-07-13,7,16,4,12,120,Realizar el movimiento completo.
39005282,2026-07-10,1,49,5,12,120,Evitar impulsos.
39005282,2026-07-10,2,52,4,11,45,
39005282,2026-07-10,3,53,4,14,90,Mantener la técnica durante todo el ejercicio.
39005282,2026-07-10,4,51,4,10,120,Aumentar el peso si completa todas las series.
39005282,2026-07-10,5,46,3,11,120,
39005282,2026-07-10,6,11,3,14,45,Aumentar el peso si completa todas las series.
39005282,2026-07-10,7,21,5,13,90,
39005282,2026-07-10,8,54,4,15,45,Realizar el movimiento completo.
39005282,2026-03-23,1,1,5,9,30,
39005282,2026-03-23,2,42,5,12,120,Realizar el movimiento completo.
39005282,2026-03-23,3,43,3,13,30,
39005282,2026-03-23,4,32,3,13,30,
39005282,2026-03-23,5,3,4,14,45,Mantener la técnica durante todo el ejercicio.
39005282,2026-03-23,6,46,4,14,30,Aumentar el peso si completa todas las series.
39005282,2026-03-23,7,50,3,15,45,Reducir el peso si pierde la técnica.
39005282,2026-03-23,8,52,4,9,120,Controlar la velocidad de ejecución.
39005282,2026-03-23,9,13,4,11,30,Controlar la velocidad de ejecución.
39005282,2026-07-30,1,53,4,10,120,Mantener la técnica durante todo el ejercicio.
39005282,2026-07-30,2,49,5,11,30,Realizar el movimiento completo.
39005282,2026-07-30,3,37,5,9,30,Evitar impulsos.
39005282,2026-07-30,4,54,5,13,45,
39005282,2026-07-30,5,46,4,14,90,Mantener la técnica durante todo el ejercicio.
39005282,2026-07-30,6,22,5,14,120,Reducir el peso si pierde la técnica.
39005282,2026-07-30,7,3,4,12,90,Mantener la técnica durante todo el ejercicio.
39005282,2026-07-30,8,25,4,15,120,Evitar impulsos.
39005282,2026-07-30,9,9,5,11,60,Aumentar el peso si completa todas las series.
47775011,2026-08-02,1,1,3,14,45,
47775011,2026-08-02,2,18,5,15,30,Aumentar el peso si completa todas las series.
47775011,2026-08-02,3,6,3,12,90,Aumentar el peso si completa todas las series.
47775011,2026-08-02,4,41,4,12,120,Realizar el movimiento completo.
47775011,2026-08-02,5,45,3,10,90,
47775011,2026-08-02,6,37,3,12,45,Mantener la técnica durante todo el ejercicio.
47775011,2026-08-01,1,3,4,8,45,Mantener la técnica durante todo el ejercicio.
47775011,2026-08-01,2,37,4,12,60,Aumentar el peso si completa todas las series.
47775011,2026-08-01,3,22,3,14,45,
47775011,2026-08-01,4,4,3,14,60,
47775011,2026-08-01,5,43,5,11,60,Evitar impulsos.
47775011,2026-08-01,6,48,4,10,30,Realizar el movimiento completo.
47775011,2026-08-01,7,23,4,9,30,Evitar impulsos.
47775011,2026-08-01,8,52,3,8,30,Realizar el movimiento completo.
47775011,2026-05-15,1,20,4,12,30,
47775011,2026-05-15,2,36,5,9,90,
47775011,2026-05-15,3,22,4,15,30,Controlar la velocidad de ejecución.
47775011,2026-05-15,4,26,5,15,90,Evitar impulsos.
47775011,2026-05-15,5,5,3,13,45,Realizar el movimiento completo.
47775011,2026-05-15,6,30,3,9,30,
47775011,2026-05-15,7,17,3,13,120,
47775011,2026-05-15,8,38,4,11,120,Reducir el peso si pierde la técnica.
47775011,2026-05-15,9,19,4,12,45,Realizar el movimiento completo.
47775011,2026-05-15,10,24,5,11,120,
47775011,2026-07-14,1,30,3,13,45,Mantener la técnica durante todo el ejercicio.
47775011,2026-07-14,2,55,3,9,60,
47775011,2026-07-14,3,28,4,15,120,Reducir el peso si pierde la técnica.
47775011,2026-07-14,4,14,3,11,90,
47775011,2026-07-14,5,44,3,13,60,
47775011,2026-07-14,6,45,5,15,45,
47775011,2026-07-14,7,16,3,13,30,
47775011,2026-07-14,8,7,5,8,60,
47775011,2026-07-14,9,31,5,8,90,Mantener la técnica durante todo el ejercicio.
30008181,2026-01-24,1,48,4,9,90,Realizar el movimiento completo.
30008181,2026-01-24,2,11,4,13,45,
30008181,2026-01-24,3,3,3,14,120,Aumentar el peso si completa todas las series.
30008181,2026-01-24,4,9,3,15,60,Aumentar el peso si completa todas las series.
30008181,2026-01-24,5,37,4,11,120,Evitar impulsos.
30008181,2026-01-24,6,12,4,8,120,
30008181,2026-01-24,7,35,4,12,45,
30008181,2026-01-24,8,20,5,12,30,Mantener la técnica durante todo el ejercicio.
30008181,2026-01-24,9,26,5,12,90,
30008181,2026-01-24,10,16,5,13,90,Mantener la técnica durante todo el ejercicio.
46988479,2026-04-03,1,54,3,11,120,
46988479,2026-04-03,2,33,3,11,90,Evitar impulsos.
46988479,2026-04-03,3,13,4,13,90,Reducir el peso si pierde la técnica.
46988479,2026-04-03,4,42,3,9,90,Aumentar el peso si completa todas las series.
46988479,2026-04-03,5,43,4,11,30,
46988479,2026-04-03,6,14,4,11,90,Aumentar el peso si completa todas las series.
46988479,2026-07-27,1,31,5,15,120,Reducir el peso si pierde la técnica.
46988479,2026-07-27,2,42,3,13,90,Controlar la velocidad de ejecución.
46988479,2026-07-27,3,9,4,11,90,Aumentar el peso si completa todas las series.
46988479,2026-07-27,4,12,3,13,45,Mantener la técnica durante todo el ejercicio.
46988479,2026-07-27,5,38,4,14,60,Realizar el movimiento completo.
46988479,2026-07-27,6,52,5,8,30,Mantener la técnica durante todo el ejercicio.
46988479,2026-07-27,7,34,3,9,60,
46988479,2026-07-27,8,16,5,8,45,Mantener la técnica durante todo el ejercicio.
46988479,2026-07-27,9,6,4,11,60,
46988479,2026-07-27,10,19,4,8,120,Realizar el movimiento completo.
41472576,2026-02-16,1,54,5,14,120,
41472576,2026-02-16,2,53,3,10,60,Reducir el peso si pierde la técnica.
41472576,2026-02-16,3,3,3,11,30,Controlar la velocidad de ejecución.
41472576,2026-02-16,4,24,4,13,30,Realizar el movimiento completo.
41472576,2026-02-16,5,37,4,12,120,Controlar la velocidad de ejecución.
41472576,2026-02-16,6,43,4,11,90,Controlar la velocidad de ejecución.
41472576,2026-02-16,7,35,4,15,60,Aumentar el peso si completa todas las series.
39143728,2025-11-29,1,3,5,10,30,
39143728,2025-11-29,2,17,3,15,90,
39143728,2025-11-29,3,28,3,9,30,Realizar el movimiento completo.
39143728,2025-11-29,4,48,5,8,90,Reducir el peso si pierde la técnica.
39143728,2025-11-29,5,52,3,10,60,Mantener la técnica durante todo el ejercicio.
39143728,2025-11-29,6,18,5,15,45,Reducir el peso si pierde la técnica.
39143728,2025-12-10,1,54,3,12,30,Mantener la técnica durante todo el ejercicio.
39143728,2025-12-10,2,38,4,13,30,Realizar el movimiento completo.
39143728,2025-12-10,3,1,4,8,60,
39143728,2025-12-10,4,48,3,13,30,Realizar el movimiento completo.
39143728,2025-12-10,5,44,5,12,30,Reducir el peso si pierde la técnica.
39143728,2025-12-10,6,55,4,15,90,Realizar el movimiento completo.
39143728,2025-12-10,7,47,5,8,30,Mantener la técnica durante todo el ejercicio.
39143728,2025-12-10,8,2,3,10,45,Reducir el peso si pierde la técnica.
39143728,2026-01-04,1,40,5,8,120,Mantener la técnica durante todo el ejercicio.
39143728,2026-01-04,2,36,3,11,45,Controlar la velocidad de ejecución.
39143728,2026-01-04,3,39,3,8,90,Realizar el movimiento completo.
39143728,2026-01-04,4,34,5,15,60,Aumentar el peso si completa todas las series.
39143728,2026-01-04,5,30,3,14,90,Reducir el peso si pierde la técnica.
39143728,2026-01-04,6,4,3,14,30,Aumentar el peso si completa todas las series.
39143728,2026-02-14,1,22,3,10,90,Evitar impulsos.
39143728,2026-02-14,2,3,3,12,90,Reducir el peso si pierde la técnica.
39143728,2026-02-14,3,13,5,9,120,Mantener la técnica durante todo el ejercicio.
39143728,2026-02-14,4,1,4,12,120,Aumentar el peso si completa todas las series.
39143728,2026-02-14,5,28,4,10,60,Reducir el peso si pierde la técnica.
39143728,2026-02-14,6,7,4,15,90,Reducir el peso si pierde la técnica.
39143728,2026-02-14,7,48,4,8,60,Aumentar el peso si completa todas las series.
39143728,2026-02-14,8,21,3,10,30,
39143728,2026-02-14,9,18,4,8,30,
39143728,2026-02-14,10,2,4,12,90,
39143728,2026-03-29,1,36,4,9,60,Reducir el peso si pierde la técnica.
39143728,2026-03-29,2,51,4,15,60,
39143728,2026-03-29,3,55,3,8,30,Aumentar el peso si completa todas las series.
39143728,2026-03-29,4,50,3,9,90,Mantener la técnica durante todo el ejercicio.
39143728,2026-03-29,5,5,4,12,90,
39143728,2026-03-29,6,18,3,13,60,
39143728,2026-03-29,7,54,5,15,120,Realizar el movimiento completo.
39143728,2026-05-04,1,27,3,11,60,Evitar impulsos.
39143728,2026-05-04,2,43,3,8,90,Controlar la velocidad de ejecución.
39143728,2026-05-04,3,40,4,14,45,Aumentar el peso si completa todas las series.
39143728,2026-05-04,4,41,5,8,90,Realizar el movimiento completo.
39143728,2026-05-04,5,8,4,11,120,
39143728,2026-05-04,6,24,3,8,60,Evitar impulsos.
39143728,2026-07-14,1,46,3,15,60,
39143728,2026-07-14,2,9,4,14,90,Realizar el movimiento completo.
39143728,2026-07-14,3,1,3,8,60,
39143728,2026-07-14,4,33,5,13,60,Controlar la velocidad de ejecución.
39143728,2026-07-14,5,54,4,14,60,
39143728,2026-07-14,6,52,5,12,60,Reducir el peso si pierde la técnica.
39143728,2026-07-14,7,27,4,13,120,Aumentar el peso si completa todas las series.
30498521,2026-01-22,1,3,5,9,45,
30498521,2026-01-22,2,19,5,13,45,
30498521,2026-01-22,3,35,3,10,60,
30498521,2026-01-22,4,22,5,14,45,Controlar la velocidad de ejecución.
30498521,2026-01-22,5,16,4,11,90,Mantener la técnica durante todo el ejercicio.
30498521,2026-01-22,6,45,5,15,60,Evitar impulsos.
30498521,2026-01-22,7,52,5,12,60,Mantener la técnica durante todo el ejercicio.
30498521,2026-07-18,1,33,4,9,60,Reducir el peso si pierde la técnica.
30498521,2026-07-18,2,38,5,15,120,
30498521,2026-07-18,3,23,5,8,120,Evitar impulsos.
30498521,2026-07-18,4,36,5,8,30,Reducir el peso si pierde la técnica.
30498521,2026-07-18,5,21,3,15,45,
30498521,2026-07-18,6,3,3,11,60,Controlar la velocidad de ejecución.
30498521,2026-04-16,1,25,3,9,60,Realizar el movimiento completo.
30498521,2026-04-16,2,27,3,10,90,Mantener la técnica durante todo el ejercicio.
30498521,2026-04-16,3,45,4,12,90,Controlar la velocidad de ejecución.
30498521,2026-04-16,4,22,5,9,120,
30498521,2026-04-16,5,16,3,9,120,
30498521,2026-04-16,6,26,4,13,30,Aumentar el peso si completa todas las series.
30498521,2026-04-16,7,33,3,12,120,Evitar impulsos.
30498521,2026-04-16,8,50,3,10,30,Mantener la técnica durante todo el ejercicio.
30498521,2026-04-16,9,19,4,11,120,
30498521,2026-04-16,10,52,3,8,90,Evitar impulsos.
30498521,2026-07-15,1,30,3,10,120,Aumentar el peso si completa todas las series.
30498521,2026-07-15,2,8,5,9,120,Evitar impulsos.
30498521,2026-07-15,3,55,4,9,45,Mantener la técnica durante todo el ejercicio.
30498521,2026-07-15,4,20,4,15,90,Reducir el peso si pierde la técnica.
30498521,2026-07-15,5,49,3,15,45,
30498521,2026-07-15,6,21,3,13,30,Controlar la velocidad de ejecución.
37894239,2026-07-30,1,40,3,13,60,Reducir el peso si pierde la técnica.
37894239,2026-07-30,2,11,4,12,120,Reducir el peso si pierde la técnica.
37894239,2026-07-30,3,44,3,11,90,Aumentar el peso si completa todas las series.
37894239,2026-07-30,4,51,5,15,120,Evitar impulsos.
37894239,2026-07-30,5,26,5,10,30,
37894239,2026-07-30,6,18,3,14,90,Controlar la velocidad de ejecución.
37894239,2026-07-30,7,42,5,8,45,Reducir el peso si pierde la técnica.
37894239,2026-07-30,8,27,4,9,120,Controlar la velocidad de ejecución.
37894239,2026-07-27,1,15,4,14,60,Mantener la técnica durante todo el ejercicio.
37894239,2026-07-27,2,41,3,8,120,
37894239,2026-07-27,3,35,5,14,60,Controlar la velocidad de ejecución.
37894239,2026-07-27,4,22,4,15,120,Mantener la técnica durante todo el ejercicio.
37894239,2026-07-27,5,33,3,8,120,Controlar la velocidad de ejecución.
37894239,2026-07-27,6,16,5,9,60,
37894239,2026-07-27,7,25,4,14,45,
37894239,2026-07-27,8,2,3,8,90,Controlar la velocidad de ejecución.
37894239,2026-07-27,9,5,3,11,30,Aumentar el peso si completa todas las series.
37894239,2026-07-27,10,28,3,13,45,Controlar la velocidad de ejecución.
43412266,2026-05-06,1,1,4,10,45,Controlar la velocidad de ejecución.
43412266,2026-05-06,2,54,3,9,60,Mantener la técnica durante todo el ejercicio.
43412266,2026-05-06,3,39,5,11,120,Aumentar el peso si completa todas las series.
43412266,2026-05-06,4,32,5,13,120,Aumentar el peso si completa todas las series.
43412266,2026-05-06,5,25,3,12,60,
43412266,2026-05-06,6,24,4,13,30,Controlar la velocidad de ejecución.
43412266,2026-05-06,7,41,4,9,120,Aumentar el peso si completa todas las series.
43412266,2026-05-06,8,23,3,12,90,
43412266,2026-05-06,9,14,3,8,45,Reducir el peso si pierde la técnica.
43412266,2026-05-06,10,38,4,9,45,Reducir el peso si pierde la técnica.
47954493,2026-01-10,1,21,5,8,45,
47954493,2026-01-10,2,22,4,8,90,
47954493,2026-01-10,3,9,4,10,90,Realizar el movimiento completo.
47954493,2026-01-10,4,28,5,11,90,Realizar el movimiento completo.
47954493,2026-01-10,5,42,3,9,45,
47954493,2026-01-10,6,4,5,10,30,Mantener la técnica durante todo el ejercicio.
47954493,2026-01-10,7,26,5,11,60,Mantener la técnica durante todo el ejercicio.
47954493,2026-01-10,8,23,3,15,30,Controlar la velocidad de ejecución.
47954493,2026-01-10,9,27,4,9,120,Realizar el movimiento completo.
47954493,2026-07-26,1,24,5,9,45,Evitar impulsos.
47954493,2026-07-26,2,5,5,11,60,
47954493,2026-07-26,3,31,3,10,30,
47954493,2026-07-26,4,51,3,10,60,Reducir el peso si pierde la técnica.
47954493,2026-07-26,5,3,5,10,60,Mantener la técnica durante todo el ejercicio.
47954493,2026-07-26,6,41,3,15,30,
47954493,2026-07-26,7,11,3,14,90,Realizar el movimiento completo.
47954493,2026-07-19,1,45,3,13,120,Evitar impulsos.
47954493,2026-07-19,2,16,4,9,120,Evitar impulsos.
47954493,2026-07-19,3,40,5,13,90,Aumentar el peso si completa todas las series.
47954493,2026-07-19,4,50,5,12,30,Aumentar el peso si completa todas las series.
47954493,2026-07-19,5,5,4,8,45,
47954493,2026-07-19,6,15,4,15,45,Controlar la velocidad de ejecución.
47954493,2026-07-19,7,36,3,15,45,Mantener la técnica durante todo el ejercicio.
47954493,2026-07-25,1,30,5,9,60,
47954493,2026-07-25,2,48,3,11,30,Realizar el movimiento completo.
47954493,2026-07-25,3,12,3,15,90,
47954493,2026-07-25,4,25,3,10,90,Aumentar el peso si completa todas las series.
47954493,2026-07-25,5,21,5,9,120,Mantener la técnica durante todo el ejercicio.
47954493,2026-07-25,6,55,4,10,45,Realizar el movimiento completo.
47954493,2026-07-25,7,41,5,8,120,Realizar el movimiento completo.
47954493,2026-07-25,8,35,4,10,60,
47954493,2026-07-25,9,51,3,8,60,Evitar impulsos.
47954493,2026-07-25,10,20,4,14,30,Controlar la velocidad de ejecución.
43323619,2026-07-12,1,51,3,8,30,Aumentar el peso si completa todas las series.
43323619,2026-07-12,2,53,4,10,60,Aumentar el peso si completa todas las series.
43323619,2026-07-12,3,42,3,8,30,Realizar el movimiento completo.
43323619,2026-07-12,4,25,5,9,60,
43323619,2026-07-12,5,23,3,8,90,Evitar impulsos.
43323619,2026-07-12,6,17,5,14,90,Reducir el peso si pierde la técnica.
44883900,2026-01-20,1,19,4,14,45,
44883900,2026-01-20,2,5,3,9,90,
44883900,2026-01-20,3,54,3,13,60,Evitar impulsos.
44883900,2026-01-20,4,23,4,10,90,
44883900,2026-01-20,5,49,3,11,45,
44883900,2026-01-20,6,1,5,10,30,Aumentar el peso si completa todas las series.
44883900,2026-01-20,7,44,5,8,60,Aumentar el peso si completa todas las series.
44883900,2026-01-20,8,20,4,10,30,
44883900,2026-01-20,9,13,3,8,60,Reducir el peso si pierde la técnica.
44883900,2026-07-23,1,41,4,15,45,Reducir el peso si pierde la técnica.
44883900,2026-07-23,2,42,3,10,30,Realizar el movimiento completo.
44883900,2026-07-23,3,11,3,9,60,Evitar impulsos.
44883900,2026-07-23,4,26,3,12,30,
44883900,2026-07-23,5,18,5,14,45,Reducir el peso si pierde la técnica.
44883900,2026-07-23,6,28,3,13,30,
44883900,2026-07-23,7,43,4,15,60,Reducir el peso si pierde la técnica.
44883900,2026-07-23,8,33,4,9,45,
48996750,2026-01-17,1,4,3,13,30,Realizar el movimiento completo.
48996750,2026-01-17,2,34,5,8,90,
48996750,2026-01-17,3,1,5,10,60,
48996750,2026-01-17,4,18,5,13,120,Reducir el peso si pierde la técnica.
48996750,2026-01-17,5,30,4,9,30,Reducir el peso si pierde la técnica.
48996750,2026-01-17,6,7,4,12,120,Reducir el peso si pierde la técnica.
48996750,2026-01-17,7,31,3,15,30,Reducir el peso si pierde la técnica.
48996750,2026-01-17,8,28,4,10,45,
48996750,2026-01-17,9,5,3,11,90,
48996750,2026-01-17,10,29,4,8,90,
34856327,2026-01-31,1,25,5,13,90,Evitar impulsos.
34856327,2026-01-31,2,16,4,9,60,Aumentar el peso si completa todas las series.
34856327,2026-01-31,3,42,4,15,30,Evitar impulsos.
34856327,2026-01-31,4,3,5,15,45,
34856327,2026-01-31,5,26,4,15,90,
34856327,2026-01-31,6,13,5,10,60,
34856327,2026-04-25,1,17,5,15,120,
34856327,2026-04-25,2,35,5,15,45,
34856327,2026-04-25,3,31,5,15,30,Aumentar el peso si completa todas las series.
34856327,2026-04-25,4,24,3,11,90,Mantener la técnica durante todo el ejercicio.
34856327,2026-04-25,5,52,3,8,45,Controlar la velocidad de ejecución.
34856327,2026-04-25,6,30,5,14,30,Realizar el movimiento completo.
34856327,2026-04-25,7,42,3,8,30,Mantener la técnica durante todo el ejercicio.
34856327,2026-04-25,8,38,4,10,45,Reducir el peso si pierde la técnica.
34856327,2026-04-25,9,32,3,14,120,Controlar la velocidad de ejecución.
34856327,2026-07-30,1,7,5,11,45,Evitar impulsos.
34856327,2026-07-30,2,35,3,10,60,Controlar la velocidad de ejecución.
34856327,2026-07-30,3,39,3,13,120,Evitar impulsos.
34856327,2026-07-30,4,8,5,11,90,
34856327,2026-07-30,5,6,4,15,120,
34856327,2026-07-30,6,55,3,8,90,Evitar impulsos.
34856327,2026-07-30,7,44,4,15,45,
34856327,2026-07-16,1,35,5,15,45,Evitar impulsos.
34856327,2026-07-16,2,31,4,14,90,Reducir el peso si pierde la técnica.
34856327,2026-07-16,3,20,3,11,120,Realizar el movimiento completo.
34856327,2026-07-16,4,1,5,8,120,
34856327,2026-07-16,5,13,4,15,60,Realizar el movimiento completo.
34856327,2026-07-16,6,34,4,13,90,Evitar impulsos.
34856327,2026-07-18,1,37,4,14,30,Aumentar el peso si completa todas las series.
34856327,2026-07-18,2,23,3,14,90,Realizar el movimiento completo.
34856327,2026-07-18,3,10,4,15,30,Mantener la técnica durante todo el ejercicio.
34856327,2026-07-18,4,25,3,8,45,Aumentar el peso si completa todas las series.
34856327,2026-07-18,5,8,3,12,30,
34856327,2026-07-18,6,19,3,8,90,
34856327,2026-07-18,7,40,5,8,30,
34856327,2026-07-18,8,20,3,14,120,Reducir el peso si pierde la técnica.
34856327,2026-07-18,9,6,4,10,30,
39013537,2026-02-21,1,40,3,10,90,Mantener la técnica durante todo el ejercicio.
39013537,2026-02-21,2,27,4,11,30,Reducir el peso si pierde la técnica.
39013537,2026-02-21,3,32,4,15,90,Aumentar el peso si completa todas las series.
39013537,2026-02-21,4,31,3,13,45,
39013537,2026-02-21,5,35,4,10,30,Realizar el movimiento completo.
39013537,2026-02-21,6,6,3,12,60,Realizar el movimiento completo.
39013537,2026-02-21,7,39,5,12,30,Aumentar el peso si completa todas las series.
39013537,2026-02-21,8,22,5,10,60,Mantener la técnica durante todo el ejercicio.
39013537,2026-02-21,9,44,3,11,60,
39013537,2026-02-21,10,5,3,10,120,Mantener la técnica durante todo el ejercicio.
31841068,2026-07-16,1,1,3,9,90,Mantener la técnica durante todo el ejercicio.
31841068,2026-07-16,2,49,3,11,30,Realizar el movimiento completo.
31841068,2026-07-16,3,14,5,15,30,
31841068,2026-07-16,4,36,3,11,45,Aumentar el peso si completa todas las series.
31841068,2026-07-16,5,23,5,15,30,
31841068,2026-07-16,6,48,4,13,60,Reducir el peso si pierde la técnica.
33199156,2026-07-16,1,5,3,15,30,
33199156,2026-07-16,2,6,3,15,120,
33199156,2026-07-16,3,29,3,11,120,
33199156,2026-07-16,4,1,4,8,60,
33199156,2026-07-16,5,30,5,12,120,Aumentar el peso si completa todas las series.
33199156,2026-07-16,6,2,4,15,30,Aumentar el peso si completa todas las series.
33199156,2026-07-16,7,47,5,12,120,Mantener la técnica durante todo el ejercicio.
33199156,2026-07-16,8,28,5,13,90,Evitar impulsos.
33199156,2026-07-16,9,23,5,11,30,Controlar la velocidad de ejecución.
33199156,2026-07-16,10,18,5,14,45,Reducir el peso si pierde la técnica.
47245217,2026-07-16,1,19,3,14,45,Mantener la técnica durante todo el ejercicio.
47245217,2026-07-16,2,23,5,11,45,
47245217,2026-07-16,3,30,4,12,90,
47245217,2026-07-16,4,5,5,15,120,
47245217,2026-07-16,5,26,5,14,30,
47245217,2026-07-16,6,39,5,11,30,Mantener la técnica durante todo el ejercicio.
47245217,2026-07-16,7,25,3,15,90,
47245217,2026-06-22,1,50,4,10,120,
47245217,2026-06-22,2,11,4,14,90,
47245217,2026-06-22,3,18,5,11,45,Aumentar el peso si completa todas las series.
47245217,2026-06-22,4,4,3,14,120,
47245217,2026-06-22,5,41,5,15,30,Realizar el movimiento completo.
47245217,2026-06-22,6,7,3,9,45,Evitar impulsos.
47245217,2026-06-22,7,5,3,8,30,
47245217,2026-07-12,1,7,5,8,120,
47245217,2026-07-12,2,3,5,8,120,
47245217,2026-07-12,3,43,5,13,120,
47245217,2026-07-12,4,22,5,13,90,Aumentar el peso si completa todas las series.
47245217,2026-07-12,5,44,5,13,90,Mantener la técnica durante todo el ejercicio.
47245217,2026-07-12,6,28,5,11,120,Mantener la técnica durante todo el ejercicio.
47245217,2026-07-12,7,14,4,15,90,Reducir el peso si pierde la técnica.
47245217,2026-07-12,8,46,4,8,45,
40000902,2026-07-31,1,18,4,8,120,Reducir el peso si pierde la técnica.
40000902,2026-07-31,2,25,3,11,90,
40000902,2026-07-31,3,55,4,15,60,
40000902,2026-07-31,4,42,4,14,90,Mantener la técnica durante todo el ejercicio.
40000902,2026-07-31,5,17,3,15,90,Reducir el peso si pierde la técnica.
40000902,2026-07-31,6,28,4,14,120,
40000902,2026-07-31,7,44,4,14,45,
40000902,2026-07-31,8,22,4,15,45,
40000902,2026-07-31,9,19,5,9,120,Evitar impulsos.
40000902,2026-07-31,10,35,3,9,60,
40000902,2026-02-10,1,47,5,12,90,Realizar el movimiento completo.
40000902,2026-02-10,2,15,3,15,45,Mantener la técnica durante todo el ejercicio.
40000902,2026-02-10,3,46,5,14,90,Aumentar el peso si completa todas las series.
40000902,2026-02-10,4,41,4,13,120,Realizar el movimiento completo.
40000902,2026-02-10,5,23,4,10,90,Evitar impulsos.
40000902,2026-02-10,6,36,4,13,30,Controlar la velocidad de ejecución.
40000902,2026-07-18,1,33,3,12,45,Mantener la técnica durante todo el ejercicio.
40000902,2026-07-18,2,1,3,15,120,
40000902,2026-07-18,3,10,3,12,90,
40000902,2026-07-18,4,11,4,14,60,Reducir el peso si pierde la técnica.
40000902,2026-07-18,5,45,5,15,60,
40000902,2026-07-18,6,42,4,10,60,Mantener la técnica durante todo el ejercicio.
40000902,2026-07-18,7,23,4,14,120,Evitar impulsos.
40000902,2026-08-07,1,20,4,13,60,Reducir el peso si pierde la técnica.
40000902,2026-08-07,2,50,5,15,45,
40000902,2026-08-07,3,10,4,8,90,Mantener la técnica durante todo el ejercicio.
40000902,2026-08-07,4,35,4,8,120,Evitar impulsos.
40000902,2026-08-07,5,42,3,8,45,Controlar la velocidad de ejecución.
40000902,2026-08-07,6,46,3,13,60,Mantener la técnica durante todo el ejercicio.
40000902,2026-08-07,7,34,5,14,90,Controlar la velocidad de ejecución.
40000902,2026-08-07,8,12,4,8,120,
32584391,2026-08-07,1,17,5,10,60,Controlar la velocidad de ejecución.
32584391,2026-08-07,2,26,3,10,120,Aumentar el peso si completa todas las series.
32584391,2026-08-07,3,8,4,12,30,
32584391,2026-08-07,4,18,3,12,30,
32584391,2026-08-07,5,1,4,10,60,Evitar impulsos.
32584391,2026-08-07,6,28,3,12,60,Evitar impulsos.
32584391,2026-08-07,7,14,3,11,120,
32584391,2026-08-07,8,39,4,11,120,Aumentar el peso si completa todas las series.
32584391,2026-08-07,9,52,3,11,60,
32584391,2026-08-07,10,24,5,11,60,Realizar el movimiento completo.
32584391,2026-04-28,1,48,4,10,120,
32584391,2026-04-28,2,35,3,11,90,
32584391,2026-04-28,3,17,3,11,45,
32584391,2026-04-28,4,5,5,10,120,Realizar el movimiento completo.
32584391,2026-04-28,5,18,4,11,30,Mantener la técnica durante todo el ejercicio.
32584391,2026-04-28,6,50,4,10,45,Evitar impulsos.
32584391,2026-04-28,7,19,4,8,45,Reducir el peso si pierde la técnica.
32584391,2026-04-28,8,9,4,13,45,
32584391,2026-04-28,9,54,3,12,30,Realizar el movimiento completo.
32584391,2026-04-28,10,21,4,13,30,
32584391,2026-06-22,1,26,3,13,30,Mantener la técnica durante todo el ejercicio.
32584391,2026-06-22,2,27,5,11,45,Aumentar el peso si completa todas las series.
32584391,2026-06-22,3,1,4,15,90,Mantener la técnica durante todo el ejercicio.
32584391,2026-06-22,4,32,4,11,120,
32584391,2026-06-22,5,5,5,8,30,Aumentar el peso si completa todas las series.
32584391,2026-06-22,6,14,4,12,60,Evitar impulsos.
32584391,2026-06-22,7,13,5,8,120,
32584391,2026-06-22,8,55,5,12,45,
32584391,2026-06-22,9,50,5,11,90,
32584391,2026-06-22,10,54,4,11,90,
32584391,2026-07-27,1,41,4,9,120,Evitar impulsos.
32584391,2026-07-27,2,23,4,8,45,Reducir el peso si pierde la técnica.
32584391,2026-07-27,3,46,5,8,60,Aumentar el peso si completa todas las series.
32584391,2026-07-27,4,16,5,9,60,Reducir el peso si pierde la técnica.
32584391,2026-07-27,5,31,5,11,60,Evitar impulsos.
32584391,2026-07-27,6,43,3,11,120,Reducir el peso si pierde la técnica.
32584391,2026-07-27,7,34,4,13,60,Realizar el movimiento completo.
32584391,2026-07-27,8,11,5,15,120,Evitar impulsos.
32584391,2026-07-27,9,33,5,12,60,Aumentar el peso si completa todas las series.
43123939,2026-01-13,1,43,3,12,45,Realizar el movimiento completo.
43123939,2026-01-13,2,5,4,14,60,
43123939,2026-01-13,3,54,4,9,60,Evitar impulsos.
43123939,2026-01-13,4,17,4,15,30,
43123939,2026-01-13,5,46,5,15,45,
43123939,2026-01-13,6,1,5,9,90,
43123939,2026-03-13,1,28,4,13,30,Mantener la técnica durante todo el ejercicio.
43123939,2026-03-13,2,36,5,9,90,Controlar la velocidad de ejecución.
43123939,2026-03-13,3,9,3,15,45,Evitar impulsos.
43123939,2026-03-13,4,41,3,10,30,
43123939,2026-03-13,5,38,5,11,30,Controlar la velocidad de ejecución.
43123939,2026-03-13,6,39,3,12,30,Realizar el movimiento completo.
43123939,2026-04-05,1,28,4,8,90,Controlar la velocidad de ejecución.
43123939,2026-04-05,2,32,4,14,60,Evitar impulsos.
43123939,2026-04-05,3,16,5,15,45,
43123939,2026-04-05,4,14,5,14,30,Controlar la velocidad de ejecución.
43123939,2026-04-05,5,50,4,13,45,Realizar el movimiento completo.
43123939,2026-04-05,6,30,4,10,60,Aumentar el peso si completa todas las series.
43123939,2026-04-05,7,17,5,15,60,Reducir el peso si pierde la técnica.
43123939,2026-04-05,8,15,5,11,60,
43123939,2026-04-05,9,38,3,14,90,Reducir el peso si pierde la técnica.
43123939,2026-04-05,10,27,3,12,90,Mantener la técnica durante todo el ejercicio.
43123939,2026-07-05,1,55,3,9,30,
43123939,2026-07-05,2,32,5,14,45,Realizar el movimiento completo.
43123939,2026-07-05,3,47,5,12,60,Controlar la velocidad de ejecución.
43123939,2026-07-05,4,11,4,13,45,Reducir el peso si pierde la técnica.
43123939,2026-07-05,5,49,4,9,120,
43123939,2026-07-05,6,33,3,11,45,Controlar la velocidad de ejecución.
43123939,2026-07-05,7,53,4,10,45,Controlar la velocidad de ejecución.
43123939,2026-07-05,8,23,3,10,30,
43123939,2026-07-05,9,13,3,13,120,Mantener la técnica durante todo el ejercicio.
43123939,2026-07-05,10,15,3,11,120,Controlar la velocidad de ejecución.
47148890,2026-07-25,1,23,5,8,30,Aumentar el peso si completa todas las series.
47148890,2026-07-25,2,21,3,13,45,Mantener la técnica durante todo el ejercicio.
47148890,2026-07-25,3,39,3,15,90,Realizar el movimiento completo.
47148890,2026-07-25,4,15,3,14,30,
47148890,2026-07-25,5,30,4,12,120,Mantener la técnica durante todo el ejercicio.
47148890,2026-07-25,6,49,4,13,120,Realizar el movimiento completo.
47148890,2026-07-25,7,2,3,8,60,Reducir el peso si pierde la técnica.
47148890,2026-07-25,8,7,3,14,45,Evitar impulsos.
47148890,2026-07-25,9,55,3,14,45,
47148890,2026-07-25,10,47,5,9,45,Evitar impulsos.
47148890,2026-04-12,1,43,3,12,60,
47148890,2026-04-12,2,23,3,8,45,Aumentar el peso si completa todas las series.
47148890,2026-04-12,3,6,3,10,30,
47148890,2026-04-12,4,14,3,14,45,Realizar el movimiento completo.
47148890,2026-04-12,5,25,5,12,60,
47148890,2026-04-12,6,4,3,11,120,Evitar impulsos.
47148890,2026-04-12,7,55,4,14,90,Evitar impulsos.
47148890,2026-04-12,8,12,5,8,90,Reducir el peso si pierde la técnica.
47148890,2026-07-27,1,31,4,11,30,
47148890,2026-07-27,2,45,4,14,60,Evitar impulsos.
47148890,2026-07-27,3,14,4,12,45,Realizar el movimiento completo.
47148890,2026-07-27,4,30,3,14,90,Realizar el movimiento completo.
47148890,2026-07-27,5,23,5,15,120,
47148890,2026-07-27,6,8,4,12,90,Realizar el movimiento completo.
47148890,2026-07-27,7,24,4,15,90,Aumentar el peso si completa todas las series.
47148890,2026-07-27,8,17,4,8,45,Realizar el movimiento completo.
38124201,2026-07-30,1,11,3,13,120,
38124201,2026-07-30,2,4,5,14,120,Evitar impulsos.
38124201,2026-07-30,3,13,3,8,90,Evitar impulsos.
38124201,2026-07-30,4,10,4,10,45,Realizar el movimiento completo.
38124201,2026-07-30,5,15,4,10,45,
38124201,2026-07-30,6,7,3,13,30,Mantener la técnica durante todo el ejercicio.
38124201,2026-07-30,7,3,4,10,60,Aumentar el peso si completa todas las series.
38124201,2026-07-30,8,53,4,12,120,Evitar impulsos.
38124201,2026-07-30,9,17,4,8,90,
38124201,2026-07-30,10,26,3,13,30,Mantener la técnica durante todo el ejercicio.
38124201,2026-07-29,1,17,5,15,30,
38124201,2026-07-29,2,8,5,11,120,Controlar la velocidad de ejecución.
38124201,2026-07-29,3,55,4,15,120,Reducir el peso si pierde la técnica.
38124201,2026-07-29,4,4,5,14,30,Controlar la velocidad de ejecución.
38124201,2026-07-29,5,9,3,15,90,
38124201,2026-07-29,6,7,4,14,60,Aumentar el peso si completa todas las series.
38124201,2026-07-29,7,40,5,15,60,
38124201,2026-08-04,1,30,5,15,30,Evitar impulsos.
38124201,2026-08-04,2,17,3,13,120,Aumentar el peso si completa todas las series.
38124201,2026-08-04,3,25,4,13,60,Evitar impulsos.
38124201,2026-08-04,4,10,5,12,120,Controlar la velocidad de ejecución.
38124201,2026-08-04,5,26,3,14,45,
38124201,2026-08-04,6,9,4,13,30,Reducir el peso si pierde la técnica.
38124201,2026-08-04,7,45,5,9,45,
38124201,2026-08-04,8,51,4,13,45,
38124201,2026-08-04,9,5,4,11,60,
38124201,2026-08-04,10,52,5,10,120,
42998600,2026-05-13,1,5,3,12,120,
42998600,2026-05-13,2,30,3,15,45,Mantener la técnica durante todo el ejercicio.
42998600,2026-05-13,3,8,4,14,120,
42998600,2026-05-13,4,21,5,11,60,
42998600,2026-05-13,5,45,3,15,45,
42998600,2026-05-13,6,55,5,10,45,Reducir el peso si pierde la técnica.
30468435,2026-02-12,1,1,3,9,90,Evitar impulsos.
30468435,2026-02-12,2,34,3,11,45,Controlar la velocidad de ejecución.
30468435,2026-02-12,3,39,3,12,120,Controlar la velocidad de ejecución.
30468435,2026-02-12,4,46,4,9,90,Controlar la velocidad de ejecución.
30468435,2026-02-12,5,2,3,14,60,Controlar la velocidad de ejecución.
30468435,2026-02-12,6,8,5,9,90,Mantener la técnica durante todo el ejercicio.
30468435,2026-02-12,7,51,5,14,90,
30468435,2026-02-12,8,47,3,10,60,Aumentar el peso si completa todas las series.
30468435,2026-02-12,9,49,4,15,60,
45084852,2026-04-23,1,27,4,11,60,Reducir el peso si pierde la técnica.
45084852,2026-04-23,2,20,4,13,90,
45084852,2026-04-23,3,5,3,13,45,Reducir el peso si pierde la técnica.
45084852,2026-04-23,4,47,3,9,90,Evitar impulsos.
45084852,2026-04-23,5,52,5,12,90,
45084852,2026-04-23,6,17,5,15,45,Reducir el peso si pierde la técnica.
45084852,2026-05-26,1,30,4,10,60,Reducir el peso si pierde la técnica.
45084852,2026-05-26,2,44,3,12,60,Realizar el movimiento completo.
45084852,2026-05-26,3,16,3,13,30,
45084852,2026-05-26,4,1,4,9,45,
45084852,2026-05-26,5,43,4,9,90,Controlar la velocidad de ejecución.
45084852,2026-05-26,6,50,5,15,30,Aumentar el peso si completa todas las series.
45084852,2026-05-26,7,32,4,11,45,Aumentar el peso si completa todas las series.
45177812,2026-03-24,1,28,3,12,60,Mantener la técnica durante todo el ejercicio.
45177812,2026-03-24,2,9,5,9,120,
45177812,2026-03-24,3,21,5,9,120,Realizar el movimiento completo.
45177812,2026-03-24,4,33,3,12,30,Realizar el movimiento completo.
45177812,2026-03-24,5,29,3,14,90,Evitar impulsos.
45177812,2026-03-24,6,13,5,10,60,Mantener la técnica durante todo el ejercicio.
45177812,2026-03-24,7,45,3,15,90,Aumentar el peso si completa todas las series.
46154567,2026-01-17,1,9,3,9,90,Evitar impulsos.
46154567,2026-01-17,2,47,5,10,30,Controlar la velocidad de ejecución.
46154567,2026-01-17,3,37,3,8,120,Reducir el peso si pierde la técnica.
46154567,2026-01-17,4,49,3,14,90,Controlar la velocidad de ejecución.
46154567,2026-01-17,5,29,3,15,90,
46154567,2026-01-17,6,8,4,10,90,Reducir el peso si pierde la técnica.
46154567,2026-08-07,1,30,4,10,60,Aumentar el peso si completa todas las series.
46154567,2026-08-07,2,10,3,8,60,Mantener la técnica durante todo el ejercicio.
46154567,2026-08-07,3,25,4,14,45,Aumentar el peso si completa todas las series.
46154567,2026-08-07,4,55,5,9,90,Reducir el peso si pierde la técnica.
46154567,2026-08-07,5,38,4,9,60,Evitar impulsos.
46154567,2026-08-07,6,24,5,14,90,Mantener la técnica durante todo el ejercicio.
46154567,2026-08-07,7,49,3,13,45,Reducir el peso si pierde la técnica.
46154567,2026-08-07,8,37,3,11,45,Mantener la técnica durante todo el ejercicio.
46154567,2026-04-04,1,53,3,12,30,Realizar el movimiento completo.
46154567,2026-04-04,2,36,5,13,30,Aumentar el peso si completa todas las series.
46154567,2026-04-04,3,22,5,8,45,Mantener la técnica durante todo el ejercicio.
46154567,2026-04-04,4,37,5,11,45,Reducir el peso si pierde la técnica.
46154567,2026-04-04,5,50,4,11,45,Controlar la velocidad de ejecución.
46154567,2026-04-04,6,23,5,14,30,Mantener la técnica durante todo el ejercicio.
43041805,2026-04-12,1,14,4,8,90,Aumentar el peso si completa todas las series.
43041805,2026-04-12,2,1,4,14,45,
43041805,2026-04-12,3,10,5,14,120,
43041805,2026-04-12,4,38,3,11,30,Controlar la velocidad de ejecución.
43041805,2026-04-12,5,22,4,9,30,Mantener la técnica durante todo el ejercicio.
43041805,2026-04-12,6,45,5,13,30,Mantener la técnica durante todo el ejercicio.
43041805,2026-04-12,7,48,5,8,120,Evitar impulsos.
43041805,2026-04-12,8,27,5,14,45,Aumentar el peso si completa todas las series.
43041805,2026-04-12,9,36,3,9,90,Reducir el peso si pierde la técnica.
43041805,2026-05-06,1,21,5,10,120,Controlar la velocidad de ejecución.
43041805,2026-05-06,2,33,3,10,30,Controlar la velocidad de ejecución.
43041805,2026-05-06,3,4,3,15,90,
43041805,2026-05-06,4,35,3,9,60,
43041805,2026-05-06,5,45,3,11,90,Controlar la velocidad de ejecución.
43041805,2026-05-06,6,22,4,11,120,Realizar el movimiento completo.
43041805,2026-05-06,7,13,5,14,60,Aumentar el peso si completa todas las series.
43041805,2026-05-06,8,52,4,14,120,
43041805,2026-05-06,9,47,5,12,90,
48317455,2026-01-19,1,39,3,9,60,
48317455,2026-01-19,2,3,5,15,45,
48317455,2026-01-19,3,28,3,9,30,
48317455,2026-01-19,4,53,5,13,60,Realizar el movimiento completo.
48317455,2026-01-19,5,5,5,9,60,
48317455,2026-01-19,6,11,5,11,60,
48317455,2026-01-19,7,10,3,13,45,Mantener la técnica durante todo el ejercicio.
48317455,2026-01-19,8,13,5,14,120,Mantener la técnica durante todo el ejercicio.
48317455,2026-01-19,9,47,5,9,30,
48317455,2026-01-19,10,51,4,9,90,
48317455,2026-02-25,1,27,3,10,45,Evitar impulsos.
48317455,2026-02-25,2,7,3,12,30,Reducir el peso si pierde la técnica.
48317455,2026-02-25,3,1,5,14,120,Controlar la velocidad de ejecución.
48317455,2026-02-25,4,19,3,14,60,Controlar la velocidad de ejecución.
48317455,2026-02-25,5,21,5,8,90,
48317455,2026-02-25,6,25,5,15,45,Aumentar el peso si completa todas las series.
48317455,2026-02-25,7,36,3,8,45,Aumentar el peso si completa todas las series.
48317455,2026-02-25,8,31,4,14,60,Controlar la velocidad de ejecución.
48317455,2026-02-25,9,29,5,10,60,Mantener la técnica durante todo el ejercicio.
48317455,2026-02-25,10,20,5,8,120,
48317455,2026-07-20,1,54,4,13,30,Realizar el movimiento completo.
48317455,2026-07-20,2,15,3,10,60,Aumentar el peso si completa todas las series.
48317455,2026-07-20,3,31,5,13,30,
48317455,2026-07-20,4,52,5,14,60,
48317455,2026-07-20,5,48,4,9,90,Evitar impulsos.
48317455,2026-07-20,6,18,5,9,90,
31832850,2026-07-29,1,44,4,12,60,Mantener la técnica durante todo el ejercicio.
31832850,2026-07-29,2,53,5,9,90,Mantener la técnica durante todo el ejercicio.
31832850,2026-07-29,3,18,5,12,30,
31832850,2026-07-29,4,14,4,9,45,
31832850,2026-07-29,5,46,3,10,120,Evitar impulsos.
31832850,2026-07-29,6,28,4,12,30,Evitar impulsos.
31832850,2026-07-29,7,29,4,10,60,
31832850,2026-07-29,8,7,5,10,60,
31832850,2026-07-29,9,6,3,14,90,Realizar el movimiento completo.
31832850,2026-07-29,10,13,5,10,60,Controlar la velocidad de ejecución.
31832850,2026-07-09,1,16,3,9,90,Evitar impulsos.
31832850,2026-07-09,2,26,4,11,90,
31832850,2026-07-09,3,51,5,10,120,Evitar impulsos.
31832850,2026-07-09,4,5,3,14,90,Reducir el peso si pierde la técnica.
31832850,2026-07-09,5,30,5,12,45,
31832850,2026-07-09,6,36,5,12,60,Controlar la velocidad de ejecución.
31832850,2026-07-09,7,28,4,14,30,Evitar impulsos.
31832850,2026-07-09,8,48,5,14,45,Realizar el movimiento completo.
31832850,2026-07-26,1,36,3,15,90,Aumentar el peso si completa todas las series.
31832850,2026-07-26,2,8,4,12,120,Realizar el movimiento completo.
31832850,2026-07-26,3,49,5,8,30,Reducir el peso si pierde la técnica.
31832850,2026-07-26,4,30,3,14,30,Realizar el movimiento completo.
31832850,2026-07-26,5,10,3,9,120,
31832850,2026-07-26,6,55,3,15,45,
31832850,2026-07-26,7,33,3,14,60,Controlar la velocidad de ejecución.
33259339,2026-07-29,1,12,4,14,120,Reducir el peso si pierde la técnica.
33259339,2026-07-29,2,32,5,12,30,
33259339,2026-07-29,3,47,3,14,60,
33259339,2026-07-29,4,51,4,13,90,Evitar impulsos.
33259339,2026-07-29,5,33,5,14,120,Reducir el peso si pierde la técnica.
33259339,2026-07-29,6,17,5,15,45,Aumentar el peso si completa todas las series.
33259339,2026-07-29,7,37,5,12,90,Reducir el peso si pierde la técnica.
33259339,2026-07-29,8,10,4,11,120,
33259339,2026-07-29,9,30,3,9,30,
33302479,2026-07-27,1,18,3,8,90,Aumentar el peso si completa todas las series.
33302479,2026-07-27,2,5,3,13,90,Mantener la técnica durante todo el ejercicio.
33302479,2026-07-27,3,10,4,12,120,
33302479,2026-07-27,4,14,4,12,60,
33302479,2026-07-27,5,27,3,9,120,Reducir el peso si pierde la técnica.
33302479,2026-07-27,6,28,4,12,60,Reducir el peso si pierde la técnica.
33302479,2026-07-27,7,38,4,14,60,Aumentar el peso si completa todas las series.
33302479,2026-07-27,8,33,4,15,90,Aumentar el peso si completa todas las series.
33302479,2026-07-27,9,9,4,13,60,Aumentar el peso si completa todas las series.
33302479,2026-07-27,10,55,4,10,60,
41747096,2026-08-03,1,28,4,10,90,
41747096,2026-08-03,2,40,5,11,60,Reducir el peso si pierde la técnica.
41747096,2026-08-03,3,44,4,10,120,
41747096,2026-08-03,4,25,3,14,60,
41747096,2026-08-03,5,11,4,9,60,Controlar la velocidad de ejecución.
41747096,2026-08-03,6,45,4,15,60,Evitar impulsos.
41747096,2026-08-03,7,18,3,10,45,Controlar la velocidad de ejecución.
41747096,2026-08-03,8,43,4,13,60,Evitar impulsos.
41747096,2026-08-03,9,31,5,13,45,Evitar impulsos.
41747096,2026-02-23,1,26,4,8,30,
41747096,2026-02-23,2,20,4,14,30,Controlar la velocidad de ejecución.
41747096,2026-02-23,3,3,3,11,90,
41747096,2026-02-23,4,21,4,15,45,Mantener la técnica durante todo el ejercicio.
41747096,2026-02-23,5,30,4,12,45,
41747096,2026-02-23,6,24,5,8,120,
41747096,2026-02-23,7,40,4,13,30,
41747096,2026-02-23,8,41,4,9,45,
41747096,2026-02-23,9,10,5,13,30,
41747096,2026-02-23,10,49,5,12,30,
41747096,2026-07-05,1,32,5,11,90,
41747096,2026-07-05,2,22,5,11,30,
41747096,2026-07-05,3,50,5,9,30,Controlar la velocidad de ejecución.
41747096,2026-07-05,4,15,3,15,120,
41747096,2026-07-05,5,39,5,12,120,Aumentar el peso si completa todas las series.
41747096,2026-07-05,6,45,4,12,45,
41747096,2026-07-05,7,6,5,15,45,Mantener la técnica durante todo el ejercicio.
41747096,2026-07-05,8,27,4,8,120,Aumentar el peso si completa todas las series.
41747096,2026-04-12,1,44,3,14,30,Aumentar el peso si completa todas las series.
41747096,2026-04-12,2,9,4,10,120,Reducir el peso si pierde la técnica.
41747096,2026-04-12,3,49,4,15,120,Controlar la velocidad de ejecución.
41747096,2026-04-12,4,12,3,8,120,
41747096,2026-04-12,5,29,5,11,45,Controlar la velocidad de ejecución.
41747096,2026-04-12,6,5,4,13,30,
41747096,2026-04-12,7,4,3,11,30,
41747096,2026-04-12,8,46,4,14,45,Evitar impulsos.
41747096,2026-04-12,9,54,4,15,45,Evitar impulsos.
35453371,2026-01-20,1,23,5,15,45,Reducir el peso si pierde la técnica.
35453371,2026-01-20,2,7,3,14,45,Mantener la técnica durante todo el ejercicio.
35453371,2026-01-20,3,29,5,14,30,Aumentar el peso si completa todas las series.
35453371,2026-01-20,4,6,3,9,60,Aumentar el peso si completa todas las series.
35453371,2026-01-20,5,17,3,11,120,
35453371,2026-01-20,6,10,5,13,120,Evitar impulsos.
35453371,2026-01-20,7,53,3,10,45,
35453371,2026-01-20,8,19,3,12,120,Realizar el movimiento completo.
35453371,2026-07-21,1,35,3,15,30,Aumentar el peso si completa todas las series.
35453371,2026-07-21,2,55,4,12,60,
35453371,2026-07-21,3,53,5,12,30,Aumentar el peso si completa todas las series.
35453371,2026-07-21,4,13,3,11,90,Controlar la velocidad de ejecución.
35453371,2026-07-21,5,9,5,10,30,Evitar impulsos.
35453371,2026-07-21,6,28,5,11,45,Evitar impulsos.
35453371,2026-07-21,7,42,4,14,60,Reducir el peso si pierde la técnica.
35453371,2026-07-21,8,40,3,12,30,Reducir el peso si pierde la técnica.
35453371,2026-07-21,9,25,4,14,60,Reducir el peso si pierde la técnica.
41350266,2026-07-29,1,27,5,8,60,Realizar el movimiento completo.
41350266,2026-07-29,2,37,3,12,120,Reducir el peso si pierde la técnica.
41350266,2026-07-29,3,51,3,15,60,Mantener la técnica durante todo el ejercicio.
41350266,2026-07-29,4,19,5,13,60,Reducir el peso si pierde la técnica.
41350266,2026-07-29,5,22,5,13,30,Controlar la velocidad de ejecución.
41350266,2026-07-29,6,53,4,8,60,Controlar la velocidad de ejecución.
41350266,2026-07-29,7,4,4,12,60,Mantener la técnica durante todo el ejercicio.
41350266,2026-03-11,1,13,4,8,30,
41350266,2026-03-11,2,44,4,12,30,Controlar la velocidad de ejecución.
41350266,2026-03-11,3,16,3,10,90,Controlar la velocidad de ejecución.
41350266,2026-03-11,4,54,3,10,45,
41350266,2026-03-11,5,10,3,11,60,
41350266,2026-03-11,6,5,5,14,90,Evitar impulsos.
41350266,2026-04-08,1,20,4,13,30,Controlar la velocidad de ejecución.
41350266,2026-04-08,2,43,3,12,90,Realizar el movimiento completo.
41350266,2026-04-08,3,38,5,11,120,Mantener la técnica durante todo el ejercicio.
41350266,2026-04-08,4,29,4,14,45,Controlar la velocidad de ejecución.
41350266,2026-04-08,5,45,5,8,120,Reducir el peso si pierde la técnica.
41350266,2026-04-08,6,26,5,13,45,Evitar impulsos.
41350266,2026-04-08,7,33,4,12,30,Controlar la velocidad de ejecución.
41350266,2026-04-08,8,21,5,10,30,
41350266,2026-04-08,9,23,4,8,45,Evitar impulsos.
41350266,2026-07-30,1,37,3,11,45,Controlar la velocidad de ejecución.
41350266,2026-07-30,2,53,5,14,30,Evitar impulsos.
41350266,2026-07-30,3,46,5,15,30,
41350266,2026-07-30,4,27,3,12,30,
41350266,2026-07-30,5,22,5,10,45,Realizar el movimiento completo.
41350266,2026-07-30,6,19,3,13,30,Mantener la técnica durante todo el ejercicio.
41350266,2026-07-30,7,1,4,10,90,Reducir el peso si pierde la técnica.
41350266,2026-07-30,8,11,5,10,30,Realizar el movimiento completo.
41350266,2026-07-30,9,26,5,13,90,
41350266,2026-07-30,10,10,4,14,60,Controlar la velocidad de ejecución.
34403713,2026-01-16,1,43,3,13,60,
34403713,2026-01-16,2,53,5,10,120,
34403713,2026-01-16,3,30,4,9,90,Aumentar el peso si completa todas las series.
34403713,2026-01-16,4,1,4,8,45,Controlar la velocidad de ejecución.
34403713,2026-01-16,5,26,3,14,90,
34403713,2026-01-16,6,33,3,8,30,
34403713,2026-01-16,7,48,4,13,30,Controlar la velocidad de ejecución.
34403713,2026-01-16,8,36,3,13,30,Evitar impulsos.
34403713,2026-01-16,9,34,3,14,120,Reducir el peso si pierde la técnica.
34403713,2026-01-16,10,44,5,15,90,Realizar el movimiento completo.
34403713,2026-05-16,1,29,3,13,30,Realizar el movimiento completo.
34403713,2026-05-16,2,15,5,9,90,Reducir el peso si pierde la técnica.
34403713,2026-05-16,3,55,5,12,45,Reducir el peso si pierde la técnica.
34403713,2026-05-16,4,40,5,11,120,Evitar impulsos.
34403713,2026-05-16,5,35,4,8,45,Aumentar el peso si completa todas las series.
34403713,2026-05-16,6,44,4,14,120,
34403713,2026-05-16,7,4,5,15,60,
34403713,2026-05-16,8,22,3,15,30,Mantener la técnica durante todo el ejercicio.
34403713,2026-05-16,9,27,3,15,60,
34403713,2026-06-07,1,8,5,15,45,Controlar la velocidad de ejecución.
34403713,2026-06-07,2,20,3,15,120,Controlar la velocidad de ejecución.
34403713,2026-06-07,3,23,5,13,120,
34403713,2026-06-07,4,35,4,12,30,Mantener la técnica durante todo el ejercicio.
34403713,2026-06-07,5,25,5,11,45,
34403713,2026-06-07,6,54,4,14,60,
34403713,2026-06-07,7,48,3,8,45,
34403713,2026-06-07,8,28,3,9,45,Aumentar el peso si completa todas las series.
45671152,2026-02-08,1,32,4,8,90,Aumentar el peso si completa todas las series.
45671152,2026-02-08,2,34,3,14,30,Evitar impulsos.
45671152,2026-02-08,3,2,4,12,120,Realizar el movimiento completo.
45671152,2026-02-08,4,33,3,15,120,Controlar la velocidad de ejecución.
45671152,2026-02-08,5,42,4,15,90,Mantener la técnica durante todo el ejercicio.
45671152,2026-02-08,6,55,4,12,30,Controlar la velocidad de ejecución.
45671152,2026-02-08,7,26,4,9,90,Aumentar el peso si completa todas las series.
45671152,2026-04-14,1,25,5,14,45,Realizar el movimiento completo.
45671152,2026-04-14,2,39,3,13,120,Realizar el movimiento completo.
45671152,2026-04-14,3,24,5,13,45,
45671152,2026-04-14,4,28,3,10,120,
45671152,2026-04-14,5,33,5,8,60,Aumentar el peso si completa todas las series.
45671152,2026-04-14,6,17,3,9,30,
45671152,2026-04-14,7,16,4,14,60,Mantener la técnica durante todo el ejercicio.
45671152,2026-04-14,8,37,5,15,90,
45671152,2026-04-14,9,14,5,11,60,
45671152,2026-04-14,10,29,4,11,45,Mantener la técnica durante todo el ejercicio.
45671152,2026-07-28,1,26,4,12,30,
45671152,2026-07-28,2,53,3,15,30,
45671152,2026-07-28,3,14,4,15,30,Mantener la técnica durante todo el ejercicio.
45671152,2026-07-28,4,15,3,8,30,Realizar el movimiento completo.
45671152,2026-07-28,5,7,4,14,120,Realizar el movimiento completo.
45671152,2026-07-28,6,45,3,10,60,
45671152,2026-07-28,7,54,3,8,45,Reducir el peso si pierde la técnica.
45671152,2026-07-28,8,37,5,8,60,Reducir el peso si pierde la técnica.
45671152,2026-07-28,9,49,3,12,120,Reducir el peso si pierde la técnica.
45671152,2026-07-28,10,11,3,13,60,
40497011,2026-01-15,1,45,3,13,60,Evitar impulsos.
40497011,2026-01-15,2,32,3,9,30,Aumentar el peso si completa todas las series.
40497011,2026-01-15,3,28,3,8,30,Realizar el movimiento completo.
40497011,2026-01-15,4,13,4,10,120,Aumentar el peso si completa todas las series.
40497011,2026-01-15,5,39,4,13,45,Controlar la velocidad de ejecución.
40497011,2026-01-15,6,9,5,10,30,Mantener la técnica durante todo el ejercicio.
40497011,2026-01-15,7,34,3,13,45,Controlar la velocidad de ejecución.
39442872,2026-08-01,1,31,5,14,30,
39442872,2026-08-01,2,8,4,8,45,
39442872,2026-08-01,3,4,3,12,45,Reducir el peso si pierde la técnica.
39442872,2026-08-01,4,24,3,12,45,
39442872,2026-08-01,5,19,3,14,120,Aumentar el peso si completa todas las series.
39442872,2026-08-01,6,45,3,10,90,Evitar impulsos.
39442872,2026-08-01,7,15,4,8,45,Evitar impulsos.
39442872,2026-08-01,8,16,4,12,60,
39442872,2026-08-01,9,50,4,9,30,Realizar el movimiento completo.
39442872,2026-07-31,1,20,3,14,90,
39442872,2026-07-31,2,55,5,10,90,
39442872,2026-07-31,3,50,4,8,45,
39442872,2026-07-31,4,33,3,12,30,Controlar la velocidad de ejecución.
39442872,2026-07-31,5,51,3,13,60,Controlar la velocidad de ejecución.
39442872,2026-07-31,6,30,3,14,90,Evitar impulsos.
39442872,2026-07-31,7,27,4,15,120,Reducir el peso si pierde la técnica.
39442872,2026-07-31,8,26,5,9,90,Controlar la velocidad de ejecución.
43146340,2026-07-11,1,50,4,13,30,Mantener la técnica durante todo el ejercicio.
43146340,2026-07-11,2,23,3,10,90,Aumentar el peso si completa todas las series.
43146340,2026-07-11,3,46,5,8,60,Mantener la técnica durante todo el ejercicio.
43146340,2026-07-11,4,38,4,13,120,Realizar el movimiento completo.
43146340,2026-07-11,5,51,4,13,60,Aumentar el peso si completa todas las series.
43146340,2026-07-11,6,27,3,10,45,Mantener la técnica durante todo el ejercicio.
43146340,2026-07-11,7,20,5,11,45,Controlar la velocidad de ejecución.
43146340,2026-07-11,8,17,4,8,120,
43146340,2026-03-20,1,26,5,10,45,Evitar impulsos.
43146340,2026-03-20,2,17,3,9,60,Reducir el peso si pierde la técnica.
43146340,2026-03-20,3,1,5,14,30,Evitar impulsos.
43146340,2026-03-20,4,40,4,12,60,
43146340,2026-03-20,5,45,3,11,45,
43146340,2026-03-20,6,28,3,9,90,Realizar el movimiento completo.
43146340,2026-03-20,7,14,3,11,30,Controlar la velocidad de ejecución.
43790433,2026-04-14,1,29,4,13,45,
43790433,2026-04-14,2,15,4,12,90,Evitar impulsos.
43790433,2026-04-14,3,31,3,15,90,
43790433,2026-04-14,4,14,5,14,90,Reducir el peso si pierde la técnica.
43790433,2026-04-14,5,40,3,8,45,Reducir el peso si pierde la técnica.
43790433,2026-04-14,6,28,3,12,90,Mantener la técnica durante todo el ejercicio.
43790433,2026-07-16,1,50,3,10,30,
43790433,2026-07-16,2,11,5,8,30,Aumentar el peso si completa todas las series.
43790433,2026-07-16,3,34,5,10,60,Evitar impulsos.
43790433,2026-07-16,4,29,5,9,45,Aumentar el peso si completa todas las series.
43790433,2026-07-16,5,14,4,14,30,Mantener la técnica durante todo el ejercicio.
43790433,2026-07-16,6,7,5,15,90,
43790433,2026-07-16,7,8,5,10,45,Aumentar el peso si completa todas las series.
43790433,2026-07-16,8,15,5,8,120,Aumentar el peso si completa todas las series.
43790433,2026-07-16,9,19,3,12,45,Realizar el movimiento completo.
33831536,2026-02-20,1,53,3,11,30,Mantener la técnica durante todo el ejercicio.
33831536,2026-02-20,2,52,4,12,120,Aumentar el peso si completa todas las series.
33831536,2026-02-20,3,31,4,9,45,Controlar la velocidad de ejecución.
33831536,2026-02-20,4,39,3,10,60,Mantener la técnica durante todo el ejercicio.
33831536,2026-02-20,5,36,4,10,45,Evitar impulsos.
33831536,2026-02-20,6,3,3,11,30,
33831536,2026-02-20,7,41,4,13,30,Aumentar el peso si completa todas las series.
48690393,2026-07-29,1,51,5,13,120,Aumentar el peso si completa todas las series.
48690393,2026-07-29,2,37,5,12,60,
48690393,2026-07-29,3,46,5,13,120,Mantener la técnica durante todo el ejercicio.
48690393,2026-07-29,4,9,4,10,30,
48690393,2026-07-29,5,10,4,10,30,Realizar el movimiento completo.
48690393,2026-07-29,6,22,4,10,120,
48690393,2026-07-29,7,2,4,12,30,Mantener la técnica durante todo el ejercicio.
48690393,2026-07-29,8,35,5,11,45,Aumentar el peso si completa todas las series.
45531687,2026-07-28,1,13,3,10,90,
45531687,2026-07-28,2,26,5,8,60,Reducir el peso si pierde la técnica.
45531687,2026-07-28,3,48,5,10,45,
45531687,2026-07-28,4,20,4,15,90,Controlar la velocidad de ejecución.
45531687,2026-07-28,5,23,5,13,120,Aumentar el peso si completa todas las series.
45531687,2026-07-28,6,32,4,10,120,
45531687,2026-07-28,7,22,3,9,45,Reducir el peso si pierde la técnica.
38693174,2026-07-20,1,36,4,9,90,Realizar el movimiento completo.
38693174,2026-07-20,2,46,4,15,45,Realizar el movimiento completo.
38693174,2026-07-20,3,23,3,14,45,
38693174,2026-07-20,4,18,3,8,45,Realizar el movimiento completo.
38693174,2026-07-20,5,25,4,9,30,
38693174,2026-07-20,6,38,5,15,90,
38693174,2026-07-19,1,2,4,12,120,Aumentar el peso si completa todas las series.
38693174,2026-07-19,2,20,5,13,30,
38693174,2026-07-19,3,19,5,9,30,
38693174,2026-07-19,4,3,3,10,60,Evitar impulsos.
38693174,2026-07-19,5,18,5,13,60,Realizar el movimiento completo.
38693174,2026-07-19,6,22,3,8,120,Aumentar el peso si completa todas las series.
38693174,2026-06-01,1,55,3,15,90,Realizar el movimiento completo.
38693174,2026-06-01,2,19,3,9,45,
38693174,2026-06-01,3,8,3,10,90,
38693174,2026-06-01,4,21,5,10,30,Controlar la velocidad de ejecución.
38693174,2026-06-01,5,38,5,15,60,Reducir el peso si pierde la técnica.
38693174,2026-06-01,6,25,5,13,30,Mantener la técnica durante todo el ejercicio.
38693174,2026-06-01,7,1,5,14,45,Reducir el peso si pierde la técnica.
38693174,2026-06-01,8,49,4,8,90,Realizar el movimiento completo.
38693174,2026-06-01,9,3,4,8,120,Aumentar el peso si completa todas las series.
38693174,2026-08-04,1,34,5,13,45,Controlar la velocidad de ejecución.
38693174,2026-08-04,2,38,4,13,60,
38693174,2026-08-04,3,31,3,11,120,Controlar la velocidad de ejecución.
38693174,2026-08-04,4,45,3,9,45,Reducir el peso si pierde la técnica.
38693174,2026-08-04,5,12,4,8,90,Evitar impulsos.
38693174,2026-08-04,6,36,4,8,30,Evitar impulsos.
38693174,2026-08-04,7,20,5,13,120,Aumentar el peso si completa todas las series.
38693174,2026-08-04,8,42,3,12,120,Mantener la técnica durante todo el ejercicio.
38693174,2026-08-04,9,44,3,12,60,Realizar el movimiento completo.
38693174,2026-08-04,10,48,4,12,120,Realizar el movimiento completo.
43365243,2026-07-23,1,15,3,14,60,Mantener la técnica durante todo el ejercicio.
43365243,2026-07-23,2,34,3,11,60,
43365243,2026-07-23,3,32,5,10,60,Aumentar el peso si completa todas las series.
43365243,2026-07-23,4,27,4,14,90,Realizar el movimiento completo.
43365243,2026-07-23,5,43,4,15,60,
43365243,2026-07-23,6,10,4,14,30,Realizar el movimiento completo.
43365243,2026-07-23,7,45,3,15,45,Reducir el peso si pierde la técnica.
43365243,2026-07-23,8,29,3,12,90,
43365243,2026-07-23,9,7,3,15,30,
47355282,2026-06-10,1,11,3,13,90,Controlar la velocidad de ejecución.
47355282,2026-06-10,2,9,5,14,45,
47355282,2026-06-10,3,34,3,9,45,Aumentar el peso si completa todas las series.
47355282,2026-06-10,4,19,4,15,30,Realizar el movimiento completo.
47355282,2026-06-10,5,24,4,12,60,Reducir el peso si pierde la técnica.
47355282,2026-06-10,6,40,3,10,90,Controlar la velocidad de ejecución.
47355282,2026-06-10,7,14,4,15,45,
47355282,2026-06-10,8,22,4,15,45,Evitar impulsos.
47355282,2026-06-10,9,51,5,11,90,Mantener la técnica durante todo el ejercicio.
47355282,2026-06-10,10,54,4,12,45,Reducir el peso si pierde la técnica.
43621615,2025-12-02,1,40,4,11,60,Mantener la técnica durante todo el ejercicio.
43621615,2025-12-02,2,21,3,15,45,Controlar la velocidad de ejecución.
43621615,2025-12-02,3,12,5,12,120,
43621615,2025-12-02,4,26,5,14,30,Reducir el peso si pierde la técnica.
43621615,2025-12-02,5,11,5,9,120,Reducir el peso si pierde la técnica.
43621615,2025-12-02,6,30,3,15,60,Mantener la técnica durante todo el ejercicio.
43621615,2025-12-02,7,16,5,12,30,Evitar impulsos.
30907914,2026-02-21,1,12,3,14,90,Realizar el movimiento completo.
30907914,2026-02-21,2,55,3,8,60,
30907914,2026-02-21,3,14,5,9,60,Mantener la técnica durante todo el ejercicio.
30907914,2026-02-21,4,53,5,10,45,Controlar la velocidad de ejecución.
30907914,2026-02-21,5,42,3,14,30,Reducir el peso si pierde la técnica.
30907914,2026-02-21,6,4,5,11,90,Aumentar el peso si completa todas las series.
30907914,2026-02-21,7,30,5,13,90,Aumentar el peso si completa todas las series.
30907914,2026-02-21,8,44,5,9,90,
30907914,2026-02-21,9,50,5,11,90,
30907914,2026-02-21,10,54,3,15,120,
46529533,2026-07-13,1,5,3,8,90,Aumentar el peso si completa todas las series.
46529533,2026-07-13,2,34,4,9,30,Evitar impulsos.
46529533,2026-07-13,3,40,3,13,120,
46529533,2026-07-13,4,32,5,10,45,Aumentar el peso si completa todas las series.
46529533,2026-07-13,5,27,4,11,120,Evitar impulsos.
46529533,2026-07-13,6,20,4,8,90,Aumentar el peso si completa todas las series.
46529533,2026-07-13,7,39,3,9,45,Aumentar el peso si completa todas las series.
46529533,2026-07-13,8,54,3,13,60,Reducir el peso si pierde la técnica.
46529533,2026-07-13,9,30,3,11,120,Mantener la técnica durante todo el ejercicio.
46529533,2026-07-13,10,9,4,14,90,Controlar la velocidad de ejecución.
46529533,2026-08-07,1,47,4,12,120,
46529533,2026-08-07,2,48,3,10,60,
46529533,2026-08-07,3,44,4,15,30,Mantener la técnica durante todo el ejercicio.
46529533,2026-08-07,4,27,4,8,90,
46529533,2026-08-07,5,30,5,11,45,Controlar la velocidad de ejecución.
46529533,2026-08-07,6,36,5,13,45,
46529533,2026-08-07,7,31,4,10,120,
46529533,2026-08-07,8,14,5,11,30,
46529533,2026-08-07,9,23,4,10,60,Reducir el peso si pierde la técnica.
46529533,2026-08-07,10,17,3,14,30,Reducir el peso si pierde la técnica.
48184474,2026-07-16,1,25,3,9,30,
48184474,2026-07-16,2,48,5,11,90,Aumentar el peso si completa todas las series.
48184474,2026-07-16,3,55,4,11,120,
48184474,2026-07-16,4,24,5,14,90,Controlar la velocidad de ejecución.
48184474,2026-07-16,5,26,3,10,120,Realizar el movimiento completo.
48184474,2026-07-16,6,5,5,12,60,Evitar impulsos.
48184474,2026-07-16,7,34,4,9,60,Controlar la velocidad de ejecución.
48184474,2026-07-16,8,29,4,10,90,
48184474,2026-07-16,9,9,4,12,90,
48184474,2026-07-16,10,41,5,9,90,
48184474,2026-03-18,1,35,5,15,45,Evitar impulsos.
48184474,2026-03-18,2,48,3,12,90,Realizar el movimiento completo.
48184474,2026-03-18,3,5,5,9,90,Controlar la velocidad de ejecución.
48184474,2026-03-18,4,37,5,8,90,
48184474,2026-03-18,5,16,5,9,90,
48184474,2026-03-18,6,26,5,12,30,Controlar la velocidad de ejecución.
30652764,2026-07-09,1,29,4,9,30,Realizar el movimiento completo.
30652764,2026-07-09,2,7,3,15,60,
30652764,2026-07-09,3,2,3,8,60,Aumentar el peso si completa todas las series.
30652764,2026-07-09,4,6,5,15,45,Mantener la técnica durante todo el ejercicio.
30652764,2026-07-09,5,23,4,9,60,Reducir el peso si pierde la técnica.
30652764,2026-07-09,6,26,3,13,60,Reducir el peso si pierde la técnica.
30652764,2026-07-09,7,53,3,14,60,
35648176,2026-07-24,1,31,3,14,60,Evitar impulsos.
35648176,2026-07-24,2,45,5,11,45,Controlar la velocidad de ejecución.
35648176,2026-07-24,3,25,5,9,60,
35648176,2026-07-24,4,50,3,8,90,Reducir el peso si pierde la técnica.
35648176,2026-07-24,5,36,5,14,45,
35648176,2026-07-24,6,39,5,9,30,
35648176,2026-07-24,7,22,4,10,60,Mantener la técnica durante todo el ejercicio.
35648176,2026-07-24,8,19,3,13,30,
35648176,2026-07-24,9,35,4,14,45,
35648176,2026-02-11,1,17,3,11,30,
35648176,2026-02-11,2,19,5,9,120,Controlar la velocidad de ejecución.
35648176,2026-02-11,3,31,4,14,30,Controlar la velocidad de ejecución.
35648176,2026-02-11,4,53,5,15,45,Mantener la técnica durante todo el ejercicio.
35648176,2026-02-11,5,24,5,10,90,Aumentar el peso si completa todas las series.
35648176,2026-02-11,6,8,4,9,60,Realizar el movimiento completo.
35648176,2026-02-11,7,41,5,13,45,
32080077,2026-07-22,1,38,4,14,90,Evitar impulsos.
32080077,2026-07-22,2,32,4,11,60,Controlar la velocidad de ejecución.
32080077,2026-07-22,3,33,3,13,90,Mantener la técnica durante todo el ejercicio.
32080077,2026-07-22,4,26,5,15,120,
32080077,2026-07-22,5,48,5,11,90,Mantener la técnica durante todo el ejercicio.
32080077,2026-07-22,6,19,3,11,60,Controlar la velocidad de ejecución.
32080077,2026-07-22,7,41,3,10,90,Realizar el movimiento completo.
32080077,2026-07-22,8,18,3,14,45,Aumentar el peso si completa todas las series.
32080077,2026-08-02,1,11,3,13,45,
32080077,2026-08-02,2,31,5,12,120,
32080077,2026-08-02,3,40,5,14,30,Realizar el movimiento completo.
32080077,2026-08-02,4,30,3,10,30,Reducir el peso si pierde la técnica.
32080077,2026-08-02,5,24,3,9,60,Evitar impulsos.
32080077,2026-08-02,6,1,3,12,90,Controlar la velocidad de ejecución.
32080077,2026-08-02,7,28,3,12,60,
32080077,2026-08-06,1,20,5,13,60,Aumentar el peso si completa todas las series.
32080077,2026-08-06,2,33,4,15,120,
32080077,2026-08-06,3,52,5,9,45,
32080077,2026-08-06,4,43,5,9,45,Mantener la técnica durante todo el ejercicio.
32080077,2026-08-06,5,22,4,8,120,Evitar impulsos.
32080077,2026-08-06,6,21,4,10,90,
32080077,2026-08-06,7,6,5,13,120,
32080077,2026-08-06,8,3,5,11,30,Reducir el peso si pierde la técnica.
32080077,2026-08-06,9,2,3,12,120,Evitar impulsos.
46800262,2026-01-24,1,49,4,12,30,Controlar la velocidad de ejecución.
46800262,2026-01-24,2,53,3,9,45,Realizar el movimiento completo.
46800262,2026-01-24,3,52,5,8,90,Realizar el movimiento completo.
46800262,2026-01-24,4,2,3,9,120,
46800262,2026-01-24,5,42,3,11,45,
46800262,2026-01-24,6,20,5,10,45,Aumentar el peso si completa todas las series.
46800262,2026-01-24,7,21,5,14,45,
46800262,2026-07-23,1,11,3,9,60,Reducir el peso si pierde la técnica.
46800262,2026-07-23,2,27,3,11,45,
46800262,2026-07-23,3,14,4,10,45,Reducir el peso si pierde la técnica.
46800262,2026-07-23,4,5,3,14,120,Aumentar el peso si completa todas las series.
46800262,2026-07-23,5,15,5,9,30,Evitar impulsos.
46800262,2026-07-23,6,33,3,10,45,Evitar impulsos.
46800262,2026-07-07,1,41,5,9,90,
46800262,2026-07-07,2,48,5,12,30,
46800262,2026-07-07,3,44,4,8,60,Mantener la técnica durante todo el ejercicio.
46800262,2026-07-07,4,29,4,12,90,Aumentar el peso si completa todas las series.
46800262,2026-07-07,5,7,4,10,30,Realizar el movimiento completo.
46800262,2026-07-07,6,5,3,10,30,Reducir el peso si pierde la técnica.
46800262,2026-07-07,7,46,5,9,45,Mantener la técnica durante todo el ejercicio.
46800262,2026-07-07,8,14,5,9,120,Reducir el peso si pierde la técnica.
46800262,2026-07-07,9,28,5,15,45,Controlar la velocidad de ejecución.
46800262,2026-07-31,1,13,3,14,90,Aumentar el peso si completa todas las series.
46800262,2026-07-31,2,32,5,9,90,
46800262,2026-07-31,3,16,4,14,30,Reducir el peso si pierde la técnica.
46800262,2026-07-31,4,15,3,15,60,
46800262,2026-07-31,5,11,3,14,120,Reducir el peso si pierde la técnica.
46800262,2026-07-31,6,55,4,15,45,Aumentar el peso si completa todas las series.
45386259,2026-07-15,1,37,3,13,120,Realizar el movimiento completo.
45386259,2026-07-15,2,10,5,15,120,
45386259,2026-07-15,3,52,4,8,120,
45386259,2026-07-15,4,20,4,14,90,Realizar el movimiento completo.
45386259,2026-07-15,5,43,4,9,30,Controlar la velocidad de ejecución.
45386259,2026-07-15,6,3,3,10,30,Mantener la técnica durante todo el ejercicio.
45386259,2026-07-15,7,32,5,14,90,Evitar impulsos.
37537382,2026-02-11,1,11,5,8,120,Mantener la técnica durante todo el ejercicio.
37537382,2026-02-11,2,34,4,12,90,Mantener la técnica durante todo el ejercicio.
37537382,2026-02-11,3,30,3,9,60,Controlar la velocidad de ejecución.
37537382,2026-02-11,4,19,3,11,90,
37537382,2026-02-11,5,17,3,9,60,Aumentar el peso si completa todas las series.
37537382,2026-02-11,6,27,4,11,60,Controlar la velocidad de ejecución.
37537382,2026-02-11,7,47,3,15,60,Aumentar el peso si completa todas las series.
37537382,2026-02-11,8,1,5,13,60,
37537382,2026-02-11,9,10,5,10,90,Evitar impulsos.
37537382,2026-08-05,1,33,3,10,30,Realizar el movimiento completo.
37537382,2026-08-05,2,52,3,10,60,Reducir el peso si pierde la técnica.
37537382,2026-08-05,3,17,4,15,45,Realizar el movimiento completo.
37537382,2026-08-05,4,34,3,9,60,
37537382,2026-08-05,5,11,5,10,60,
37537382,2026-08-05,6,8,3,8,30,
36703108,2026-03-29,1,36,4,9,90,Reducir el peso si pierde la técnica.
36703108,2026-03-29,2,27,3,14,45,Evitar impulsos.
36703108,2026-03-29,3,48,4,15,60,Mantener la técnica durante todo el ejercicio.
36703108,2026-03-29,4,45,5,13,90,
36703108,2026-03-29,5,29,5,15,30,
36703108,2026-03-29,6,46,3,13,45,Controlar la velocidad de ejecución.
36703108,2026-03-29,7,50,5,12,120,
36703108,2026-03-29,8,52,5,8,120,
36703108,2026-03-29,9,54,3,12,90,
38617107,2025-12-12,1,34,5,9,90,
38617107,2025-12-12,2,10,4,10,90,Aumentar el peso si completa todas las series.
38617107,2025-12-12,3,36,4,14,30,Aumentar el peso si completa todas las series.
38617107,2025-12-12,4,14,4,9,60,Mantener la técnica durante todo el ejercicio.
38617107,2025-12-12,5,53,3,8,120,Reducir el peso si pierde la técnica.
38617107,2025-12-12,6,11,3,13,90,
38617107,2025-12-12,7,18,5,13,30,Realizar el movimiento completo.
38617107,2025-12-12,8,23,5,13,120,
38617107,2025-12-12,9,54,4,13,120,Controlar la velocidad de ejecución.
38617107,2026-08-05,1,32,5,10,60,Controlar la velocidad de ejecución.
38617107,2026-08-05,2,16,3,14,90,Controlar la velocidad de ejecución.
38617107,2026-08-05,3,53,5,13,90,Reducir el peso si pierde la técnica.
38617107,2026-08-05,4,14,3,15,60,Reducir el peso si pierde la técnica.
38617107,2026-08-05,5,38,3,15,45,Aumentar el peso si completa todas las series.
38617107,2026-08-05,6,28,5,8,60,
38617107,2026-08-05,7,2,3,12,90,Aumentar el peso si completa todas las series.
38617107,2026-08-05,8,37,5,10,120,
38617107,2026-08-05,9,25,3,8,60,Realizar el movimiento completo.
34624492,2026-07-26,1,48,4,13,45,Evitar impulsos.
34624492,2026-07-26,2,12,3,10,45,
34624492,2026-07-26,3,13,5,11,120,
34624492,2026-07-26,4,8,4,9,30,
34624492,2026-07-26,5,25,5,14,120,
34624492,2026-07-26,6,38,4,14,60,Mantener la técnica durante todo el ejercicio.
34624492,2026-07-26,7,16,5,10,60,Aumentar el peso si completa todas las series.
34624492,2026-07-26,8,44,4,10,90,Mantener la técnica durante todo el ejercicio.
34624492,2026-07-26,9,36,4,11,90,
34624492,2026-07-26,10,34,3,13,30,
34624492,2026-07-18,1,23,4,10,90,
34624492,2026-07-18,2,19,4,15,90,Evitar impulsos.
34624492,2026-07-18,3,46,4,12,90,Controlar la velocidad de ejecución.
34624492,2026-07-18,4,42,4,14,60,
34624492,2026-07-18,5,20,3,8,120,
34624492,2026-07-18,6,28,3,11,60,Mantener la técnica durante todo el ejercicio.
35091662,2026-01-20,1,14,3,15,45,Mantener la técnica durante todo el ejercicio.
35091662,2026-01-20,2,53,4,14,120,Reducir el peso si pierde la técnica.
35091662,2026-01-20,3,28,4,10,30,
35091662,2026-01-20,4,3,4,15,45,Realizar el movimiento completo.
35091662,2026-01-20,5,18,5,9,90,Controlar la velocidad de ejecución.
35091662,2026-01-20,6,38,3,14,90,Aumentar el peso si completa todas las series.
35091662,2026-01-20,7,34,5,9,45,
35091662,2026-01-20,8,22,4,11,45,Evitar impulsos.
35091662,2026-07-11,1,24,5,14,60,Aumentar el peso si completa todas las series.
35091662,2026-07-11,2,33,3,12,45,
35091662,2026-07-11,3,55,5,15,60,Realizar el movimiento completo.
35091662,2026-07-11,4,44,4,14,45,Aumentar el peso si completa todas las series.
35091662,2026-07-11,5,47,4,10,30,
35091662,2026-07-11,6,30,5,10,45,Realizar el movimiento completo.
38945107,2026-02-02,1,19,3,12,90,Reducir el peso si pierde la técnica.
38945107,2026-02-02,2,51,4,14,90,Reducir el peso si pierde la técnica.
38945107,2026-02-02,3,50,3,11,120,
38945107,2026-02-02,4,14,3,9,120,Reducir el peso si pierde la técnica.
38945107,2026-02-02,5,2,5,11,90,Controlar la velocidad de ejecución.
38945107,2026-02-02,6,55,3,15,120,
38945107,2026-02-02,7,40,3,12,90,Realizar el movimiento completo.
38945107,2026-02-02,8,21,3,11,30,Mantener la técnica durante todo el ejercicio.
38945107,2026-07-27,1,34,5,14,45,Reducir el peso si pierde la técnica.
38945107,2026-07-27,2,5,4,8,120,Realizar el movimiento completo.
38945107,2026-07-27,3,2,4,10,120,Aumentar el peso si completa todas las series.
38945107,2026-07-27,4,29,5,8,90,Reducir el peso si pierde la técnica.
38945107,2026-07-27,5,48,4,8,90,Controlar la velocidad de ejecución.
38945107,2026-07-27,6,53,3,12,45,
38945107,2026-07-27,7,30,5,14,60,
38945107,2026-07-27,8,52,4,9,60,Realizar el movimiento completo.
38945107,2026-07-27,9,45,5,8,60,
38945107,2026-07-27,10,15,4,12,120,Mantener la técnica durante todo el ejercicio.
38945107,2026-05-27,1,9,3,11,45,
38945107,2026-05-27,2,20,5,10,60,Aumentar el peso si completa todas las series.
38945107,2026-05-27,3,21,4,12,30,Reducir el peso si pierde la técnica.
38945107,2026-05-27,4,24,4,8,90,Aumentar el peso si completa todas las series.
38945107,2026-05-27,5,7,5,8,120,Realizar el movimiento completo.
38945107,2026-05-27,6,51,5,14,45,Aumentar el peso si completa todas las series.
37894230,2026-03-17,1,22,3,10,30,
37894230,2026-03-17,2,42,4,11,90,Aumentar el peso si completa todas las series.
37894230,2026-03-17,3,2,3,14,60,Reducir el peso si pierde la técnica.
37894230,2026-03-17,4,55,4,15,90,Reducir el peso si pierde la técnica.
37894230,2026-03-17,5,4,5,14,60,Aumentar el peso si completa todas las series.
37894230,2026-03-17,6,40,3,8,60,
37894230,2026-07-17,1,28,3,14,120,Reducir el peso si pierde la técnica.
37894230,2026-07-17,2,15,5,15,30,Mantener la técnica durante todo el ejercicio.
37894230,2026-07-17,3,34,4,9,30,Aumentar el peso si completa todas las series.
37894230,2026-07-17,4,17,5,14,90,
37894230,2026-07-17,5,47,4,12,45,Controlar la velocidad de ejecución.
37894230,2026-07-17,6,53,5,13,45,Evitar impulsos.
37894230,2026-07-17,7,42,4,10,120,Realizar el movimiento completo.
37894230,2026-07-17,8,26,5,12,45,
37894230,2026-07-17,9,36,3,9,90,Evitar impulsos.
37894230,2026-07-17,10,2,5,8,30,Aumentar el peso si completa todas las series.
37894230,2026-05-16,1,22,4,15,30,Aumentar el peso si completa todas las series.
37894230,2026-05-16,2,44,5,8,90,Realizar el movimiento completo.
37894230,2026-05-16,3,51,4,15,30,
37894230,2026-05-16,4,19,3,10,120,Aumentar el peso si completa todas las series.
37894230,2026-05-16,5,28,5,15,90,Controlar la velocidad de ejecución.
37894230,2026-05-16,6,47,3,8,30,Aumentar el peso si completa todas las series.
37894230,2026-05-16,7,27,3,12,60,Reducir el peso si pierde la técnica.
37894230,2026-05-16,8,45,5,11,45,
32002430,2026-07-13,1,8,5,11,60,Controlar la velocidad de ejecución.
32002430,2026-07-13,2,39,3,14,30,Evitar impulsos.
32002430,2026-07-13,3,53,4,14,60,
32002430,2026-07-13,4,43,4,15,30,Controlar la velocidad de ejecución.
32002430,2026-07-13,5,30,3,11,30,Controlar la velocidad de ejecución.
32002430,2026-07-13,6,46,5,10,30,
32002430,2026-07-13,7,32,5,12,45,Realizar el movimiento completo.
38613614,2026-02-08,1,11,3,9,60,Realizar el movimiento completo.
38613614,2026-02-08,2,48,5,14,45,Realizar el movimiento completo.
38613614,2026-02-08,3,21,5,11,60,
38613614,2026-02-08,4,20,5,12,30,
38613614,2026-02-08,5,19,3,15,60,Aumentar el peso si completa todas las series.
38613614,2026-02-08,6,29,5,9,45,Controlar la velocidad de ejecución.
38613614,2026-02-08,7,51,3,14,30,
38613614,2026-02-08,8,41,4,8,45,Aumentar el peso si completa todas las series.
38613614,2026-02-08,9,36,4,11,120,
38613614,2026-07-28,1,6,5,9,45,Mantener la técnica durante todo el ejercicio.
38613614,2026-07-28,2,41,3,15,60,
38613614,2026-07-28,3,28,4,11,30,Realizar el movimiento completo.
38613614,2026-07-28,4,40,3,13,60,Mantener la técnica durante todo el ejercicio.
38613614,2026-07-28,5,4,4,13,120,Reducir el peso si pierde la técnica.
38613614,2026-07-28,6,5,3,13,90,Mantener la técnica durante todo el ejercicio.
38613614,2026-07-28,7,13,3,11,30,Mantener la técnica durante todo el ejercicio.
35486313,2026-01-16,1,41,4,10,45,Evitar impulsos.
35486313,2026-01-16,2,8,3,12,60,
35486313,2026-01-16,3,51,5,11,30,Realizar el movimiento completo.
35486313,2026-01-16,4,27,5,15,120,Realizar el movimiento completo.
35486313,2026-01-16,5,32,5,14,45,
35486313,2026-01-16,6,18,4,15,45,Evitar impulsos.
35486313,2026-01-16,7,22,5,14,30,
35486313,2026-01-16,8,3,3,12,120,
35486313,2026-01-16,9,29,4,9,90,Evitar impulsos.
35486313,2026-02-04,1,15,5,14,45,Controlar la velocidad de ejecución.
35486313,2026-02-04,2,24,5,9,45,
35486313,2026-02-04,3,6,4,15,60,Controlar la velocidad de ejecución.
35486313,2026-02-04,4,32,4,11,60,
35486313,2026-02-04,5,49,5,13,90,Evitar impulsos.
35486313,2026-02-04,6,47,4,11,60,Realizar el movimiento completo.
35486313,2026-02-04,7,54,4,8,45,Aumentar el peso si completa todas las series.
35486313,2026-02-04,8,7,4,8,120,Aumentar el peso si completa todas las series.
35486313,2026-02-04,9,53,3,14,60,Mantener la técnica durante todo el ejercicio.
35486313,2026-02-04,10,20,3,14,45,Controlar la velocidad de ejecución.
35486313,2026-03-14,1,17,5,12,60,Reducir el peso si pierde la técnica.
35486313,2026-03-14,2,5,4,9,90,Mantener la técnica durante todo el ejercicio.
35486313,2026-03-14,3,23,5,13,90,Evitar impulsos.
35486313,2026-03-14,4,21,3,8,45,Controlar la velocidad de ejecución.
35486313,2026-03-14,5,36,4,15,60,Controlar la velocidad de ejecución.
35486313,2026-03-14,6,47,3,9,90,
35486313,2026-03-14,7,44,3,9,30,Reducir el peso si pierde la técnica.
35486313,2026-03-14,8,31,4,8,30,
35486313,2026-03-14,9,24,3,10,45,Aumentar el peso si completa todas las series.
35486313,2026-04-06,1,17,3,13,30,
35486313,2026-04-06,2,41,3,14,60,Realizar el movimiento completo.
35486313,2026-04-06,3,32,5,12,120,Reducir el peso si pierde la técnica.
35486313,2026-04-06,4,34,3,8,90,
35486313,2026-04-06,5,33,4,12,30,Realizar el movimiento completo.
35486313,2026-04-06,6,21,4,13,30,
35486313,2026-04-06,7,12,3,14,120,Evitar impulsos.
35486313,2026-04-06,8,27,3,11,120,Controlar la velocidad de ejecución.
35486313,2026-04-06,9,11,4,10,60,
35486313,2026-04-06,10,3,3,11,90,Mantener la técnica durante todo el ejercicio.
48433018,2026-01-25,1,19,5,10,120,Controlar la velocidad de ejecución.
48433018,2026-01-25,2,43,3,9,90,Realizar el movimiento completo.
48433018,2026-01-25,3,21,4,11,30,Mantener la técnica durante todo el ejercicio.
48433018,2026-01-25,4,6,3,13,60,Aumentar el peso si completa todas las series.
48433018,2026-01-25,5,53,3,13,90,
48433018,2026-01-25,6,14,5,10,60,Mantener la técnica durante todo el ejercicio.
48433018,2026-03-03,1,18,4,12,60,
48433018,2026-03-03,2,42,5,10,90,Realizar el movimiento completo.
48433018,2026-03-03,3,13,5,15,60,Realizar el movimiento completo.
48433018,2026-03-03,4,36,4,10,45,
48433018,2026-03-03,5,47,3,15,45,
48433018,2026-03-03,6,55,4,13,45,Evitar impulsos.
48433018,2026-03-03,7,10,3,15,30,Aumentar el peso si completa todas las series.
48433018,2026-03-03,8,53,4,12,30,Evitar impulsos.
48433018,2026-03-03,9,54,4,12,60,Controlar la velocidad de ejecución.
48433018,2026-03-03,10,41,3,12,120,Controlar la velocidad de ejecución.
48433018,2026-07-29,1,41,3,8,45,Realizar el movimiento completo.
48433018,2026-07-29,2,37,5,10,30,Controlar la velocidad de ejecución.
48433018,2026-07-29,3,49,4,10,45,
48433018,2026-07-29,4,2,3,8,90,Mantener la técnica durante todo el ejercicio.
48433018,2026-07-29,5,38,3,9,90,Controlar la velocidad de ejecución.
48433018,2026-07-29,6,15,5,14,30,Mantener la técnica durante todo el ejercicio.
37738658,2026-07-08,1,41,3,13,30,Controlar la velocidad de ejecución.
37738658,2026-07-08,2,53,5,12,30,Mantener la técnica durante todo el ejercicio.
37738658,2026-07-08,3,7,4,8,120,Evitar impulsos.
37738658,2026-07-08,4,14,4,13,45,Aumentar el peso si completa todas las series.
37738658,2026-07-08,5,6,4,8,90,
37738658,2026-07-08,6,24,4,9,45,Reducir el peso si pierde la técnica.
37738658,2026-07-08,7,49,4,10,120,Realizar el movimiento completo.
37738658,2026-07-17,1,34,3,8,30,Evitar impulsos.
37738658,2026-07-17,2,52,4,15,120,Aumentar el peso si completa todas las series.
37738658,2026-07-17,3,29,4,8,45,Mantener la técnica durante todo el ejercicio.
37738658,2026-07-17,4,42,5,11,45,Aumentar el peso si completa todas las series.
37738658,2026-07-17,5,2,5,8,60,Realizar el movimiento completo.
37738658,2026-07-17,6,17,5,13,90,Aumentar el peso si completa todas las series.
37738658,2026-07-17,7,47,5,9,45,Reducir el peso si pierde la técnica.
37738658,2026-07-17,8,36,5,11,90,
37738658,2026-07-24,1,34,4,13,60,Reducir el peso si pierde la técnica.
37738658,2026-07-24,2,47,4,13,30,Mantener la técnica durante todo el ejercicio.
37738658,2026-07-24,3,39,3,14,30,Reducir el peso si pierde la técnica.
37738658,2026-07-24,4,52,5,10,30,Reducir el peso si pierde la técnica.
37738658,2026-07-24,5,15,4,14,120,Mantener la técnica durante todo el ejercicio.
37738658,2026-07-24,6,26,5,9,30,Reducir el peso si pierde la técnica.
37738658,2026-07-24,7,10,3,11,45,
37738658,2026-07-24,8,43,3,8,60,Realizar el movimiento completo.
37738658,2026-07-24,9,28,5,9,120,Mantener la técnica durante todo el ejercicio.
37738658,2026-07-24,10,16,4,13,60,
37738658,2026-07-29,1,8,5,11,30,
37738658,2026-07-29,2,39,4,10,120,Reducir el peso si pierde la técnica.
37738658,2026-07-29,3,4,3,11,60,Controlar la velocidad de ejecución.
37738658,2026-07-29,4,16,5,10,60,Realizar el movimiento completo.
37738658,2026-07-29,5,32,3,15,30,Mantener la técnica durante todo el ejercicio.
37738658,2026-07-29,6,45,4,14,90,Mantener la técnica durante todo el ejercicio.
44537089,2026-07-19,1,43,3,11,45,
44537089,2026-07-19,2,42,3,12,45,
44537089,2026-07-19,3,17,5,13,45,Realizar el movimiento completo.
44537089,2026-07-19,4,10,5,9,45,
44537089,2026-07-19,5,49,5,13,60,Evitar impulsos.
44537089,2026-07-19,6,33,3,15,60,Mantener la técnica durante todo el ejercicio.
44537089,2026-07-19,7,36,3,11,60,Reducir el peso si pierde la técnica.
44537089,2026-07-19,8,18,5,9,90,
44537089,2026-07-11,1,32,3,14,45,Mantener la técnica durante todo el ejercicio.
44537089,2026-07-11,2,27,3,9,90,Aumentar el peso si completa todas las series.
44537089,2026-07-11,3,47,3,14,30,Realizar el movimiento completo.
44537089,2026-07-11,4,12,3,14,30,Mantener la técnica durante todo el ejercicio.
44537089,2026-07-11,5,17,5,8,60,
44537089,2026-07-11,6,24,4,9,120,Mantener la técnica durante todo el ejercicio.
44537089,2026-07-11,7,41,4,12,60,Realizar el movimiento completo.
44537089,2026-07-11,8,35,3,12,90,Realizar el movimiento completo.
47047754,2026-07-16,1,1,3,9,120,
47047754,2026-07-16,2,42,4,11,120,Aumentar el peso si completa todas las series.
47047754,2026-07-16,3,45,5,11,60,
47047754,2026-07-16,4,2,4,12,60,
47047754,2026-07-16,5,9,5,9,120,Controlar la velocidad de ejecución.
47047754,2026-07-16,6,27,3,13,60,Realizar el movimiento completo.
47874930,2026-07-22,1,45,4,11,45,Mantener la técnica durante todo el ejercicio.
47874930,2026-07-22,2,32,5,12,60,Evitar impulsos.
47874930,2026-07-22,3,16,5,13,45,Evitar impulsos.
47874930,2026-07-22,4,35,3,11,60,
47874930,2026-07-22,5,41,5,10,120,Realizar el movimiento completo.
47874930,2026-07-22,6,15,3,10,90,
47874930,2026-07-22,7,18,5,15,60,Aumentar el peso si completa todas las series.
47874930,2026-07-22,8,14,3,12,60,
47874930,2026-07-24,1,29,5,8,90,
47874930,2026-07-24,2,36,3,8,30,Reducir el peso si pierde la técnica.
47874930,2026-07-24,3,8,3,10,120,
47874930,2026-07-24,4,23,3,10,30,
47874930,2026-07-24,5,19,3,8,45,Realizar el movimiento completo.
47874930,2026-07-24,6,40,5,9,60,
47874930,2026-07-24,7,24,4,10,30,Controlar la velocidad de ejecución.
34721320,2026-01-19,1,3,5,11,120,Aumentar el peso si completa todas las series.
34721320,2026-01-19,2,43,3,12,120,Controlar la velocidad de ejecución.
34721320,2026-01-19,3,2,3,8,30,
34721320,2026-01-19,4,12,3,8,60,Controlar la velocidad de ejecución.
34721320,2026-01-19,5,18,5,9,30,Evitar impulsos.
34721320,2026-01-19,6,29,4,15,120,
34721320,2026-07-12,1,52,4,13,120,
34721320,2026-07-12,2,41,4,8,60,Evitar impulsos.
34721320,2026-07-12,3,45,4,15,30,Reducir el peso si pierde la técnica.
34721320,2026-07-12,4,29,4,12,120,
34721320,2026-07-12,5,50,5,9,30,
34721320,2026-07-12,6,17,4,9,90,
34721320,2026-03-12,1,28,4,13,60,
34721320,2026-03-12,2,33,3,9,60,
34721320,2026-03-12,3,37,3,9,45,
34721320,2026-03-12,4,52,3,12,45,Mantener la técnica durante todo el ejercicio.
34721320,2026-03-12,5,4,5,14,45,
34721320,2026-03-12,6,14,5,10,30,Mantener la técnica durante todo el ejercicio.
34721320,2026-03-12,7,6,5,8,60,Aumentar el peso si completa todas las series.
34560532,2026-07-16,1,21,3,10,90,
34560532,2026-07-16,2,34,5,13,30,
34560532,2026-07-16,3,19,4,8,45,
34560532,2026-07-16,4,54,3,14,45,Aumentar el peso si completa todas las series.
34560532,2026-07-16,5,32,5,13,45,Aumentar el peso si completa todas las series.
34560532,2026-07-16,6,52,5,12,120,Evitar impulsos.
42825142,2026-07-30,1,16,4,15,90,
42825142,2026-07-30,2,51,5,13,60,Realizar el movimiento completo.
42825142,2026-07-30,3,3,3,10,45,
42825142,2026-07-30,4,5,4,11,60,Mantener la técnica durante todo el ejercicio.
42825142,2026-07-30,5,21,5,10,30,Reducir el peso si pierde la técnica.
42825142,2026-07-30,6,25,4,9,30,Aumentar el peso si completa todas las series.
42825142,2026-07-30,7,2,5,10,45,Controlar la velocidad de ejecución.
42825142,2026-07-30,8,8,4,11,45,Mantener la técnica durante todo el ejercicio.
42825142,2026-07-30,9,39,4,12,30,Controlar la velocidad de ejecución.
42825142,2026-07-30,10,23,5,12,120,
42825142,2026-07-19,1,1,5,10,60,Controlar la velocidad de ejecución.
42825142,2026-07-19,2,30,5,12,60,Mantener la técnica durante todo el ejercicio.
42825142,2026-07-19,3,2,4,9,90,Evitar impulsos.
42825142,2026-07-19,4,36,4,14,120,
42825142,2026-07-19,5,13,4,15,120,Evitar impulsos.
42825142,2026-07-19,6,18,3,9,90,
42825142,2026-07-19,7,52,3,8,60,
42825142,2026-07-19,8,44,4,14,45,
39967915,2026-07-09,1,16,3,15,120,
39967915,2026-07-09,2,12,5,9,30,
39967915,2026-07-09,3,48,3,12,120,Controlar la velocidad de ejecución.
39967915,2026-07-09,4,22,4,10,120,
39967915,2026-07-09,5,20,5,13,60,Aumentar el peso si completa todas las series.
39967915,2026-07-09,6,34,5,15,45,Aumentar el peso si completa todas las series.
39967915,2026-05-11,1,31,3,13,45,
39967915,2026-05-11,2,40,3,12,45,Controlar la velocidad de ejecución.
39967915,2026-05-11,3,33,3,9,45,Evitar impulsos.
39967915,2026-05-11,4,49,3,8,60,
39967915,2026-05-11,5,1,4,15,60,Reducir el peso si pierde la técnica.
39967915,2026-05-11,6,17,4,10,90,
39967915,2026-05-11,7,13,4,8,90,Mantener la técnica durante todo el ejercicio.
39967915,2026-07-15,1,53,3,8,120,
39967915,2026-07-15,2,29,3,8,60,Realizar el movimiento completo.
39967915,2026-07-15,3,9,5,12,90,Reducir el peso si pierde la técnica.
39967915,2026-07-15,4,51,3,9,120,
39967915,2026-07-15,5,4,4,10,45,Aumentar el peso si completa todas las series.
39967915,2026-07-15,6,18,5,9,45,Realizar el movimiento completo.
39967915,2026-07-15,7,6,5,10,60,
45511257,2026-07-30,1,42,3,13,120,Reducir el peso si pierde la técnica.
45511257,2026-07-30,2,25,5,15,90,
45511257,2026-07-30,3,51,4,11,30,
45511257,2026-07-30,4,13,4,12,60,
45511257,2026-07-30,5,3,3,12,30,Reducir el peso si pierde la técnica.
45511257,2026-07-30,6,1,4,13,60,
45511257,2026-07-30,7,10,5,15,60,Reducir el peso si pierde la técnica.
45511257,2026-07-28,1,10,3,15,90,Aumentar el peso si completa todas las series.
45511257,2026-07-28,2,34,3,15,90,Mantener la técnica durante todo el ejercicio.
45511257,2026-07-28,3,54,4,14,30,
45511257,2026-07-28,4,16,5,10,60,Realizar el movimiento completo.
45511257,2026-07-28,5,53,3,14,45,Mantener la técnica durante todo el ejercicio.
45511257,2026-07-28,6,39,4,12,30,Aumentar el peso si completa todas las series.
45511257,2026-07-28,7,2,3,12,120,
45511257,2026-07-28,8,36,4,11,120,
45511257,2026-07-28,9,4,5,14,90,Aumentar el peso si completa todas las series.
38843621,2026-07-06,1,1,5,9,90,Realizar el movimiento completo.
38843621,2026-07-06,2,16,5,13,45,Controlar la velocidad de ejecución.
38843621,2026-07-06,3,40,5,11,120,Mantener la técnica durante todo el ejercicio.
38843621,2026-07-06,4,29,5,15,45,Controlar la velocidad de ejecución.
38843621,2026-07-06,5,26,4,8,45,Mantener la técnica durante todo el ejercicio.
38843621,2026-07-06,6,28,4,13,30,Evitar impulsos.
38843621,2026-07-06,7,43,5,15,60,Reducir el peso si pierde la técnica.
38843621,2026-07-06,8,30,3,14,45,
38843621,2026-07-06,9,27,3,10,30,Controlar la velocidad de ejecución.
41540353,2026-07-19,1,31,5,11,90,Realizar el movimiento completo.
41540353,2026-07-19,2,7,3,14,90,
41540353,2026-07-19,3,25,4,13,30,Reducir el peso si pierde la técnica.
41540353,2026-07-19,4,5,3,9,30,Aumentar el peso si completa todas las series.
41540353,2026-07-19,5,17,4,8,45,
41540353,2026-07-19,6,44,5,10,30,Controlar la velocidad de ejecución.
41540353,2026-07-19,7,10,5,10,120,Controlar la velocidad de ejecución.
41540353,2026-07-19,8,40,5,14,45,
41540353,2026-07-18,1,3,4,9,90,
41540353,2026-07-18,2,5,3,13,120,
41540353,2026-07-18,3,43,3,11,90,Aumentar el peso si completa todas las series.
41540353,2026-07-18,4,9,3,9,90,Evitar impulsos.
41540353,2026-07-18,5,19,4,14,45,Mantener la técnica durante todo el ejercicio.
41540353,2026-07-18,6,53,4,12,90,
41540353,2026-07-18,7,10,5,15,45,
41540353,2026-07-18,8,25,5,10,120,Controlar la velocidad de ejecución.
41540353,2026-07-18,9,17,5,14,90,Aumentar el peso si completa todas las series.
41540353,2026-02-15,1,28,3,12,60,
41540353,2026-02-15,2,16,4,12,120,Realizar el movimiento completo.
41540353,2026-02-15,3,38,4,13,120,
41540353,2026-02-15,4,4,4,10,45,
41540353,2026-02-15,5,45,4,13,30,Aumentar el peso si completa todas las series.
41540353,2026-02-15,6,31,3,15,45,
41540353,2026-02-15,7,11,5,14,60,Aumentar el peso si completa todas las series.
41540353,2026-02-15,8,53,4,11,120,Mantener la técnica durante todo el ejercicio.
41540353,2026-02-15,9,49,4,8,30,
41540353,2026-02-15,10,5,3,13,90,Mantener la técnica durante todo el ejercicio.
41540353,2026-03-09,1,42,4,14,120,Evitar impulsos.
41540353,2026-03-09,2,32,5,15,90,Reducir el peso si pierde la técnica.
41540353,2026-03-09,3,24,3,13,30,Realizar el movimiento completo.
41540353,2026-03-09,4,13,4,11,90,
41540353,2026-03-09,5,46,3,10,30,Mantener la técnica durante todo el ejercicio.
41540353,2026-03-09,6,28,5,11,90,Evitar impulsos.
41540353,2026-03-09,7,2,3,10,90,Aumentar el peso si completa todas las series.
45050220,2026-04-13,1,6,5,8,120,Evitar impulsos.
45050220,2026-04-13,2,17,4,10,30,
45050220,2026-04-13,3,26,3,8,90,
45050220,2026-04-13,4,16,4,10,60,Mantener la técnica durante todo el ejercicio.
45050220,2026-04-13,5,5,3,13,45,
45050220,2026-04-13,6,49,3,12,45,
45050220,2026-04-13,7,39,5,14,60,Controlar la velocidad de ejecución.
45050220,2026-08-07,1,2,4,15,60,Mantener la técnica durante todo el ejercicio.
45050220,2026-08-07,2,38,3,15,45,Aumentar el peso si completa todas las series.
45050220,2026-08-07,3,39,5,14,60,Controlar la velocidad de ejecución.
45050220,2026-08-07,4,8,4,15,30,Aumentar el peso si completa todas las series.
45050220,2026-08-07,5,18,5,10,120,Aumentar el peso si completa todas las series.
45050220,2026-08-07,6,21,5,15,90,Controlar la velocidad de ejecución.
45050220,2026-08-07,7,11,4,10,60,
34646179,2026-01-07,1,47,5,14,45,Controlar la velocidad de ejecución.
34646179,2026-01-07,2,48,5,14,90,Reducir el peso si pierde la técnica.
34646179,2026-01-07,3,10,3,12,45,Realizar el movimiento completo.
34646179,2026-01-07,4,28,5,15,90,
34646179,2026-01-07,5,11,5,11,60,
34646179,2026-01-07,6,41,4,8,120,Realizar el movimiento completo.
34646179,2026-01-07,7,1,4,11,30,
34646179,2026-01-07,8,55,5,14,120,
34646179,2026-01-07,9,39,3,15,30,Aumentar el peso si completa todas las series.
34646179,2026-02-19,1,45,3,12,30,
34646179,2026-02-19,2,53,5,8,30,Aumentar el peso si completa todas las series.
34646179,2026-02-19,3,33,4,9,120,Aumentar el peso si completa todas las series.
34646179,2026-02-19,4,28,5,9,30,
34646179,2026-02-19,5,9,4,12,45,Mantener la técnica durante todo el ejercicio.
34646179,2026-02-19,6,25,5,12,45,
34646179,2026-02-19,7,13,3,15,30,Realizar el movimiento completo.
34646179,2026-02-19,8,8,3,8,45,
34646179,2026-02-19,9,27,3,13,90,
34646179,2026-02-19,10,11,4,13,90,
34646179,2026-07-12,1,52,3,8,45,
34646179,2026-07-12,2,27,5,12,60,
34646179,2026-07-12,3,19,3,8,45,
34646179,2026-07-12,4,54,4,11,60,
34646179,2026-07-12,5,4,5,15,30,Evitar impulsos.
34646179,2026-07-12,6,21,3,8,60,Evitar impulsos.
34646179,2026-07-12,7,23,4,11,45,Realizar el movimiento completo.
34646179,2026-07-12,8,2,3,12,45,Realizar el movimiento completo.
34646179,2026-07-12,9,37,4,10,45,Evitar impulsos.
38149866,2026-02-18,1,37,4,12,45,
38149866,2026-02-18,2,42,5,11,120,Reducir el peso si pierde la técnica.
38149866,2026-02-18,3,15,4,11,120,Realizar el movimiento completo.
38149866,2026-02-18,4,33,4,15,60,
38149866,2026-02-18,5,31,5,12,60,
38149866,2026-02-18,6,49,4,15,90,
38149866,2026-02-18,7,29,4,8,90,Mantener la técnica durante todo el ejercicio.
38149866,2026-07-31,1,7,5,13,120,
38149866,2026-07-31,2,54,5,9,60,Reducir el peso si pierde la técnica.
38149866,2026-07-31,3,32,3,12,30,Controlar la velocidad de ejecución.
38149866,2026-07-31,4,10,3,14,60,
38149866,2026-07-31,5,1,3,12,120,Mantener la técnica durante todo el ejercicio.
38149866,2026-07-31,6,21,5,11,30,Reducir el peso si pierde la técnica.
38149866,2026-07-31,7,15,5,8,60,Aumentar el peso si completa todas las series.
32152774,2026-01-05,1,39,5,13,45,
32152774,2026-01-05,2,37,5,14,45,Evitar impulsos.
32152774,2026-01-05,3,43,5,8,45,Realizar el movimiento completo.
32152774,2026-01-05,4,9,4,10,120,Reducir el peso si pierde la técnica.
32152774,2026-01-05,5,29,5,11,90,Controlar la velocidad de ejecución.
32152774,2026-01-05,6,15,5,9,30,Realizar el movimiento completo.
32152774,2026-01-05,7,42,5,15,30,Evitar impulsos.
32152774,2026-01-05,8,1,3,10,60,Evitar impulsos.
32152774,2026-01-05,9,3,3,10,120,Evitar impulsos.
32152774,2026-01-05,10,11,3,15,90,Realizar el movimiento completo.
32152774,2026-07-21,1,30,4,11,60,Reducir el peso si pierde la técnica.
32152774,2026-07-21,2,45,5,15,90,
32152774,2026-07-21,3,7,4,15,60,
32152774,2026-07-21,4,52,5,13,30,Mantener la técnica durante todo el ejercicio.
32152774,2026-07-21,5,16,3,15,120,
32152774,2026-07-21,6,37,4,10,30,Realizar el movimiento completo.
32152774,2026-07-21,7,13,4,15,30,Reducir el peso si pierde la técnica.
32152774,2026-07-21,8,18,3,8,30,Controlar la velocidad de ejecución.
32152774,2026-02-13,1,45,5,14,90,Realizar el movimiento completo.
32152774,2026-02-13,2,3,4,12,60,Realizar el movimiento completo.
32152774,2026-02-13,3,52,5,8,45,Mantener la técnica durante todo el ejercicio.
32152774,2026-02-13,4,31,3,12,45,Aumentar el peso si completa todas las series.
32152774,2026-02-13,5,25,4,10,90,Realizar el movimiento completo.
32152774,2026-02-13,6,44,4,15,120,
32152774,2026-02-13,7,42,3,15,60,Mantener la técnica durante todo el ejercicio.
32152774,2026-02-13,8,19,3,11,30,Mantener la técnica durante todo el ejercicio.
45448675,2026-02-16,1,25,3,13,30,
45448675,2026-02-16,2,50,4,11,120,Reducir el peso si pierde la técnica.
45448675,2026-02-16,3,8,4,11,60,Mantener la técnica durante todo el ejercicio.
45448675,2026-02-16,4,24,3,12,45,
45448675,2026-02-16,5,21,5,9,30,Controlar la velocidad de ejecución.
45448675,2026-02-16,6,23,5,10,90,Realizar el movimiento completo.
45448675,2026-02-16,7,2,5,15,30,Controlar la velocidad de ejecución.
45448675,2026-02-16,8,47,5,12,30,
45448675,2026-02-16,9,22,5,11,45,
45448675,2026-07-10,1,47,4,15,60,
45448675,2026-07-10,2,8,5,11,90,Aumentar el peso si completa todas las series.
45448675,2026-07-10,3,18,4,10,90,Realizar el movimiento completo.
45448675,2026-07-10,4,51,4,13,30,Mantener la técnica durante todo el ejercicio.
45448675,2026-07-10,5,13,5,10,60,
45448675,2026-07-10,6,37,5,9,30,Aumentar el peso si completa todas las series.
45448675,2026-07-10,7,11,4,13,30,
45448675,2026-07-10,8,30,3,8,90,Aumentar el peso si completa todas las series.
45448675,2026-07-10,9,12,5,15,45,Mantener la técnica durante todo el ejercicio.
46857212,2026-07-22,1,20,4,8,90,Mantener la técnica durante todo el ejercicio.
46857212,2026-07-22,2,55,3,12,45,Mantener la técnica durante todo el ejercicio.
46857212,2026-07-22,3,5,5,8,90,Evitar impulsos.
46857212,2026-07-22,4,29,3,10,90,Controlar la velocidad de ejecución.
46857212,2026-07-22,5,41,5,8,120,Realizar el movimiento completo.
46857212,2026-07-22,6,43,3,11,30,Aumentar el peso si completa todas las series.
46857212,2026-07-22,7,7,3,8,60,
46857212,2026-05-16,1,40,4,8,45,Mantener la técnica durante todo el ejercicio.
46857212,2026-05-16,2,25,5,9,90,Reducir el peso si pierde la técnica.
46857212,2026-05-16,3,12,4,14,60,Controlar la velocidad de ejecución.
46857212,2026-05-16,4,21,5,10,30,
46857212,2026-05-16,5,43,4,8,30,
46857212,2026-05-16,6,20,5,8,120,Realizar el movimiento completo.
46857212,2026-05-16,7,17,3,9,120,
46857212,2026-05-16,8,55,4,9,45,Reducir el peso si pierde la técnica.
46857212,2026-05-16,9,2,5,12,45,
46857212,2026-05-16,10,48,4,10,45,Aumentar el peso si completa todas las series.
46857212,2026-07-14,1,39,5,13,90,Reducir el peso si pierde la técnica.
46857212,2026-07-14,2,27,4,11,30,Realizar el movimiento completo.
46857212,2026-07-14,3,9,5,11,90,Evitar impulsos.
46857212,2026-07-14,4,40,4,10,30,Realizar el movimiento completo.
46857212,2026-07-14,5,51,4,14,30,
46857212,2026-07-14,6,29,3,8,45,Mantener la técnica durante todo el ejercicio.
30421801,2026-07-07,1,29,5,14,90,Aumentar el peso si completa todas las series.
30421801,2026-07-07,2,13,4,10,90,Reducir el peso si pierde la técnica.
30421801,2026-07-07,3,40,3,15,60,Controlar la velocidad de ejecución.
30421801,2026-07-07,4,37,4,9,60,
30421801,2026-07-07,5,15,4,9,60,
30421801,2026-07-07,6,50,4,14,120,
30421801,2026-07-07,7,19,5,10,30,Realizar el movimiento completo.
30421801,2026-07-07,8,39,4,12,30,
30421801,2026-04-17,1,7,4,15,45,Evitar impulsos.
30421801,2026-04-17,2,21,4,15,30,Aumentar el peso si completa todas las series.
30421801,2026-04-17,3,3,5,8,45,Mantener la técnica durante todo el ejercicio.
30421801,2026-04-17,4,16,3,8,120,
30421801,2026-04-17,5,46,4,10,120,
30421801,2026-04-17,6,11,3,13,120,Reducir el peso si pierde la técnica.
30421801,2026-07-18,1,53,5,14,90,
30421801,2026-07-18,2,26,5,11,60,Evitar impulsos.
30421801,2026-07-18,3,46,5,13,60,Mantener la técnica durante todo el ejercicio.
30421801,2026-07-18,4,40,4,11,45,
30421801,2026-07-18,5,38,5,11,90,Reducir el peso si pierde la técnica.
30421801,2026-07-18,6,43,3,14,45,
30421801,2026-07-18,7,41,4,14,45,
30421801,2026-07-18,8,4,5,8,30,
30421801,2026-06-14,1,29,4,15,120,Realizar el movimiento completo.
30421801,2026-06-14,2,50,4,14,45,
30421801,2026-06-14,3,33,4,13,60,Aumentar el peso si completa todas las series.
30421801,2026-06-14,4,17,4,12,60,
30421801,2026-06-14,5,51,3,13,90,Controlar la velocidad de ejecución.
30421801,2026-06-14,6,48,5,12,45,Controlar la velocidad de ejecución.
33173964,2026-07-26,1,15,3,14,120,
33173964,2026-07-26,2,44,3,11,120,Evitar impulsos.
33173964,2026-07-26,3,48,3,12,30,
33173964,2026-07-26,4,19,3,8,120,Controlar la velocidad de ejecución.
33173964,2026-07-26,5,18,5,11,90,
33173964,2026-07-26,6,2,5,11,60,
33173964,2026-07-26,7,4,5,15,60,Reducir el peso si pierde la técnica.
33173964,2026-02-15,1,43,5,15,60,Controlar la velocidad de ejecución.
33173964,2026-02-15,2,8,3,11,30,Realizar el movimiento completo.
33173964,2026-02-15,3,13,5,11,90,Aumentar el peso si completa todas las series.
33173964,2026-02-15,4,38,3,14,90,Controlar la velocidad de ejecución.
33173964,2026-02-15,5,41,5,8,45,
33173964,2026-02-15,6,47,5,14,120,Mantener la técnica durante todo el ejercicio.
33173964,2026-02-15,7,48,3,11,30,
32369639,2026-02-26,1,26,4,14,120,
32369639,2026-02-26,2,31,5,11,120,Realizar el movimiento completo.
32369639,2026-02-26,3,12,4,13,60,Evitar impulsos.
32369639,2026-02-26,4,52,4,10,60,Mantener la técnica durante todo el ejercicio.
32369639,2026-02-26,5,45,4,11,60,
32369639,2026-02-26,6,27,4,11,120,
32369639,2026-03-15,1,41,3,15,120,Aumentar el peso si completa todas las series.
32369639,2026-03-15,2,45,4,9,120,
32369639,2026-03-15,3,1,4,9,45,Controlar la velocidad de ejecución.
32369639,2026-03-15,4,48,4,11,120,
32369639,2026-03-15,5,33,4,10,30,Aumentar el peso si completa todas las series.
32369639,2026-03-15,6,25,5,10,60,Mantener la técnica durante todo el ejercicio.
36740026,2026-01-15,1,37,5,8,120,Controlar la velocidad de ejecución.
36740026,2026-01-15,2,42,5,15,60,Mantener la técnica durante todo el ejercicio.
36740026,2026-01-15,3,45,3,12,30,Controlar la velocidad de ejecución.
36740026,2026-01-15,4,14,3,12,90,Controlar la velocidad de ejecución.
36740026,2026-01-15,5,31,4,11,30,
36740026,2026-01-15,6,46,4,8,60,Realizar el movimiento completo.
36740026,2026-01-15,7,12,3,13,120,
36740026,2026-04-03,1,32,3,10,120,
36740026,2026-04-03,2,51,3,12,120,Evitar impulsos.
36740026,2026-04-03,3,13,5,10,30,
36740026,2026-04-03,4,15,5,12,45,Mantener la técnica durante todo el ejercicio.
36740026,2026-04-03,5,40,3,13,120,Reducir el peso si pierde la técnica.
36740026,2026-04-03,6,36,3,13,120,Mantener la técnica durante todo el ejercicio.
36740026,2026-07-12,1,25,4,13,120,Aumentar el peso si completa todas las series.
36740026,2026-07-12,2,8,5,8,45,Reducir el peso si pierde la técnica.
36740026,2026-07-12,3,52,3,13,120,Aumentar el peso si completa todas las series.
36740026,2026-07-12,4,41,5,14,45,Reducir el peso si pierde la técnica.
36740026,2026-07-12,5,2,5,11,120,
36740026,2026-07-12,6,22,4,15,30,Realizar el movimiento completo.
36740026,2026-07-12,7,19,3,12,45,
36740026,2026-07-12,8,42,4,10,30,Evitar impulsos.
41944063,2026-05-19,1,25,5,13,60,
41944063,2026-05-19,2,22,5,9,45,Realizar el movimiento completo.
41944063,2026-05-19,3,12,3,8,120,
41944063,2026-05-19,4,8,5,9,45,
41944063,2026-05-19,5,6,5,13,120,
41944063,2026-05-19,6,45,5,15,120,
39511994,2026-07-24,1,19,4,13,30,Aumentar el peso si completa todas las series.
39511994,2026-07-24,2,46,5,14,120,Aumentar el peso si completa todas las series.
39511994,2026-07-24,3,23,4,12,120,
39511994,2026-07-24,4,24,3,13,45,Controlar la velocidad de ejecución.
39511994,2026-07-24,5,40,3,9,60,Controlar la velocidad de ejecución.
39511994,2026-07-24,6,21,4,15,120,
39511994,2026-07-24,7,7,4,10,120,Realizar el movimiento completo.
39511994,2026-07-24,8,41,5,14,120,
39511994,2026-04-12,1,36,4,10,30,Reducir el peso si pierde la técnica.
39511994,2026-04-12,2,39,3,14,30,Mantener la técnica durante todo el ejercicio.
39511994,2026-04-12,3,35,4,12,120,Reducir el peso si pierde la técnica.
39511994,2026-04-12,4,46,3,11,120,
39511994,2026-04-12,5,48,3,10,60,Evitar impulsos.
39511994,2026-04-12,6,26,5,13,30,Controlar la velocidad de ejecución.
39511994,2026-04-12,7,47,5,15,30,Aumentar el peso si completa todas las series.
39511994,2026-04-12,8,13,4,15,60,
39511994,2026-04-12,9,30,5,13,90,Mantener la técnica durante todo el ejercicio.
39511994,2026-05-19,1,40,3,15,120,Evitar impulsos.
39511994,2026-05-19,2,18,5,15,120,Realizar el movimiento completo.
39511994,2026-05-19,3,14,3,10,120,Reducir el peso si pierde la técnica.
39511994,2026-05-19,4,30,4,9,90,Controlar la velocidad de ejecución.
39511994,2026-05-19,5,16,5,11,120,Evitar impulsos.
39511994,2026-05-19,6,19,4,8,120,Realizar el movimiento completo.
39511994,2026-05-19,7,48,5,10,90,Realizar el movimiento completo.
39511994,2026-05-19,8,1,4,11,45,
39511994,2026-07-14,1,26,4,9,60,Controlar la velocidad de ejecución.
39511994,2026-07-14,2,54,5,15,45,Evitar impulsos.
39511994,2026-07-14,3,49,5,8,120,Controlar la velocidad de ejecución.
39511994,2026-07-14,4,19,4,15,90,Controlar la velocidad de ejecución.
39511994,2026-07-14,5,4,4,14,45,Mantener la técnica durante todo el ejercicio.
39511994,2026-07-14,6,12,3,12,90,Aumentar el peso si completa todas las series.
39511994,2026-07-14,7,23,3,15,120,Reducir el peso si pierde la técnica.
39511994,2026-07-14,8,34,4,10,60,Mantener la técnica durante todo el ejercicio.
39511994,2026-08-06,1,9,4,15,45,Mantener la técnica durante todo el ejercicio.
39511994,2026-08-06,2,13,5,13,120,Mantener la técnica durante todo el ejercicio.
39511994,2026-08-06,3,27,3,12,30,
39511994,2026-08-06,4,52,5,12,30,Mantener la técnica durante todo el ejercicio.
39511994,2026-08-06,5,25,3,12,60,Mantener la técnica durante todo el ejercicio.
39511994,2026-08-06,6,38,4,12,30,
39511994,2026-08-06,7,22,4,9,120,Realizar el movimiento completo.
39511994,2026-08-06,8,36,3,14,30,Evitar impulsos.
39511994,2026-08-06,9,47,4,10,45,Reducir el peso si pierde la técnica.
42441646,2026-02-02,1,49,3,12,90,Aumentar el peso si completa todas las series.
42441646,2026-02-02,2,14,3,9,90,Realizar el movimiento completo.
42441646,2026-02-02,3,12,5,14,120,Mantener la técnica durante todo el ejercicio.
42441646,2026-02-02,4,47,5,15,45,Evitar impulsos.
42441646,2026-02-02,5,33,5,10,30,
42441646,2026-02-02,6,31,5,10,45,
42441646,2026-02-02,7,39,3,11,45,
42441646,2026-02-02,8,21,5,13,45,Realizar el movimiento completo.
42441646,2026-02-02,9,2,4,10,90,
42441646,2026-02-02,10,4,4,14,45,Evitar impulsos.
46463759,2026-02-20,1,25,3,8,60,Evitar impulsos.
46463759,2026-02-20,2,7,4,10,30,Realizar el movimiento completo.
46463759,2026-02-20,3,27,3,15,45,Controlar la velocidad de ejecución.
46463759,2026-02-20,4,52,4,14,45,Reducir el peso si pierde la técnica.
46463759,2026-02-20,5,17,3,13,60,
46463759,2026-02-20,6,13,5,8,90,Reducir el peso si pierde la técnica.
46463759,2026-07-24,1,36,3,14,45,Mantener la técnica durante todo el ejercicio.
46463759,2026-07-24,2,25,5,12,60,Reducir el peso si pierde la técnica.
46463759,2026-07-24,3,6,5,15,120,Aumentar el peso si completa todas las series.
46463759,2026-07-24,4,13,3,9,90,Controlar la velocidad de ejecución.
46463759,2026-07-24,5,20,4,14,45,Reducir el peso si pierde la técnica.
46463759,2026-07-24,6,3,3,9,90,Evitar impulsos.
34625209,2026-07-13,1,49,4,9,90,Evitar impulsos.
34625209,2026-07-13,2,25,3,9,30,Controlar la velocidad de ejecución.
34625209,2026-07-13,3,30,3,10,60,
34625209,2026-07-13,4,47,3,11,30,Evitar impulsos.
34625209,2026-07-13,5,6,4,12,120,Aumentar el peso si completa todas las series.
34625209,2026-07-13,6,3,4,8,120,Realizar el movimiento completo.
34625209,2026-07-13,7,22,5,14,120,Realizar el movimiento completo.
34625209,2026-07-13,8,39,5,9,90,
31816984,2026-07-10,1,7,5,10,30,
31816984,2026-07-10,2,20,4,8,60,
31816984,2026-07-10,3,55,5,14,60,
31816984,2026-07-10,4,3,4,13,90,
31816984,2026-07-10,5,45,5,8,120,
31816984,2026-07-10,6,11,4,13,120,Evitar impulsos.
31816984,2026-07-10,7,51,5,15,120,
31816984,2026-07-10,8,34,4,13,45,Realizar el movimiento completo.
31816984,2026-07-10,9,10,5,8,120,Mantener la técnica durante todo el ejercicio.
42539116,2026-07-06,1,27,5,15,120,Reducir el peso si pierde la técnica.
42539116,2026-07-06,2,8,4,8,90,
42539116,2026-07-06,3,1,5,10,45,
42539116,2026-07-06,4,9,4,9,60,
42539116,2026-07-06,5,49,3,9,45,Reducir el peso si pierde la técnica.
42539116,2026-07-06,6,25,3,10,30,
42539116,2026-07-06,7,54,3,8,90,Aumentar el peso si completa todas las series.
42539116,2026-07-06,8,3,4,10,90,
44769974,2026-07-19,1,37,3,13,90,Mantener la técnica durante todo el ejercicio.
44769974,2026-07-19,2,48,3,12,30,Evitar impulsos.
44769974,2026-07-19,3,30,3,9,45,Reducir el peso si pierde la técnica.
44769974,2026-07-19,4,5,5,14,120,
44769974,2026-07-19,5,25,4,9,120,Mantener la técnica durante todo el ejercicio.
44769974,2026-07-19,6,12,4,11,45,Aumentar el peso si completa todas las series.
44769974,2026-03-19,1,33,4,15,60,Evitar impulsos.
44769974,2026-03-19,2,26,5,13,30,Realizar el movimiento completo.
44769974,2026-03-19,3,32,3,13,120,
44769974,2026-03-19,4,38,4,9,60,
44769974,2026-03-19,5,7,5,14,60,Evitar impulsos.
44769974,2026-03-19,6,13,5,11,60,
44769974,2026-03-19,7,40,5,11,120,
44769974,2026-03-19,8,27,4,11,45,
44769974,2026-06-20,1,32,5,12,90,
44769974,2026-06-20,2,31,4,14,60,
44769974,2026-06-20,3,29,3,14,60,Mantener la técnica durante todo el ejercicio.
44769974,2026-06-20,4,26,4,11,45,
44769974,2026-06-20,5,42,5,14,60,
44769974,2026-06-20,6,2,4,13,90,
44769974,2026-06-20,7,3,4,10,60,Realizar el movimiento completo.
36426955,2026-01-21,1,53,5,15,45,Evitar impulsos.
36426955,2026-01-21,2,47,4,14,60,
36426955,2026-01-21,3,37,5,14,120,Aumentar el peso si completa todas las series.
36426955,2026-01-21,4,1,4,12,120,Reducir el peso si pierde la técnica.
36426955,2026-01-21,5,10,3,12,90,Evitar impulsos.
36426955,2026-01-21,6,11,3,15,90,Realizar el movimiento completo.
36426955,2026-01-21,7,13,3,14,90,Evitar impulsos.
36426955,2026-02-25,1,15,5,14,90,Reducir el peso si pierde la técnica.
36426955,2026-02-25,2,38,3,12,60,Evitar impulsos.
36426955,2026-02-25,3,22,5,13,60,
36426955,2026-02-25,4,23,3,12,60,Controlar la velocidad de ejecución.
36426955,2026-02-25,5,47,3,12,120,Evitar impulsos.
36426955,2026-02-25,6,12,3,12,60,
36426955,2026-02-25,7,35,5,9,30,
36426955,2026-03-10,1,55,3,10,120,Reducir el peso si pierde la técnica.
36426955,2026-03-10,2,28,4,12,30,Mantener la técnica durante todo el ejercicio.
36426955,2026-03-10,3,32,5,11,90,
36426955,2026-03-10,4,52,4,9,60,Mantener la técnica durante todo el ejercicio.
36426955,2026-03-10,5,23,3,14,45,
36426955,2026-03-10,6,3,3,15,90,Evitar impulsos.
30033023,2026-02-09,1,34,5,13,45,Controlar la velocidad de ejecución.
30033023,2026-02-09,2,22,5,8,45,Evitar impulsos.
30033023,2026-02-09,3,50,3,13,45,Reducir el peso si pierde la técnica.
30033023,2026-02-09,4,39,3,10,120,Controlar la velocidad de ejecución.
30033023,2026-02-09,5,40,5,11,45,
30033023,2026-02-09,6,28,4,13,90,Evitar impulsos.
33420164,2026-07-29,1,15,4,12,45,
33420164,2026-07-29,2,50,3,10,90,
33420164,2026-07-29,3,37,3,8,45,Reducir el peso si pierde la técnica.
33420164,2026-07-29,4,44,3,14,30,Controlar la velocidad de ejecución.
33420164,2026-07-29,5,13,5,11,60,Aumentar el peso si completa todas las series.
33420164,2026-07-29,6,18,4,9,120,Controlar la velocidad de ejecución.
33420164,2026-07-29,7,39,4,15,30,
33420164,2026-07-29,8,34,3,14,90,Evitar impulsos.
33420164,2026-07-29,9,41,3,13,120,Realizar el movimiento completo.
33420164,2026-04-16,1,44,4,10,45,
33420164,2026-04-16,2,12,4,8,30,Realizar el movimiento completo.
33420164,2026-04-16,3,13,5,15,30,Mantener la técnica durante todo el ejercicio.
33420164,2026-04-16,4,45,3,9,60,Evitar impulsos.
33420164,2026-04-16,5,33,5,14,60,
33420164,2026-04-16,6,47,3,9,30,Realizar el movimiento completo.
33420164,2026-04-16,7,51,5,11,90,Aumentar el peso si completa todas las series.
33420164,2026-04-16,8,23,5,10,120,
33420164,2026-04-16,9,30,3,8,60,
33420164,2026-04-16,10,14,5,11,45,Controlar la velocidad de ejecución.
33420164,2026-05-13,1,50,5,14,45,Aumentar el peso si completa todas las series.
33420164,2026-05-13,2,35,4,13,90,Evitar impulsos.
33420164,2026-05-13,3,45,3,8,45,
33420164,2026-05-13,4,30,3,13,120,Evitar impulsos.
33420164,2026-05-13,5,36,4,9,30,
33420164,2026-05-13,6,21,3,8,90,
43942025,2026-01-15,1,45,5,8,120,Reducir el peso si pierde la técnica.
43942025,2026-01-15,2,36,3,15,30,Mantener la técnica durante todo el ejercicio.
43942025,2026-01-15,3,47,4,13,60,Mantener la técnica durante todo el ejercicio.
43942025,2026-01-15,4,24,4,14,120,Realizar el movimiento completo.
43942025,2026-01-15,5,48,3,15,120,
43942025,2026-01-15,6,41,4,15,90,Aumentar el peso si completa todas las series.
43942025,2026-01-15,7,19,3,10,30,Controlar la velocidad de ejecución.
43942025,2026-01-15,8,30,5,11,45,
43942025,2026-01-15,9,53,4,13,60,Realizar el movimiento completo.
35072810,2026-07-10,1,28,4,9,60,Controlar la velocidad de ejecución.
35072810,2026-07-10,2,38,5,15,60,Evitar impulsos.
35072810,2026-07-10,3,4,3,9,90,Mantener la técnica durante todo el ejercicio.
35072810,2026-07-10,4,19,5,10,30,Controlar la velocidad de ejecución.
35072810,2026-07-10,5,13,3,13,120,
35072810,2026-07-10,6,7,5,12,45,
35072810,2026-07-10,7,31,3,11,45,
35072810,2026-07-10,8,49,5,13,30,Aumentar el peso si completa todas las series.
35719554,2026-07-15,1,29,4,15,30,
35719554,2026-07-15,2,47,4,11,120,Controlar la velocidad de ejecución.
35719554,2026-07-15,3,42,4,14,90,
35719554,2026-07-15,4,39,3,9,30,
35719554,2026-07-15,5,12,5,12,30,
35719554,2026-07-15,6,46,5,14,60,Aumentar el peso si completa todas las series.
35719554,2026-07-15,7,48,4,13,60,
35719554,2026-07-15,8,45,5,14,60,Mantener la técnica durante todo el ejercicio.
35719554,2026-07-15,9,23,5,8,90,Evitar impulsos.
35719554,2026-07-15,10,53,3,8,120,Evitar impulsos.
35719554,2026-07-20,1,40,4,9,90,Aumentar el peso si completa todas las series.
35719554,2026-07-20,2,43,3,15,30,Aumentar el peso si completa todas las series.
35719554,2026-07-20,3,10,5,10,60,Evitar impulsos.
35719554,2026-07-20,4,38,4,8,120,Realizar el movimiento completo.
35719554,2026-07-20,5,7,4,13,120,Reducir el peso si pierde la técnica.
35719554,2026-07-20,6,8,4,11,45,Aumentar el peso si completa todas las series.
35719554,2026-07-20,7,9,4,12,120,
35719554,2026-07-20,8,45,5,13,90,Mantener la técnica durante todo el ejercicio.
35719554,2026-04-21,1,49,5,12,90,Realizar el movimiento completo.
35719554,2026-04-21,2,38,4,11,60,Realizar el movimiento completo.
35719554,2026-04-21,3,42,4,14,60,
35719554,2026-04-21,4,8,4,14,30,Evitar impulsos.
35719554,2026-04-21,5,4,5,15,30,
35719554,2026-04-21,6,23,5,9,90,
35719554,2026-04-21,7,10,5,11,60,Realizar el movimiento completo.
35719554,2026-04-21,8,30,3,15,30,
35719554,2026-05-23,1,6,4,14,60,
35719554,2026-05-23,2,46,3,12,45,Evitar impulsos.
35719554,2026-05-23,3,3,4,8,120,Evitar impulsos.
35719554,2026-05-23,4,55,5,9,45,Reducir el peso si pierde la técnica.
35719554,2026-05-23,5,21,5,14,90,Realizar el movimiento completo.
35719554,2026-05-23,6,24,3,15,30,Aumentar el peso si completa todas las series.
35719554,2026-05-23,7,2,4,11,90,
35719554,2026-05-23,8,37,3,15,30,Aumentar el peso si completa todas las series.
35719554,2026-05-23,9,1,5,15,60,
35719554,2026-08-05,1,40,3,10,45,
35719554,2026-08-05,2,26,4,15,45,Reducir el peso si pierde la técnica.
35719554,2026-08-05,3,17,4,12,120,Controlar la velocidad de ejecución.
35719554,2026-08-05,4,42,4,15,45,Evitar impulsos.
35719554,2026-08-05,5,24,4,10,45,Aumentar el peso si completa todas las series.
35719554,2026-08-05,6,8,4,11,30,Aumentar el peso si completa todas las series.
35719554,2026-08-05,7,14,5,14,120,
40632892,2026-07-10,1,38,4,11,45,Evitar impulsos.
40632892,2026-07-10,2,9,3,14,45,Aumentar el peso si completa todas las series.
40632892,2026-07-10,3,49,4,13,30,Controlar la velocidad de ejecución.
40632892,2026-07-10,4,15,3,13,120,Aumentar el peso si completa todas las series.
40632892,2026-07-10,5,6,5,11,60,
40632892,2026-07-10,6,32,4,11,45,
40632892,2026-07-10,7,41,5,10,60,
40632892,2026-07-10,8,19,4,8,30,Evitar impulsos.
40632892,2026-07-10,9,43,5,14,120,Controlar la velocidad de ejecución.
40632892,2026-07-10,10,51,3,8,90,
32502939,2026-07-09,1,50,3,12,120,
32502939,2026-07-09,2,40,5,12,60,Aumentar el peso si completa todas las series.
32502939,2026-07-09,3,19,3,10,120,
32502939,2026-07-09,4,29,4,9,90,Realizar el movimiento completo.
32502939,2026-07-09,5,25,4,9,45,Controlar la velocidad de ejecución.
32502939,2026-07-09,6,38,3,12,120,
32502939,2026-06-03,1,48,3,9,30,
32502939,2026-06-03,2,50,3,14,60,
32502939,2026-06-03,3,2,5,14,45,
32502939,2026-06-03,4,9,3,14,30,Evitar impulsos.
32502939,2026-06-03,5,38,4,11,90,Controlar la velocidad de ejecución.
32502939,2026-06-03,6,25,3,15,90,Evitar impulsos.
32502939,2026-08-04,1,7,5,13,30,Aumentar el peso si completa todas las series.
32502939,2026-08-04,2,45,3,9,60,Evitar impulsos.
32502939,2026-08-04,3,31,3,15,30,Reducir el peso si pierde la técnica.
32502939,2026-08-04,4,19,3,10,60,Aumentar el peso si completa todas las series.
32502939,2026-08-04,5,21,4,13,60,Realizar el movimiento completo.
32502939,2026-08-04,6,51,5,10,60,Controlar la velocidad de ejecución.
32502939,2026-08-04,7,11,5,14,120,
32502939,2026-08-04,8,6,3,10,30,
32502939,2026-08-04,9,25,4,15,120,Mantener la técnica durante todo el ejercicio.
39754738,2026-01-31,1,50,5,14,45,Evitar impulsos.
39754738,2026-01-31,2,7,3,13,45,Reducir el peso si pierde la técnica.
39754738,2026-01-31,3,19,5,11,60,
39754738,2026-01-31,4,44,3,10,90,
39754738,2026-01-31,5,49,3,11,30,
39754738,2026-01-31,6,31,4,13,30,Aumentar el peso si completa todas las series.
39754738,2026-01-31,7,48,3,14,120,Reducir el peso si pierde la técnica.
39754738,2026-07-09,1,47,5,9,60,Realizar el movimiento completo.
39754738,2026-07-09,2,15,3,8,120,
39754738,2026-07-09,3,48,5,15,45,Evitar impulsos.
39754738,2026-07-09,4,24,3,13,90,Evitar impulsos.
39754738,2026-07-09,5,50,5,9,60,
39754738,2026-07-09,6,41,4,12,30,
39754738,2026-07-09,7,34,5,8,120,Realizar el movimiento completo.
39754738,2026-07-09,8,17,3,10,45,Evitar impulsos.
39754738,2026-08-02,1,20,5,11,90,Realizar el movimiento completo.
39754738,2026-08-02,2,54,5,15,45,
39754738,2026-08-02,3,28,3,8,45,
39754738,2026-08-02,4,41,4,15,45,Realizar el movimiento completo.
39754738,2026-08-02,5,26,4,8,120,Aumentar el peso si completa todas las series.
39754738,2026-08-02,6,55,4,13,60,
39754738,2026-08-02,7,4,4,12,60,
39754738,2026-08-02,8,15,4,11,60,Controlar la velocidad de ejecución.
39754738,2026-07-22,1,50,5,13,90,Reducir el peso si pierde la técnica.
39754738,2026-07-22,2,55,4,14,60,Reducir el peso si pierde la técnica.
39754738,2026-07-22,3,46,5,8,90,Evitar impulsos.
39754738,2026-07-22,4,29,3,10,120,Mantener la técnica durante todo el ejercicio.
39754738,2026-07-22,5,8,5,12,90,Aumentar el peso si completa todas las series.
39754738,2026-07-22,6,11,4,9,90,Reducir el peso si pierde la técnica.
39754738,2026-07-22,7,53,3,8,45,Aumentar el peso si completa todas las series.
42833701,2026-01-12,1,53,5,10,120,
42833701,2026-01-12,2,30,4,14,90,Aumentar el peso si completa todas las series.
42833701,2026-01-12,3,7,3,8,45,Controlar la velocidad de ejecución.
42833701,2026-01-12,4,15,5,10,45,
42833701,2026-01-12,5,28,4,11,120,Reducir el peso si pierde la técnica.
42833701,2026-01-12,6,4,5,8,90,
42833701,2026-01-12,7,1,5,13,120,Controlar la velocidad de ejecución.
42833701,2026-01-12,8,47,4,12,45,Realizar el movimiento completo.
42833701,2026-01-12,9,34,4,9,45,Realizar el movimiento completo.
42833701,2026-01-12,10,32,3,12,60,Controlar la velocidad de ejecución.
43582395,2026-01-19,1,54,5,12,30,Controlar la velocidad de ejecución.
43582395,2026-01-19,2,52,4,11,90,
43582395,2026-01-19,3,20,5,14,120,Realizar el movimiento completo.
43582395,2026-01-19,4,25,3,10,45,Mantener la técnica durante todo el ejercicio.
43582395,2026-01-19,5,30,5,10,60,Controlar la velocidad de ejecución.
43582395,2026-01-19,6,34,5,14,60,Controlar la velocidad de ejecución.
48233085,2026-07-17,1,22,4,13,90,Evitar impulsos.
48233085,2026-07-17,2,12,4,12,60,Evitar impulsos.
48233085,2026-07-17,3,47,5,9,45,
48233085,2026-07-17,4,25,3,14,60,
48233085,2026-07-17,5,32,3,12,120,
48233085,2026-07-17,6,3,3,8,120,Realizar el movimiento completo.
48233085,2026-07-17,7,24,4,11,90,Reducir el peso si pierde la técnica.
48233085,2026-07-16,1,11,5,8,90,Realizar el movimiento completo.
48233085,2026-07-16,2,51,4,10,45,Aumentar el peso si completa todas las series.
48233085,2026-07-16,3,15,3,12,30,Reducir el peso si pierde la técnica.
48233085,2026-07-16,4,27,4,10,45,Aumentar el peso si completa todas las series.
48233085,2026-07-16,5,40,3,13,60,Evitar impulsos.
48233085,2026-07-16,6,12,5,9,45,Mantener la técnica durante todo el ejercicio.
31542715,2026-04-18,1,20,3,11,90,Reducir el peso si pierde la técnica.
31542715,2026-04-18,2,5,4,11,60,Aumentar el peso si completa todas las series.
31542715,2026-04-18,3,34,3,15,45,Realizar el movimiento completo.
31542715,2026-04-18,4,16,4,8,60,Mantener la técnica durante todo el ejercicio.
31542715,2026-04-18,5,40,5,11,60,Aumentar el peso si completa todas las series.
31542715,2026-04-18,6,25,3,12,120,Mantener la técnica durante todo el ejercicio.
31542715,2026-05-13,1,4,4,12,30,Controlar la velocidad de ejecución.
31542715,2026-05-13,2,32,5,11,60,Aumentar el peso si completa todas las series.
31542715,2026-05-13,3,33,3,11,60,Controlar la velocidad de ejecución.
31542715,2026-05-13,4,38,4,11,120,
31542715,2026-05-13,5,39,4,12,45,Controlar la velocidad de ejecución.
31542715,2026-05-13,6,8,5,14,45,
31542715,2026-05-13,7,47,3,9,90,Controlar la velocidad de ejecución.
31542715,2026-05-13,8,45,3,12,120,Reducir el peso si pierde la técnica.
31542715,2026-05-13,9,23,4,13,120,
47675123,2025-11-23,1,20,3,10,30,
47675123,2025-11-23,2,16,4,15,45,
47675123,2025-11-23,3,34,4,15,60,Evitar impulsos.
47675123,2025-11-23,4,41,3,15,90,Mantener la técnica durante todo el ejercicio.
47675123,2025-11-23,5,5,3,11,45,Reducir el peso si pierde la técnica.
47675123,2025-11-23,6,49,5,10,45,Mantener la técnica durante todo el ejercicio.
47675123,2026-02-05,1,32,4,11,90,Mantener la técnica durante todo el ejercicio.
47675123,2026-02-05,2,39,5,13,120,
47675123,2026-02-05,3,22,5,10,45,Realizar el movimiento completo.
47675123,2026-02-05,4,5,5,12,90,
47675123,2026-02-05,5,45,4,12,30,Controlar la velocidad de ejecución.
47675123,2026-02-05,6,38,5,15,90,
47675123,2026-02-05,7,46,5,15,45,Reducir el peso si pierde la técnica.
47675123,2026-02-05,8,6,5,11,45,Reducir el peso si pierde la técnica.
47675123,2026-02-05,9,28,3,15,60,Reducir el peso si pierde la técnica.
40367193,2026-07-27,1,52,3,11,45,Evitar impulsos.
40367193,2026-07-27,2,3,4,11,120,
40367193,2026-07-27,3,31,5,8,60,
40367193,2026-07-27,4,15,5,10,30,Controlar la velocidad de ejecución.
40367193,2026-07-27,5,33,5,13,120,
40367193,2026-07-27,6,34,3,8,30,Controlar la velocidad de ejecución.
34134674,2026-07-25,1,51,4,15,120,Aumentar el peso si completa todas las series.
34134674,2026-07-25,2,7,5,10,45,Realizar el movimiento completo.
34134674,2026-07-25,3,4,4,12,60,
34134674,2026-07-25,4,2,5,13,90,
34134674,2026-07-25,5,26,4,15,45,
34134674,2026-07-25,6,23,3,11,45,Evitar impulsos.
34134674,2026-07-25,7,25,3,11,45,
34134674,2026-07-25,8,33,4,10,90,Aumentar el peso si completa todas las series.
34134674,2026-07-25,9,52,4,11,90,
34134674,2026-07-25,10,5,4,15,90,Mantener la técnica durante todo el ejercicio.
34134674,2026-07-26,1,54,3,9,90,Aumentar el peso si completa todas las series.
34134674,2026-07-26,2,44,4,10,60,Reducir el peso si pierde la técnica.
34134674,2026-07-26,3,38,3,8,45,
34134674,2026-07-26,4,14,3,14,90,
34134674,2026-07-26,5,55,3,12,120,Mantener la técnica durante todo el ejercicio.
34134674,2026-07-26,6,10,4,8,45,
34134674,2026-07-26,7,35,5,10,45,
34134674,2026-07-26,8,9,4,10,30,Reducir el peso si pierde la técnica.
34610191,2026-07-19,1,23,5,13,30,Evitar impulsos.
34610191,2026-07-19,2,49,3,14,45,
34610191,2026-07-19,3,13,3,13,120,Realizar el movimiento completo.
34610191,2026-07-19,4,16,3,12,120,Realizar el movimiento completo.
34610191,2026-07-19,5,5,3,14,60,Evitar impulsos.
34610191,2026-07-19,6,42,4,9,90,
34610191,2026-07-19,7,43,5,9,45,Controlar la velocidad de ejecución.
34610191,2026-07-19,8,53,3,12,45,Reducir el peso si pierde la técnica.
34610191,2026-07-19,9,10,4,11,30,Evitar impulsos.
40797196,2026-04-27,1,6,3,9,120,
40797196,2026-04-27,2,41,3,13,45,Realizar el movimiento completo.
40797196,2026-04-27,3,22,3,11,60,
40797196,2026-04-27,4,38,4,13,60,Evitar impulsos.
40797196,2026-04-27,5,28,4,11,30,Aumentar el peso si completa todas las series.
40797196,2026-04-27,6,1,3,15,60,Realizar el movimiento completo.
45825638,2026-02-26,1,45,4,10,45,
45825638,2026-02-26,2,30,5,15,60,Aumentar el peso si completa todas las series.
45825638,2026-02-26,3,23,3,13,120,Reducir el peso si pierde la técnica.
45825638,2026-02-26,4,48,5,15,30,Evitar impulsos.
45825638,2026-02-26,5,9,3,12,60,Realizar el movimiento completo.
45825638,2026-02-26,6,16,3,8,120,
45825638,2026-02-26,7,13,4,12,30,Evitar impulsos.
45825638,2026-02-26,8,49,3,10,60,Reducir el peso si pierde la técnica.
45825638,2026-02-26,9,36,5,14,30,Realizar el movimiento completo.
45825638,2026-02-26,10,35,5,11,60,Evitar impulsos.
33391208,2026-07-18,1,55,4,12,90,
33391208,2026-07-18,2,7,4,15,90,
33391208,2026-07-18,3,4,4,8,60,
33391208,2026-07-18,4,9,5,9,60,
33391208,2026-07-18,5,14,4,12,30,Reducir el peso si pierde la técnica.
33391208,2026-07-18,6,34,3,10,90,Mantener la técnica durante todo el ejercicio.
33391208,2026-07-18,7,21,3,15,90,Mantener la técnica durante todo el ejercicio.
33391208,2026-07-18,8,26,4,10,90,Mantener la técnica durante todo el ejercicio.
33391208,2026-05-24,1,1,3,10,120,Controlar la velocidad de ejecución.
33391208,2026-05-24,2,47,3,9,120,Realizar el movimiento completo.
33391208,2026-05-24,3,55,3,8,60,Aumentar el peso si completa todas las series.
33391208,2026-05-24,4,2,5,13,120,
33391208,2026-05-24,5,12,3,14,30,Reducir el peso si pierde la técnica.
33391208,2026-05-24,6,18,3,8,30,
33391208,2026-05-24,7,25,4,15,120,Aumentar el peso si completa todas las series.
33391208,2026-05-24,8,32,3,8,45,
33391208,2026-07-19,1,20,3,10,60,
33391208,2026-07-19,2,40,4,11,45,Controlar la velocidad de ejecución.
33391208,2026-07-19,3,22,4,10,30,
33391208,2026-07-19,4,47,5,9,30,
33391208,2026-07-19,5,37,4,9,30,Controlar la velocidad de ejecución.
33391208,2026-07-19,6,45,3,8,45,Aumentar el peso si completa todas las series.
33391208,2026-07-21,1,2,4,15,120,
33391208,2026-07-21,2,27,3,12,45,
33391208,2026-07-21,3,47,3,8,45,
33391208,2026-07-21,4,32,4,12,30,Evitar impulsos.
33391208,2026-07-21,5,11,5,14,120,Realizar el movimiento completo.
33391208,2026-07-21,6,10,4,14,90,Evitar impulsos.
33391208,2026-07-21,7,44,3,12,120,
33391208,2026-07-21,8,8,3,12,60,
43912097,2026-01-26,1,33,4,14,120,
43912097,2026-01-26,2,55,4,13,60,Reducir el peso si pierde la técnica.
43912097,2026-01-26,3,47,4,9,30,
43912097,2026-01-26,4,34,3,8,60,Reducir el peso si pierde la técnica.
43912097,2026-01-26,5,2,4,13,60,
43912097,2026-01-26,6,38,3,14,60,
43912097,2026-01-26,7,10,3,8,30,Aumentar el peso si completa todas las series.
43868067,2026-03-16,1,31,3,8,120,Evitar impulsos.
43868067,2026-03-16,2,14,5,13,120,
43868067,2026-03-16,3,2,5,15,45,Mantener la técnica durante todo el ejercicio.
43868067,2026-03-16,4,4,3,11,30,Reducir el peso si pierde la técnica.
43868067,2026-03-16,5,44,5,15,90,Realizar el movimiento completo.
43868067,2026-03-16,6,47,5,11,30,Controlar la velocidad de ejecución.
43868067,2026-03-16,7,25,4,10,120,
43868067,2026-03-16,8,52,5,12,120,
43868067,2026-05-01,1,31,4,13,45,
43868067,2026-05-01,2,43,5,8,30,Evitar impulsos.
43868067,2026-05-01,3,12,4,8,120,Evitar impulsos.
43868067,2026-05-01,4,51,5,14,60,
43868067,2026-05-01,5,5,3,15,45,Realizar el movimiento completo.
43868067,2026-05-01,6,38,5,14,45,Realizar el movimiento completo.
43868067,2026-05-01,7,33,3,12,45,Reducir el peso si pierde la técnica.
43868067,2026-05-01,8,6,5,14,30,Realizar el movimiento completo.
43868067,2026-05-01,9,8,5,10,30,
43868067,2026-06-17,1,48,4,14,30,
43868067,2026-06-17,2,44,4,13,30,
43868067,2026-06-17,3,49,4,10,30,Aumentar el peso si completa todas las series.
43868067,2026-06-17,4,1,4,12,90,Reducir el peso si pierde la técnica.
43868067,2026-06-17,5,10,5,12,90,Aumentar el peso si completa todas las series.
43868067,2026-06-17,6,8,5,15,60,Realizar el movimiento completo.
43868067,2026-06-17,7,9,3,12,60,Realizar el movimiento completo.
43868067,2026-06-17,8,46,5,11,90,Aumentar el peso si completa todas las series.
43868067,2026-06-17,9,19,4,13,45,Mantener la técnica durante todo el ejercicio.
30986280,2025-12-10,1,44,5,9,45,
30986280,2025-12-10,2,47,5,8,45,
30986280,2025-12-10,3,22,3,14,30,Mantener la técnica durante todo el ejercicio.
30986280,2025-12-10,4,15,3,8,45,
30986280,2025-12-10,5,32,4,9,120,
30986280,2025-12-10,6,6,3,11,120,
30986280,2025-12-10,7,52,4,9,120,
30986280,2026-07-11,1,37,3,15,120,Reducir el peso si pierde la técnica.
30986280,2026-07-11,2,41,3,15,60,
30986280,2026-07-11,3,13,3,12,60,Evitar impulsos.
30986280,2026-07-11,4,24,5,10,45,Evitar impulsos.
30986280,2026-07-11,5,36,3,14,60,
30986280,2026-07-11,6,17,4,13,30,Evitar impulsos.
30986280,2026-07-11,7,45,5,15,45,Reducir el peso si pierde la técnica.
30986280,2026-07-17,1,50,5,9,90,Controlar la velocidad de ejecución.
30986280,2026-07-17,2,27,3,8,120,Realizar el movimiento completo.
30986280,2026-07-17,3,14,3,14,45,Realizar el movimiento completo.
30986280,2026-07-17,4,34,5,13,30,Reducir el peso si pierde la técnica.
30986280,2026-07-17,5,54,5,13,60,Aumentar el peso si completa todas las series.
30986280,2026-07-17,6,37,4,12,60,Reducir el peso si pierde la técnica.
30986280,2026-07-17,7,39,3,11,30,
30986280,2026-07-17,8,33,4,15,30,Aumentar el peso si completa todas las series.
30986280,2026-07-17,9,45,4,15,45,Evitar impulsos.
38632323,2026-07-19,1,17,3,8,60,Mantener la técnica durante todo el ejercicio.
38632323,2026-07-19,2,3,4,14,60,
38632323,2026-07-19,3,14,3,13,90,Aumentar el peso si completa todas las series.
38632323,2026-07-19,4,42,5,15,30,Reducir el peso si pierde la técnica.
38632323,2026-07-19,5,16,4,9,45,Evitar impulsos.
38632323,2026-07-19,6,2,3,13,90,Reducir el peso si pierde la técnica.
38632323,2026-08-07,1,12,4,8,90,Evitar impulsos.
38632323,2026-08-07,2,42,4,15,120,
38632323,2026-08-07,3,7,5,14,60,Aumentar el peso si completa todas las series.
38632323,2026-08-07,4,53,3,12,120,Realizar el movimiento completo.
38632323,2026-08-07,5,16,5,14,45,Reducir el peso si pierde la técnica.
38632323,2026-08-07,6,5,5,11,90,
38632323,2026-08-07,7,13,5,11,45,Evitar impulsos.
38632323,2026-08-07,8,25,3,15,90,Controlar la velocidad de ejecución.
38632323,2026-08-07,9,8,4,11,60,Evitar impulsos.
38632323,2026-08-07,10,14,3,8,60,
38632323,2026-04-05,1,51,5,13,120,Aumentar el peso si completa todas las series.
38632323,2026-04-05,2,39,5,15,45,Evitar impulsos.
38632323,2026-04-05,3,26,5,11,90,
38632323,2026-04-05,4,49,5,8,45,Realizar el movimiento completo.
38632323,2026-04-05,5,32,3,15,60,Evitar impulsos.
38632323,2026-04-05,6,48,3,11,45,
38632323,2026-04-05,7,9,4,10,45,
38632323,2026-04-30,1,43,3,15,30,Reducir el peso si pierde la técnica.
38632323,2026-04-30,2,10,3,11,120,
38632323,2026-04-30,3,5,5,10,120,
38632323,2026-04-30,4,2,4,9,60,Aumentar el peso si completa todas las series.
38632323,2026-04-30,5,36,4,14,60,
38632323,2026-04-30,6,11,3,11,90,Mantener la técnica durante todo el ejercicio.
38632323,2026-07-15,1,4,3,10,60,
38632323,2026-07-15,2,6,4,14,120,Reducir el peso si pierde la técnica.
38632323,2026-07-15,3,34,3,13,60,Mantener la técnica durante todo el ejercicio.
38632323,2026-07-15,4,1,5,8,60,
38632323,2026-07-15,5,44,5,13,120,Mantener la técnica durante todo el ejercicio.
38632323,2026-07-15,6,28,4,11,120,Reducir el peso si pierde la técnica.
38632323,2026-07-15,7,32,4,10,120,Aumentar el peso si completa todas las series.
38632323,2026-07-15,8,16,3,13,90,
38632323,2026-07-15,9,36,3,12,90,
38632323,2026-07-15,10,12,4,15,30,
31934497,2026-07-18,1,55,3,10,120,Controlar la velocidad de ejecución.
31934497,2026-07-18,2,35,4,15,120,
31934497,2026-07-18,3,9,3,14,45,
31934497,2026-07-18,4,33,5,9,60,Evitar impulsos.
31934497,2026-07-18,5,53,3,14,90,Realizar el movimiento completo.
31934497,2026-07-18,6,22,4,14,90,
31934497,2026-07-18,7,39,4,13,60,Aumentar el peso si completa todas las series.
31934497,2026-07-18,8,3,5,9,60,Realizar el movimiento completo.
31934497,2026-08-03,1,44,4,12,60,Evitar impulsos.
31934497,2026-08-03,2,45,5,12,90,Reducir el peso si pierde la técnica.
31934497,2026-08-03,3,23,4,10,120,Realizar el movimiento completo.
31934497,2026-08-03,4,30,4,15,45,
31934497,2026-08-03,5,53,3,15,120,Aumentar el peso si completa todas las series.
31934497,2026-08-03,6,16,4,8,30,Reducir el peso si pierde la técnica.
31934497,2026-08-03,7,6,5,10,120,Evitar impulsos.
31934497,2026-08-03,8,49,4,12,30,Controlar la velocidad de ejecución.
31934497,2026-08-03,9,10,4,12,60,Controlar la velocidad de ejecución.
31934497,2026-07-19,1,3,3,9,45,Mantener la técnica durante todo el ejercicio.
31934497,2026-07-19,2,49,3,11,90,
31934497,2026-07-19,3,29,5,13,90,Realizar el movimiento completo.
31934497,2026-07-19,4,9,4,13,60,
31934497,2026-07-19,5,6,3,14,45,
31934497,2026-07-19,6,34,4,8,90,Mantener la técnica durante todo el ejercicio.
31934497,2026-07-19,7,1,4,15,60,Mantener la técnica durante todo el ejercicio.
35844112,2026-02-12,1,2,4,10,30,
35844112,2026-02-12,2,13,4,12,60,Realizar el movimiento completo.
35844112,2026-02-12,3,51,4,9,30,Controlar la velocidad de ejecución.
35844112,2026-02-12,4,45,3,11,90,Mantener la técnica durante todo el ejercicio.
35844112,2026-02-12,5,9,4,12,120,
35844112,2026-02-12,6,3,4,8,60,Realizar el movimiento completo.
35844112,2026-02-12,7,14,5,10,120,Controlar la velocidad de ejecución.
35844112,2026-02-12,8,20,3,12,90,Aumentar el peso si completa todas las series.
35844112,2026-02-12,9,1,5,10,60,Reducir el peso si pierde la técnica.
35844112,2026-04-09,1,30,4,9,60,Controlar la velocidad de ejecución.
35844112,2026-04-09,2,31,4,9,90,Controlar la velocidad de ejecución.
35844112,2026-04-09,3,54,5,8,30,
35844112,2026-04-09,4,8,3,12,90,Reducir el peso si pierde la técnica.
35844112,2026-04-09,5,11,4,9,120,
35844112,2026-04-09,6,20,3,14,45,
35844112,2026-04-09,7,4,4,8,60,
41153924,2026-07-20,1,23,5,11,90,
41153924,2026-07-20,2,2,5,11,120,Reducir el peso si pierde la técnica.
41153924,2026-07-20,3,52,4,9,90,
41153924,2026-07-20,4,55,4,11,30,
41153924,2026-07-20,5,5,5,12,30,Reducir el peso si pierde la técnica.
41153924,2026-07-20,6,36,3,11,30,Reducir el peso si pierde la técnica.
41153924,2026-07-20,7,31,5,13,45,Controlar la velocidad de ejecución.
42399071,2026-04-23,1,35,3,11,90,
42399071,2026-04-23,2,49,3,11,120,
42399071,2026-04-23,3,32,5,8,30,Evitar impulsos.
42399071,2026-04-23,4,17,5,12,90,
42399071,2026-04-23,5,27,5,8,90,Mantener la técnica durante todo el ejercicio.
42399071,2026-04-23,6,43,5,12,60,Reducir el peso si pierde la técnica.
42399071,2026-04-23,7,28,4,12,45,
42399071,2026-04-23,8,45,3,12,60,Realizar el movimiento completo.
42399071,2026-05-25,1,22,3,8,60,
42399071,2026-05-25,2,33,4,12,45,
42399071,2026-05-25,3,15,3,15,60,Realizar el movimiento completo.
42399071,2026-05-25,4,31,5,9,60,Mantener la técnica durante todo el ejercicio.
42399071,2026-05-25,5,5,5,13,60,Mantener la técnica durante todo el ejercicio.
42399071,2026-05-25,6,12,3,12,45,
42399071,2026-08-04,1,1,5,13,60,Mantener la técnica durante todo el ejercicio.
42399071,2026-08-04,2,30,5,9,30,
42399071,2026-08-04,3,14,5,10,45,
42399071,2026-08-04,4,21,3,13,120,Reducir el peso si pierde la técnica.
42399071,2026-08-04,5,43,5,13,120,Realizar el movimiento completo.
42399071,2026-08-04,6,51,3,9,60,Controlar la velocidad de ejecución.
42399071,2026-08-04,7,26,3,15,120,
42399071,2026-08-04,8,50,3,9,90,Controlar la velocidad de ejecución.
42399071,2026-08-04,9,39,4,10,30,
40205064,2026-07-30,1,1,4,11,30,
40205064,2026-07-30,2,29,4,8,60,Aumentar el peso si completa todas las series.
40205064,2026-07-30,3,45,4,12,60,
40205064,2026-07-30,4,9,4,8,90,Controlar la velocidad de ejecución.
40205064,2026-07-30,5,2,4,14,90,Controlar la velocidad de ejecución.
40205064,2026-07-30,6,43,5,15,120,
40205064,2026-06-16,1,4,4,9,30,Realizar el movimiento completo.
40205064,2026-06-16,2,45,5,14,45,
40205064,2026-06-16,3,20,5,12,90,Realizar el movimiento completo.
40205064,2026-06-16,4,18,5,9,120,Reducir el peso si pierde la técnica.
40205064,2026-06-16,5,37,5,10,30,Realizar el movimiento completo.
40205064,2026-06-16,6,52,4,10,30,Reducir el peso si pierde la técnica.
40205064,2026-06-16,7,19,5,15,60,Evitar impulsos.
40205064,2026-06-16,8,50,3,12,30,
40990404,2025-10-14,1,10,5,11,45,Controlar la velocidad de ejecución.
40990404,2025-10-14,2,36,4,15,120,
40990404,2025-10-14,3,6,5,9,90,Evitar impulsos.
40990404,2025-10-14,4,54,4,8,45,
40990404,2025-10-14,5,7,5,8,30,Reducir el peso si pierde la técnica.
40990404,2025-10-14,6,15,3,14,120,Controlar la velocidad de ejecución.
40990404,2025-10-14,7,53,5,9,90,Evitar impulsos.
40990404,2026-07-30,1,37,4,14,60,
40990404,2026-07-30,2,55,3,9,45,
40990404,2026-07-30,3,19,3,12,120,Controlar la velocidad de ejecución.
40990404,2026-07-30,4,26,5,11,60,Controlar la velocidad de ejecución.
40990404,2026-07-30,5,39,4,15,45,Reducir el peso si pierde la técnica.
40990404,2026-07-30,6,27,5,12,30,
40990404,2026-07-30,7,35,4,14,30,Mantener la técnica durante todo el ejercicio.
40990404,2026-07-30,8,1,4,15,120,
40990404,2026-07-30,9,49,4,15,60,
40990404,2026-07-30,10,15,3,10,30,Mantener la técnica durante todo el ejercicio.
40990404,2026-08-06,1,5,4,10,45,
40990404,2026-08-06,2,6,5,14,30,Evitar impulsos.
40990404,2026-08-06,3,10,4,10,120,Controlar la velocidad de ejecución.
40990404,2026-08-06,4,9,4,9,120,
40990404,2026-08-06,5,23,4,13,60,
40990404,2026-08-06,6,25,5,12,45,Aumentar el peso si completa todas las series.
38975732,2026-08-01,1,53,5,11,90,
38975732,2026-08-01,2,25,5,15,60,Aumentar el peso si completa todas las series.
38975732,2026-08-01,3,6,4,12,60,
38975732,2026-08-01,4,46,5,15,90,Realizar el movimiento completo.
38975732,2026-08-01,5,17,5,14,60,
38975732,2026-08-01,6,52,3,10,120,Reducir el peso si pierde la técnica.
38975732,2026-08-01,7,15,4,10,45,
38975732,2026-07-11,1,15,3,14,90,Controlar la velocidad de ejecución.
38975732,2026-07-11,2,32,3,12,30,Controlar la velocidad de ejecución.
38975732,2026-07-11,3,9,3,9,120,
38975732,2026-07-11,4,43,5,10,30,Mantener la técnica durante todo el ejercicio.
38975732,2026-07-11,5,6,4,12,30,Reducir el peso si pierde la técnica.
38975732,2026-07-11,6,50,5,8,30,Controlar la velocidad de ejecución.
38975732,2026-07-11,7,12,5,13,30,
38975732,2026-07-11,8,29,4,9,45,Aumentar el peso si completa todas las series.
38975732,2026-08-07,1,46,5,8,90,Evitar impulsos.
38975732,2026-08-07,2,11,5,13,45,Aumentar el peso si completa todas las series.
38975732,2026-08-07,3,23,3,10,90,Evitar impulsos.
38975732,2026-08-07,4,12,3,8,30,
38975732,2026-08-07,5,48,5,14,45,Evitar impulsos.
38975732,2026-08-07,6,14,3,9,90,Controlar la velocidad de ejecución.
38975732,2026-08-07,7,34,5,9,60,
44737774,2026-07-16,1,7,3,15,30,Aumentar el peso si completa todas las series.
44737774,2026-07-16,2,33,3,12,120,Controlar la velocidad de ejecución.
44737774,2026-07-16,3,29,4,9,30,Controlar la velocidad de ejecución.
44737774,2026-07-16,4,27,3,9,30,
44737774,2026-07-16,5,31,3,13,30,
44737774,2026-07-16,6,9,4,8,60,
38105411,2026-08-01,1,52,5,13,90,Evitar impulsos.
38105411,2026-08-01,2,47,5,11,30,Mantener la técnica durante todo el ejercicio.
38105411,2026-08-01,3,42,5,9,120,Reducir el peso si pierde la técnica.
38105411,2026-08-01,4,51,3,15,90,Evitar impulsos.
38105411,2026-08-01,5,26,3,8,30,Realizar el movimiento completo.
38105411,2026-08-01,6,41,4,13,90,Realizar el movimiento completo.
38105411,2026-03-13,1,49,3,11,90,
38105411,2026-03-13,2,3,3,15,30,
38105411,2026-03-13,3,33,4,15,120,Realizar el movimiento completo.
38105411,2026-03-13,4,30,5,8,120,Reducir el peso si pierde la técnica.
38105411,2026-03-13,5,16,3,11,45,
38105411,2026-03-13,6,48,3,10,60,Controlar la velocidad de ejecución.
38105411,2026-03-13,7,55,4,8,30,Realizar el movimiento completo.
38105411,2026-03-13,8,9,3,15,90,Aumentar el peso si completa todas las series.
38105411,2026-03-13,9,40,3,14,90,
38105411,2026-08-05,1,40,5,9,30,Realizar el movimiento completo.
38105411,2026-08-05,2,29,4,12,45,Evitar impulsos.
38105411,2026-08-05,3,22,5,11,60,Evitar impulsos.
38105411,2026-08-05,4,55,5,15,60,
38105411,2026-08-05,5,7,4,8,90,Realizar el movimiento completo.
38105411,2026-08-05,6,5,5,8,60,
38105411,2026-08-05,7,25,4,11,60,Realizar el movimiento completo.
38803223,2025-11-28,1,22,4,14,120,Realizar el movimiento completo.
38803223,2025-11-28,2,30,4,14,45,
38803223,2025-11-28,3,32,4,14,60,Realizar el movimiento completo.
38803223,2025-11-28,4,20,5,8,30,
38803223,2025-11-28,5,7,3,15,30,Reducir el peso si pierde la técnica.
38803223,2025-11-28,6,12,5,12,30,Realizar el movimiento completo.
38803223,2025-11-28,7,8,5,11,90,Evitar impulsos.
38803223,2025-11-28,8,48,3,13,90,
38803223,2025-11-28,9,9,4,10,90,Mantener la técnica durante todo el ejercicio.
38803223,2025-11-28,10,4,3,12,45,
38803223,2026-07-06,1,48,5,10,120,Reducir el peso si pierde la técnica.
38803223,2026-07-06,2,34,4,15,45,Controlar la velocidad de ejecución.
38803223,2026-07-06,3,37,4,10,90,
38803223,2026-07-06,4,19,4,11,60,Realizar el movimiento completo.
38803223,2026-07-06,5,35,5,14,45,Realizar el movimiento completo.
38803223,2026-07-06,6,8,3,15,120,Controlar la velocidad de ejecución.
38803223,2026-07-06,7,31,3,12,120,Mantener la técnica durante todo el ejercicio.
38803223,2026-07-06,8,42,4,14,30,Controlar la velocidad de ejecución.
38803223,2026-07-06,9,11,4,10,120,Aumentar el peso si completa todas las series.
38803223,2026-07-06,10,14,5,14,45,Realizar el movimiento completo.
38803223,2026-07-28,1,9,3,13,60,Aumentar el peso si completa todas las series.
38803223,2026-07-28,2,23,5,10,90,Reducir el peso si pierde la técnica.
38803223,2026-07-28,3,3,3,15,90,
38803223,2026-07-28,4,5,5,9,45,Aumentar el peso si completa todas las series.
38803223,2026-07-28,5,26,3,10,45,
38803223,2026-07-28,6,18,4,11,45,
38803223,2026-07-28,7,2,5,14,45,
38803223,2026-07-28,8,12,3,14,60,Mantener la técnica durante todo el ejercicio.
38803223,2026-07-28,9,51,4,10,45,Mantener la técnica durante todo el ejercicio.
38803223,2026-07-28,10,53,3,13,90,Mantener la técnica durante todo el ejercicio.
38803223,2026-07-31,1,50,3,11,120,Reducir el peso si pierde la técnica.
38803223,2026-07-31,2,49,3,9,60,Aumentar el peso si completa todas las series.
38803223,2026-07-31,3,40,3,8,45,Evitar impulsos.
38803223,2026-07-31,4,45,4,15,90,Aumentar el peso si completa todas las series.
38803223,2026-07-31,5,16,4,9,45,Controlar la velocidad de ejecución.
38803223,2026-07-31,6,39,4,12,90,Controlar la velocidad de ejecución.
38803223,2026-07-31,7,36,4,8,60,
38803223,2026-07-31,8,20,3,8,90,
38803223,2026-06-13,1,45,5,11,60,Mantener la técnica durante todo el ejercicio.
38803223,2026-06-13,2,9,4,12,90,
38803223,2026-06-13,3,5,5,8,45,Realizar el movimiento completo.
38803223,2026-06-13,4,1,5,14,90,
38803223,2026-06-13,5,29,3,14,120,
38803223,2026-06-13,6,24,5,14,45,Controlar la velocidad de ejecución.
38803223,2026-07-14,1,15,4,13,120,Controlar la velocidad de ejecución.
38803223,2026-07-14,2,33,3,10,90,Evitar impulsos.
38803223,2026-07-14,3,51,3,10,30,Aumentar el peso si completa todas las series.
38803223,2026-07-14,4,10,3,15,90,Aumentar el peso si completa todas las series.
38803223,2026-07-14,5,41,4,8,90,Aumentar el peso si completa todas las series.
38803223,2026-07-14,6,36,4,15,30,Mantener la técnica durante todo el ejercicio.
38803223,2026-07-14,7,54,3,10,60,
38803223,2026-07-14,8,42,5,10,30,Reducir el peso si pierde la técnica.
34484403,2026-01-17,1,22,5,15,30,Reducir el peso si pierde la técnica.
34484403,2026-01-17,2,42,4,8,45,Realizar el movimiento completo.
34484403,2026-01-17,3,43,5,8,30,Controlar la velocidad de ejecución.
34484403,2026-01-17,4,44,3,15,60,
34484403,2026-01-17,5,53,4,12,45,Evitar impulsos.
34484403,2026-01-17,6,4,4,12,120,Evitar impulsos.
34484403,2026-01-17,7,10,3,12,30,Mantener la técnica durante todo el ejercicio.
34484403,2026-01-17,8,20,5,9,120,
34484403,2026-07-22,1,51,5,12,60,
34484403,2026-07-22,2,11,3,10,45,Aumentar el peso si completa todas las series.
34484403,2026-07-22,3,54,3,15,30,Realizar el movimiento completo.
34484403,2026-07-22,4,20,3,10,90,
34484403,2026-07-22,5,39,5,12,60,
34484403,2026-07-22,6,13,5,13,60,Realizar el movimiento completo.
34484403,2026-07-22,7,19,5,8,120,Reducir el peso si pierde la técnica.
34484403,2026-07-22,8,14,3,13,60,Mantener la técnica durante todo el ejercicio.
34484403,2026-07-22,9,34,4,15,90,Realizar el movimiento completo.
34484403,2026-05-26,1,13,4,13,30,Controlar la velocidad de ejecución.
34484403,2026-05-26,2,11,3,15,120,Mantener la técnica durante todo el ejercicio.
34484403,2026-05-26,3,26,3,10,120,Reducir el peso si pierde la técnica.
34484403,2026-05-26,4,21,5,11,30,
34484403,2026-05-26,5,6,5,13,120,
34484403,2026-05-26,6,8,5,14,90,Realizar el movimiento completo.
34484403,2026-07-21,1,48,5,9,45,Mantener la técnica durante todo el ejercicio.
34484403,2026-07-21,2,50,4,12,45,
34484403,2026-07-21,3,34,3,14,45,Mantener la técnica durante todo el ejercicio.
34484403,2026-07-21,4,8,3,11,30,
34484403,2026-07-21,5,20,4,13,90,
34484403,2026-07-21,6,22,5,10,90,
34484403,2026-07-21,7,33,3,12,60,Realizar el movimiento completo.
35669779,2026-01-22,1,41,4,14,90,Mantener la técnica durante todo el ejercicio.
35669779,2026-01-22,2,55,5,8,45,
35669779,2026-01-22,3,29,3,8,45,
35669779,2026-01-22,4,25,4,11,90,Controlar la velocidad de ejecución.
35669779,2026-01-22,5,33,5,9,45,
35669779,2026-01-22,6,50,4,8,60,Evitar impulsos.
35669779,2026-08-07,1,41,4,13,60,Aumentar el peso si completa todas las series.
35669779,2026-08-07,2,10,3,11,30,Reducir el peso si pierde la técnica.
35669779,2026-08-07,3,50,4,8,120,Realizar el movimiento completo.
35669779,2026-08-07,4,9,3,11,30,Reducir el peso si pierde la técnica.
35669779,2026-08-07,5,11,4,12,30,Reducir el peso si pierde la técnica.
35669779,2026-08-07,6,7,3,10,90,Realizar el movimiento completo.
35669779,2026-07-31,1,32,3,9,45,Mantener la técnica durante todo el ejercicio.
35669779,2026-07-31,2,16,3,10,90,
35669779,2026-07-31,3,46,5,10,60,Realizar el movimiento completo.
35669779,2026-07-31,4,13,4,11,60,
35669779,2026-07-31,5,42,4,15,45,
35669779,2026-07-31,6,29,3,12,30,Mantener la técnica durante todo el ejercicio.
35669779,2026-07-31,7,23,5,14,90,Evitar impulsos.
35669779,2026-07-31,8,54,4,12,30,Controlar la velocidad de ejecución.
35669779,2026-07-31,9,10,3,9,90,Reducir el peso si pierde la técnica.
35669779,2026-06-18,1,52,4,12,120,Controlar la velocidad de ejecución.
35669779,2026-06-18,2,36,3,9,45,Controlar la velocidad de ejecución.
35669779,2026-06-18,3,34,4,15,90,
35669779,2026-06-18,4,11,3,12,30,
35669779,2026-06-18,5,9,3,8,45,Mantener la técnica durante todo el ejercicio.
35669779,2026-06-18,6,21,4,12,90,
35669779,2026-06-18,7,28,5,11,60,Reducir el peso si pierde la técnica.
35669779,2026-07-23,1,37,4,14,30,Reducir el peso si pierde la técnica.
35669779,2026-07-23,2,53,3,10,90,Evitar impulsos.
35669779,2026-07-23,3,8,5,15,45,Reducir el peso si pierde la técnica.
35669779,2026-07-23,4,20,5,13,120,Controlar la velocidad de ejecución.
35669779,2026-07-23,5,17,3,9,30,Realizar el movimiento completo.
35669779,2026-07-23,6,40,3,12,60,Realizar el movimiento completo.
35669779,2026-07-23,7,36,4,11,60,Aumentar el peso si completa todas las series.
35669779,2026-07-23,8,49,4,11,90,Evitar impulsos.
35669779,2026-07-23,9,5,4,14,60,Controlar la velocidad de ejecución.
35669779,2026-07-23,10,18,5,15,120,Controlar la velocidad de ejecución.
48985373,2026-07-25,1,20,5,10,90,
48985373,2026-07-25,2,29,3,12,45,Controlar la velocidad de ejecución.
48985373,2026-07-25,3,28,5,8,120,Reducir el peso si pierde la técnica.
48985373,2026-07-25,4,9,3,10,30,
48985373,2026-07-25,5,43,3,13,60,Aumentar el peso si completa todas las series.
48985373,2026-07-25,6,1,5,8,90,
40848612,2025-12-11,1,42,4,8,30,Evitar impulsos.
40848612,2025-12-11,2,43,5,10,60,Realizar el movimiento completo.
40848612,2025-12-11,3,30,5,13,60,
40848612,2025-12-11,4,54,4,12,30,Aumentar el peso si completa todas las series.
40848612,2025-12-11,5,16,4,8,60,Mantener la técnica durante todo el ejercicio.
40848612,2025-12-11,6,1,3,8,30,
40848612,2025-12-11,7,23,4,13,120,Reducir el peso si pierde la técnica.
40848612,2025-12-11,8,26,4,11,120,
40848612,2025-12-11,9,31,3,14,45,
40848612,2026-01-04,1,36,4,12,30,Realizar el movimiento completo.
40848612,2026-01-04,2,55,4,13,120,Evitar impulsos.
40848612,2026-01-04,3,11,4,8,30,Aumentar el peso si completa todas las series.
40848612,2026-01-04,4,9,4,8,90,Reducir el peso si pierde la técnica.
40848612,2026-01-04,5,32,5,13,30,
40848612,2026-01-04,6,31,3,8,45,
40848612,2026-01-04,7,19,5,15,90,Aumentar el peso si completa todas las series.
40848612,2026-02-07,1,26,5,9,120,Controlar la velocidad de ejecución.
40848612,2026-02-07,2,3,3,11,60,Reducir el peso si pierde la técnica.
40848612,2026-02-07,3,51,5,13,60,
40848612,2026-02-07,4,22,5,12,30,
40848612,2026-02-07,5,43,5,11,60,Evitar impulsos.
40848612,2026-02-07,6,49,3,10,45,Mantener la técnica durante todo el ejercicio.
40848612,2026-02-07,7,11,5,12,45,
40848612,2026-07-08,1,33,4,8,30,Reducir el peso si pierde la técnica.
40848612,2026-07-08,2,7,5,9,60,Mantener la técnica durante todo el ejercicio.
40848612,2026-07-08,3,8,3,9,120,
40848612,2026-07-08,4,43,5,10,30,
40848612,2026-07-08,5,17,5,13,120,Mantener la técnica durante todo el ejercicio.
40848612,2026-07-08,6,42,3,10,30,Mantener la técnica durante todo el ejercicio.
40848612,2026-07-08,7,18,5,9,90,Evitar impulsos.
40848612,2026-07-08,8,50,4,11,90,Aumentar el peso si completa todas las series.
40848612,2026-08-06,1,36,3,8,60,Evitar impulsos.
40848612,2026-08-06,2,55,5,15,60,Aumentar el peso si completa todas las series.
40848612,2026-08-06,3,12,4,14,30,Controlar la velocidad de ejecución.
40848612,2026-08-06,4,10,5,8,90,Mantener la técnica durante todo el ejercicio.
40848612,2026-08-06,5,32,3,14,60,Aumentar el peso si completa todas las series.
40848612,2026-08-06,6,42,4,13,120,Controlar la velocidad de ejecución.
40848612,2026-08-06,7,9,4,13,45,
40848612,2026-08-06,8,37,4,10,60,
48953792,2026-02-18,1,26,3,10,90,Aumentar el peso si completa todas las series.
48953792,2026-02-18,2,42,4,11,60,Aumentar el peso si completa todas las series.
48953792,2026-02-18,3,50,3,9,45,Mantener la técnica durante todo el ejercicio.
48953792,2026-02-18,4,13,3,10,45,Mantener la técnica durante todo el ejercicio.
48953792,2026-02-18,5,1,3,8,60,
48953792,2026-02-18,6,3,4,11,120,
48953792,2026-02-18,7,5,5,8,30,Controlar la velocidad de ejecución.
48953792,2026-02-18,8,23,4,13,30,Controlar la velocidad de ejecución.
48953792,2026-02-18,9,11,3,9,90,
48953792,2026-02-18,10,40,4,10,30,Mantener la técnica durante todo el ejercicio.
35051476,2026-07-31,1,49,3,15,90,
35051476,2026-07-31,2,48,4,8,90,Evitar impulsos.
35051476,2026-07-31,3,50,3,15,45,Reducir el peso si pierde la técnica.
35051476,2026-07-31,4,31,4,14,60,Reducir el peso si pierde la técnica.
35051476,2026-07-31,5,8,4,8,60,Mantener la técnica durante todo el ejercicio.
35051476,2026-07-31,6,39,5,10,120,
35051476,2026-07-31,7,51,5,14,60,
35051476,2026-08-01,1,26,5,13,120,
35051476,2026-08-01,2,7,3,8,90,Evitar impulsos.
35051476,2026-08-01,3,20,3,15,120,Reducir el peso si pierde la técnica.
35051476,2026-08-01,4,40,4,15,120,Evitar impulsos.
35051476,2026-08-01,5,31,5,15,60,
35051476,2026-08-01,6,15,4,13,45,
35051476,2026-08-01,7,50,5,12,60,
35051476,2026-08-01,8,43,4,9,120,
35051476,2026-08-01,9,27,5,9,45,Evitar impulsos.
35051476,2026-08-04,1,30,5,8,30,Aumentar el peso si completa todas las series.
35051476,2026-08-04,2,1,3,10,30,
35051476,2026-08-04,3,10,5,13,30,Evitar impulsos.
35051476,2026-08-04,4,2,3,13,120,
35051476,2026-08-04,5,35,3,8,45,Reducir el peso si pierde la técnica.
35051476,2026-08-04,6,54,5,11,30,Reducir el peso si pierde la técnica.
35051476,2026-08-04,7,39,3,10,60,Aumentar el peso si completa todas las series.
35051476,2026-08-04,8,7,3,12,45,Evitar impulsos.
35051476,2026-08-04,9,45,4,9,90,Mantener la técnica durante todo el ejercicio.
35051476,2026-08-04,10,22,4,12,90,Reducir el peso si pierde la técnica.
33663336,2025-12-12,1,6,5,9,120,
33663336,2025-12-12,2,26,3,11,120,
33663336,2025-12-12,3,44,3,9,30,Evitar impulsos.
33663336,2025-12-12,4,24,5,8,90,Controlar la velocidad de ejecución.
33663336,2025-12-12,5,35,3,15,120,Realizar el movimiento completo.
33663336,2025-12-12,6,31,3,15,45,Reducir el peso si pierde la técnica.
33663336,2026-07-23,1,51,5,10,45,
33663336,2026-07-23,2,1,4,13,45,
33663336,2026-07-23,3,53,4,15,120,Realizar el movimiento completo.
33663336,2026-07-23,4,4,3,10,90,Realizar el movimiento completo.
33663336,2026-07-23,5,15,5,10,90,Reducir el peso si pierde la técnica.
33663336,2026-07-23,6,9,4,9,30,
33663336,2026-07-23,7,33,3,11,90,
33663336,2026-07-23,8,5,5,11,120,
33663336,2026-07-23,9,20,5,10,45,Reducir el peso si pierde la técnica.
33663336,2026-07-23,10,23,3,12,120,
35871899,2026-02-18,1,46,5,13,120,Reducir el peso si pierde la técnica.
35871899,2026-02-18,2,41,4,12,30,Aumentar el peso si completa todas las series.
35871899,2026-02-18,3,8,5,8,45,
35871899,2026-02-18,4,6,5,13,120,Reducir el peso si pierde la técnica.
35871899,2026-02-18,5,53,3,8,120,Mantener la técnica durante todo el ejercicio.
35871899,2026-02-18,6,5,4,11,60,Reducir el peso si pierde la técnica.
35871899,2026-02-18,7,49,4,15,45,Controlar la velocidad de ejecución.
35871899,2026-02-18,8,50,3,14,45,
35871899,2026-04-20,1,12,4,8,45,
35871899,2026-04-20,2,22,3,9,30,Evitar impulsos.
35871899,2026-04-20,3,25,5,11,45,
35871899,2026-04-20,4,46,3,14,60,
35871899,2026-04-20,5,43,4,9,60,
35871899,2026-04-20,6,3,4,12,90,
35871899,2026-04-20,7,19,3,14,120,Aumentar el peso si completa todas las series.
35871899,2026-04-20,8,48,3,12,60,Aumentar el peso si completa todas las series.
36414253,2025-12-11,1,49,4,10,120,
36414253,2025-12-11,2,7,5,14,90,Controlar la velocidad de ejecución.
36414253,2025-12-11,3,6,4,15,120,Evitar impulsos.
36414253,2025-12-11,4,23,3,8,90,
36414253,2025-12-11,5,34,4,9,120,Mantener la técnica durante todo el ejercicio.
36414253,2025-12-11,6,2,4,9,60,Realizar el movimiento completo.
36414253,2025-12-11,7,51,5,9,30,Mantener la técnica durante todo el ejercicio.
36414253,2026-02-12,1,43,5,14,30,
36414253,2026-02-12,2,8,3,9,45,Reducir el peso si pierde la técnica.
36414253,2026-02-12,3,26,5,8,30,Mantener la técnica durante todo el ejercicio.
36414253,2026-02-12,4,31,4,14,45,
36414253,2026-02-12,5,12,4,13,45,Mantener la técnica durante todo el ejercicio.
36414253,2026-02-12,6,45,4,15,120,
36414253,2026-02-12,7,51,3,11,120,Controlar la velocidad de ejecución.
36414253,2026-02-12,8,52,5,14,60,Aumentar el peso si completa todas las series.
36414253,2026-02-12,9,7,3,15,45,Reducir el peso si pierde la técnica.
36414253,2026-02-12,10,30,5,14,60,
36414253,2026-03-13,1,1,3,11,120,
36414253,2026-03-13,2,23,4,10,90,
36414253,2026-03-13,3,2,5,15,90,Mantener la técnica durante todo el ejercicio.
36414253,2026-03-13,4,21,4,12,90,Mantener la técnica durante todo el ejercicio.
36414253,2026-03-13,5,36,3,8,90,
36414253,2026-03-13,6,52,3,12,60,
36414253,2026-03-13,7,16,3,10,30,Reducir el peso si pierde la técnica.
36414253,2026-06-14,1,3,5,14,120,Evitar impulsos.
36414253,2026-06-14,2,18,5,10,45,Aumentar el peso si completa todas las series.
36414253,2026-06-14,3,28,4,9,30,Mantener la técnica durante todo el ejercicio.
36414253,2026-06-14,4,40,5,12,30,Realizar el movimiento completo.
36414253,2026-06-14,5,32,3,12,90,
36414253,2026-06-14,6,39,3,11,90,Realizar el movimiento completo.
36414253,2026-06-14,7,23,4,15,90,
48654338,2026-08-03,1,38,5,12,30,
48654338,2026-08-03,2,33,5,10,60,Evitar impulsos.
48654338,2026-08-03,3,46,3,9,30,Realizar el movimiento completo.
48654338,2026-08-03,4,39,3,14,60,Mantener la técnica durante todo el ejercicio.
48654338,2026-08-03,5,40,3,12,45,
48654338,2026-08-03,6,35,3,14,90,
48654338,2026-08-03,7,55,5,10,30,Evitar impulsos.
48654338,2026-08-03,8,8,3,12,45,
48654338,2026-08-03,9,41,4,9,90,Mantener la técnica durante todo el ejercicio.
41977243,2026-07-14,1,41,4,11,60,
41977243,2026-07-14,2,17,5,11,90,
41977243,2026-07-14,3,47,3,8,90,
41977243,2026-07-14,4,33,5,12,90,Controlar la velocidad de ejecución.
41977243,2026-07-14,5,26,3,15,120,
41977243,2026-07-14,6,40,3,9,45,
41977243,2026-07-14,7,13,5,14,45,Aumentar el peso si completa todas las series.
41977243,2026-07-14,8,44,3,12,90,
35961596,2026-07-16,1,33,5,8,30,Aumentar el peso si completa todas las series.
35961596,2026-07-16,2,31,3,9,120,Controlar la velocidad de ejecución.
35961596,2026-07-16,3,42,3,13,120,
35961596,2026-07-16,4,49,3,9,45,Reducir el peso si pierde la técnica.
35961596,2026-07-16,5,14,4,8,45,
35961596,2026-07-16,6,47,4,10,120,Controlar la velocidad de ejecución.
35961596,2026-07-16,7,22,3,8,30,
35961596,2026-07-16,8,45,5,12,45,Evitar impulsos.
48829179,2026-03-29,1,26,4,9,30,Mantener la técnica durante todo el ejercicio.
48829179,2026-03-29,2,35,3,11,60,
48829179,2026-03-29,3,43,4,11,30,
48829179,2026-03-29,4,40,3,15,45,Reducir el peso si pierde la técnica.
48829179,2026-03-29,5,44,4,15,45,
48829179,2026-03-29,6,23,3,11,90,Reducir el peso si pierde la técnica.
48829179,2026-03-29,7,1,5,14,45,
48829179,2026-03-29,8,32,3,15,30,Evitar impulsos.
48829179,2026-07-17,1,26,4,10,90,
48829179,2026-07-17,2,18,5,9,30,Evitar impulsos.
48829179,2026-07-17,3,41,3,14,45,
48829179,2026-07-17,4,38,3,14,120,
48829179,2026-07-17,5,52,5,12,120,Aumentar el peso si completa todas las series.
48829179,2026-07-17,6,24,5,10,60,
36707618,2026-03-21,1,40,5,15,45,Aumentar el peso si completa todas las series.
36707618,2026-03-21,2,17,4,13,45,Evitar impulsos.
36707618,2026-03-21,3,15,4,14,30,Evitar impulsos.
36707618,2026-03-21,4,14,5,12,120,
36707618,2026-03-21,5,18,3,13,45,Reducir el peso si pierde la técnica.
36707618,2026-03-21,6,25,5,9,30,
36707618,2026-07-26,1,47,5,8,45,Aumentar el peso si completa todas las series.
36707618,2026-07-26,2,22,3,14,30,Mantener la técnica durante todo el ejercicio.
36707618,2026-07-26,3,24,4,8,30,Aumentar el peso si completa todas las series.
36707618,2026-07-26,4,39,3,14,90,Aumentar el peso si completa todas las series.
36707618,2026-07-26,5,52,4,13,60,Aumentar el peso si completa todas las series.
36707618,2026-07-26,6,23,5,15,60,
36707618,2026-07-26,7,1,5,9,90,Reducir el peso si pierde la técnica.
36707618,2026-07-26,8,17,4,15,120,
36707618,2026-07-26,9,29,3,11,90,Realizar el movimiento completo.
36707618,2026-07-16,1,39,5,12,30,
36707618,2026-07-16,2,20,4,13,90,Mantener la técnica durante todo el ejercicio.
36707618,2026-07-16,3,51,4,10,90,
36707618,2026-07-16,4,22,5,9,60,Reducir el peso si pierde la técnica.
36707618,2026-07-16,5,53,5,14,60,
36707618,2026-07-16,6,52,3,8,90,Aumentar el peso si completa todas las series.
36707618,2026-07-16,7,36,4,13,60,
36707618,2026-07-16,8,27,3,14,45,
36707618,2026-07-16,9,1,3,12,30,Controlar la velocidad de ejecución.
30363127,2026-03-21,1,54,4,14,30,Realizar el movimiento completo.
30363127,2026-03-21,2,9,4,12,90,Evitar impulsos.
30363127,2026-03-21,3,2,5,13,60,
30363127,2026-03-21,4,47,3,11,90,
30363127,2026-03-21,5,31,4,14,120,Evitar impulsos.
30363127,2026-03-21,6,12,4,11,30,
30363127,2026-05-17,1,30,3,8,45,Reducir el peso si pierde la técnica.
30363127,2026-05-17,2,43,3,13,120,Reducir el peso si pierde la técnica.
30363127,2026-05-17,3,2,3,10,60,Evitar impulsos.
30363127,2026-05-17,4,44,3,14,60,Aumentar el peso si completa todas las series.
30363127,2026-05-17,5,37,4,13,120,Aumentar el peso si completa todas las series.
30363127,2026-05-17,6,33,5,10,45,Realizar el movimiento completo.
47840490,2026-07-29,1,8,5,11,90,Controlar la velocidad de ejecución.
47840490,2026-07-29,2,15,5,10,60,
47840490,2026-07-29,3,41,5,11,30,
47840490,2026-07-29,4,17,3,10,120,Controlar la velocidad de ejecución.
47840490,2026-07-29,5,31,4,8,120,Reducir el peso si pierde la técnica.
47840490,2026-07-29,6,52,4,9,45,Reducir el peso si pierde la técnica.
31263795,2026-07-20,1,11,3,14,90,Evitar impulsos.
31263795,2026-07-20,2,24,4,12,120,Aumentar el peso si completa todas las series.
31263795,2026-07-20,3,18,5,8,60,
31263795,2026-07-20,4,21,4,8,45,
31263795,2026-07-20,5,20,4,9,30,
31263795,2026-07-20,6,5,4,13,90,Mantener la técnica durante todo el ejercicio.
31263795,2026-07-20,7,47,4,8,120,Aumentar el peso si completa todas las series.
31263795,2026-07-20,8,44,5,12,30,Controlar la velocidad de ejecución.
31263795,2026-07-20,9,22,5,15,120,Mantener la técnica durante todo el ejercicio.
31263795,2026-07-20,10,7,4,14,120,Controlar la velocidad de ejecución.
31263795,2026-07-25,1,25,5,9,60,Mantener la técnica durante todo el ejercicio.
31263795,2026-07-25,2,47,5,8,120,Controlar la velocidad de ejecución.
31263795,2026-07-25,3,34,4,10,120,Realizar el movimiento completo.
31263795,2026-07-25,4,26,5,14,45,Evitar impulsos.
31263795,2026-07-25,5,37,5,12,30,Controlar la velocidad de ejecución.
31263795,2026-07-25,6,14,5,9,30,Reducir el peso si pierde la técnica.
31263795,2026-07-12,1,21,4,12,120,Evitar impulsos.
31263795,2026-07-12,2,19,5,9,120,
31263795,2026-07-12,3,26,4,9,45,
31263795,2026-07-12,4,42,3,9,45,Evitar impulsos.
31263795,2026-07-12,5,14,5,10,120,Controlar la velocidad de ejecución.
31263795,2026-07-12,6,52,5,14,90,Controlar la velocidad de ejecución.
31263795,2026-07-12,7,35,4,15,60,Realizar el movimiento completo.
31263795,2026-08-06,1,24,3,9,60,Reducir el peso si pierde la técnica.
31263795,2026-08-06,2,27,5,15,30,Mantener la técnica durante todo el ejercicio.
31263795,2026-08-06,3,11,3,10,45,
31263795,2026-08-06,4,38,3,12,60,
31263795,2026-08-06,5,10,4,10,45,Aumentar el peso si completa todas las series.
31263795,2026-08-06,6,43,4,11,30,Reducir el peso si pierde la técnica.
31263795,2026-08-06,7,55,4,15,30,
31263795,2026-08-06,8,12,3,10,120,
48097573,2026-03-28,1,40,3,8,120,Controlar la velocidad de ejecución.
48097573,2026-03-28,2,50,5,8,30,Mantener la técnica durante todo el ejercicio.
48097573,2026-03-28,3,12,5,11,30,Mantener la técnica durante todo el ejercicio.
48097573,2026-03-28,4,51,4,13,90,
48097573,2026-03-28,5,53,5,9,120,Evitar impulsos.
48097573,2026-03-28,6,4,4,8,60,
48097573,2026-03-28,7,22,5,12,45,Reducir el peso si pierde la técnica.
48097573,2026-03-28,8,20,3,9,120,Reducir el peso si pierde la técnica.
33293900,2026-07-28,1,51,4,13,60,Reducir el peso si pierde la técnica.
33293900,2026-07-28,2,29,5,12,45,
33293900,2026-07-28,3,21,3,9,120,
33293900,2026-07-28,4,24,5,9,90,Aumentar el peso si completa todas las series.
33293900,2026-07-28,5,41,3,10,45,Reducir el peso si pierde la técnica.
33293900,2026-07-28,6,49,4,13,60,Mantener la técnica durante todo el ejercicio.
33293900,2026-07-28,7,31,5,8,45,
33293900,2026-07-28,8,9,4,12,60,
33293900,2026-07-12,1,3,4,12,60,Realizar el movimiento completo.
33293900,2026-07-12,2,33,5,14,45,
33293900,2026-07-12,3,35,5,14,120,
33293900,2026-07-12,4,23,4,10,30,Evitar impulsos.
33293900,2026-07-12,5,7,3,15,60,Aumentar el peso si completa todas las series.
33293900,2026-07-12,6,11,5,14,30,Reducir el peso si pierde la técnica.
33293900,2026-07-12,7,10,4,15,45,Realizar el movimiento completo.
33293900,2026-07-12,8,26,5,10,60,Aumentar el peso si completa todas las series.
35413939,2026-04-24,1,39,5,9,60,
35413939,2026-04-24,2,11,4,11,45,Realizar el movimiento completo.
35413939,2026-04-24,3,7,5,12,60,Evitar impulsos.
35413939,2026-04-24,4,38,5,12,45,
35413939,2026-04-24,5,55,4,12,90,Aumentar el peso si completa todas las series.
35413939,2026-04-24,6,36,5,15,120,Evitar impulsos.
35413939,2026-04-24,7,16,5,9,120,Reducir el peso si pierde la técnica.
35413939,2026-04-24,8,25,5,13,60,Mantener la técnica durante todo el ejercicio.
42868661,2026-07-20,1,42,5,10,30,
42868661,2026-07-20,2,10,5,14,45,Realizar el movimiento completo.
42868661,2026-07-20,3,54,5,15,30,Controlar la velocidad de ejecución.
42868661,2026-07-20,4,3,5,13,120,
42868661,2026-07-20,5,11,3,14,90,Mantener la técnica durante todo el ejercicio.
42868661,2026-07-20,6,30,3,8,60,Reducir el peso si pierde la técnica.
42868661,2026-07-20,7,13,4,10,120,Realizar el movimiento completo.
42868661,2026-07-20,8,50,5,15,30,
42868661,2026-04-22,1,3,3,10,60,
42868661,2026-04-22,2,37,3,12,120,Mantener la técnica durante todo el ejercicio.
42868661,2026-04-22,3,35,3,14,60,Mantener la técnica durante todo el ejercicio.
42868661,2026-04-22,4,24,5,15,90,
42868661,2026-04-22,5,13,5,8,120,
42868661,2026-04-22,6,32,4,14,30,Evitar impulsos.
42868661,2026-04-22,7,49,3,10,60,Controlar la velocidad de ejecución.
42868661,2026-06-23,1,30,3,11,30,
42868661,2026-06-23,2,24,4,13,45,Aumentar el peso si completa todas las series.
42868661,2026-06-23,3,20,5,10,90,Reducir el peso si pierde la técnica.
42868661,2026-06-23,4,19,5,8,90,Reducir el peso si pierde la técnica.
42868661,2026-06-23,5,3,3,12,60,Controlar la velocidad de ejecución.
42868661,2026-06-23,6,17,4,10,60,Reducir el peso si pierde la técnica.
37612601,2026-07-30,1,14,3,11,30,Reducir el peso si pierde la técnica.
37612601,2026-07-30,2,41,4,10,120,Mantener la técnica durante todo el ejercicio.
37612601,2026-07-30,3,37,3,9,120,
37612601,2026-07-30,4,29,3,12,30,Mantener la técnica durante todo el ejercicio.
37612601,2026-07-30,5,48,4,14,60,
37612601,2026-07-30,6,28,5,11,30,
37612601,2026-07-30,7,46,5,13,90,
37612601,2026-07-30,8,6,4,14,30,Aumentar el peso si completa todas las series.
37612601,2026-07-31,1,36,3,11,120,Controlar la velocidad de ejecución.
37612601,2026-07-31,2,13,5,8,30,Reducir el peso si pierde la técnica.
37612601,2026-07-31,3,31,4,11,90,Controlar la velocidad de ejecución.
37612601,2026-07-31,4,47,4,10,60,Reducir el peso si pierde la técnica.
37612601,2026-07-31,5,37,3,13,120,Evitar impulsos.
37612601,2026-07-31,6,42,5,9,120,Realizar el movimiento completo.
37612601,2026-07-31,7,16,4,9,45,
37612601,2026-07-31,8,48,5,15,90,Aumentar el peso si completa todas las series.
42728107,2026-07-28,1,20,4,8,60,
42728107,2026-07-28,2,49,5,14,30,
42728107,2026-07-28,3,11,3,11,120,Aumentar el peso si completa todas las series.
42728107,2026-07-28,4,47,5,8,90,Controlar la velocidad de ejecución.
42728107,2026-07-28,5,28,4,12,30,
42728107,2026-07-28,6,38,4,10,120,Mantener la técnica durante todo el ejercicio.
42728107,2026-07-28,7,8,3,12,120,
42728107,2026-07-28,8,27,3,8,45,
42728107,2026-07-28,9,51,5,14,45,Controlar la velocidad de ejecución.
41318247,2026-04-24,1,35,4,13,90,Controlar la velocidad de ejecución.
41318247,2026-04-24,2,22,3,10,60,
41318247,2026-04-24,3,34,3,14,60,Aumentar el peso si completa todas las series.
41318247,2026-04-24,4,53,3,15,60,Reducir el peso si pierde la técnica.
41318247,2026-04-24,5,9,4,14,30,Evitar impulsos.
41318247,2026-04-24,6,42,3,11,60,Evitar impulsos.
41318247,2026-04-24,7,15,5,10,90,Aumentar el peso si completa todas las series.
41318247,2026-04-24,8,20,4,9,120,
41318247,2026-04-24,9,37,3,9,60,
40010273,2025-11-25,1,48,5,9,60,
40010273,2025-11-25,2,34,3,14,30,
40010273,2025-11-25,3,35,3,10,90,
40010273,2025-11-25,4,50,4,8,60,Realizar el movimiento completo.
40010273,2025-11-25,5,51,3,14,120,Controlar la velocidad de ejecución.
40010273,2025-11-25,6,15,3,9,30,Aumentar el peso si completa todas las series.
40010273,2025-11-25,7,12,5,12,60,
40010273,2025-11-25,8,5,4,11,45,Evitar impulsos.
40010273,2026-02-02,1,3,4,9,30,
40010273,2026-02-02,2,29,5,14,60,Controlar la velocidad de ejecución.
40010273,2026-02-02,3,54,3,10,120,Controlar la velocidad de ejecución.
40010273,2026-02-02,4,27,4,15,90,
40010273,2026-02-02,5,44,4,15,45,
40010273,2026-02-02,6,47,3,13,60,Reducir el peso si pierde la técnica.
40010273,2026-02-02,7,11,4,13,30,Realizar el movimiento completo.
40010273,2026-02-02,8,31,3,8,120,
40010273,2026-02-02,9,55,4,15,60,
40010273,2026-02-23,1,23,3,10,30,
40010273,2026-02-23,2,28,5,12,30,Reducir el peso si pierde la técnica.
40010273,2026-02-23,3,26,5,12,60,
40010273,2026-02-23,4,7,5,13,90,Evitar impulsos.
40010273,2026-02-23,5,13,5,12,120,
40010273,2026-02-23,6,33,5,8,120,
40010273,2026-02-23,7,35,3,10,45,
40010273,2026-02-23,8,49,3,15,45,Realizar el movimiento completo.
40010273,2026-02-23,9,24,4,11,30,Realizar el movimiento completo.
40010273,2026-02-23,10,53,4,8,60,Controlar la velocidad de ejecución.
40010273,2026-07-05,1,5,4,14,90,Realizar el movimiento completo.
40010273,2026-07-05,2,52,5,8,120,Reducir el peso si pierde la técnica.
40010273,2026-07-05,3,35,4,13,60,Controlar la velocidad de ejecución.
40010273,2026-07-05,4,36,4,9,90,Mantener la técnica durante todo el ejercicio.
40010273,2026-07-05,5,19,5,13,90,Controlar la velocidad de ejecución.
40010273,2026-07-05,6,37,5,12,90,Aumentar el peso si completa todas las series.
40010273,2026-07-05,7,40,4,15,120,Reducir el peso si pierde la técnica.
40010273,2026-07-05,8,49,4,8,30,Aumentar el peso si completa todas las series.
40010273,2026-05-26,1,33,5,15,30,Reducir el peso si pierde la técnica.
40010273,2026-05-26,2,37,5,14,30,
40010273,2026-05-26,3,20,3,14,30,Evitar impulsos.
40010273,2026-05-26,4,13,4,15,120,
40010273,2026-05-26,5,23,4,13,60,Controlar la velocidad de ejecución.
40010273,2026-05-26,6,5,3,11,120,
40010273,2026-07-19,1,6,5,10,30,
40010273,2026-07-19,2,27,3,8,60,Mantener la técnica durante todo el ejercicio.
40010273,2026-07-19,3,54,5,8,30,
40010273,2026-07-19,4,47,5,10,30,
40010273,2026-07-19,5,42,4,8,120,Evitar impulsos.
40010273,2026-07-19,6,19,4,15,30,Aumentar el peso si completa todas las series.
40010273,2026-07-19,7,30,3,14,45,
40010273,2026-07-19,8,51,5,12,45,Controlar la velocidad de ejecución.
40010273,2026-07-19,9,23,4,15,90,
45869359,2026-08-02,1,55,4,10,30,Reducir el peso si pierde la técnica.
45869359,2026-08-02,2,15,4,9,60,
45869359,2026-08-02,3,35,4,9,60,Evitar impulsos.
45869359,2026-08-02,4,44,5,11,90,
45869359,2026-08-02,5,9,4,14,30,Mantener la técnica durante todo el ejercicio.
45869359,2026-08-02,6,13,4,12,90,Evitar impulsos.
45869359,2026-08-02,7,6,5,9,120,
45869359,2026-08-02,8,19,5,11,90,
45869359,2026-08-02,9,45,5,15,45,Mantener la técnica durante todo el ejercicio.
45869359,2026-03-25,1,7,5,10,90,Realizar el movimiento completo.
45869359,2026-03-25,2,39,3,13,45,Evitar impulsos.
45869359,2026-03-25,3,49,4,12,45,Realizar el movimiento completo.
45869359,2026-03-25,4,55,5,8,60,Evitar impulsos.
45869359,2026-03-25,5,40,3,9,60,Reducir el peso si pierde la técnica.
45869359,2026-03-25,6,33,5,11,60,
45869359,2026-03-25,7,48,4,13,120,
38863870,2026-05-23,1,13,3,12,120,
38863870,2026-05-23,2,22,3,14,30,Aumentar el peso si completa todas las series.
38863870,2026-05-23,3,29,4,15,30,
38863870,2026-05-23,4,35,3,14,60,Evitar impulsos.
38863870,2026-05-23,5,24,3,11,30,
38863870,2026-05-23,6,53,4,11,45,Realizar el movimiento completo.
38863870,2026-05-23,7,11,5,9,30,Controlar la velocidad de ejecución.
38863870,2026-05-23,8,5,3,10,120,
38863870,2026-05-23,9,12,3,10,90,Mantener la técnica durante todo el ejercicio.
38863870,2026-07-13,1,32,3,9,45,Evitar impulsos.
38863870,2026-07-13,2,26,4,9,90,Evitar impulsos.
38863870,2026-07-13,3,43,5,12,120,Controlar la velocidad de ejecución.
38863870,2026-07-13,4,23,4,12,30,Reducir el peso si pierde la técnica.
38863870,2026-07-13,5,51,3,13,120,
38863870,2026-07-13,6,54,4,10,60,
38863870,2026-07-13,7,16,3,13,60,Realizar el movimiento completo.
45802972,2026-07-29,1,25,5,14,120,Mantener la técnica durante todo el ejercicio.
45802972,2026-07-29,2,39,3,11,60,Aumentar el peso si completa todas las series.
45802972,2026-07-29,3,47,5,15,30,Reducir el peso si pierde la técnica.
45802972,2026-07-29,4,52,3,10,60,Realizar el movimiento completo.
45802972,2026-07-29,5,12,5,14,45,Mantener la técnica durante todo el ejercicio.
45802972,2026-07-29,6,32,5,15,45,Mantener la técnica durante todo el ejercicio.
45802972,2026-07-29,7,24,5,10,30,Evitar impulsos.
45802972,2026-07-29,8,14,5,11,120,
45802972,2026-07-29,9,55,3,11,30,Reducir el peso si pierde la técnica.
39397146,2026-04-23,1,23,3,8,60,
39397146,2026-04-23,2,46,4,9,60,
39397146,2026-04-23,3,28,4,15,30,Reducir el peso si pierde la técnica.
39397146,2026-04-23,4,25,3,14,30,Aumentar el peso si completa todas las series.
39397146,2026-04-23,5,40,5,15,90,
39397146,2026-04-23,6,52,3,12,90,Realizar el movimiento completo.
39397146,2026-04-23,7,5,4,15,45,Realizar el movimiento completo.
39397146,2026-04-23,8,51,4,14,45,Realizar el movimiento completo.
39397146,2026-04-23,9,50,4,8,30,
39397146,2026-08-06,1,24,5,12,120,Aumentar el peso si completa todas las series.
39397146,2026-08-06,2,52,4,10,45,
39397146,2026-08-06,3,1,3,13,90,Controlar la velocidad de ejecución.
39397146,2026-08-06,4,8,3,12,120,Controlar la velocidad de ejecución.
39397146,2026-08-06,5,6,4,10,60,
39397146,2026-08-06,6,4,3,12,60,Reducir el peso si pierde la técnica.
48336763,2026-07-16,1,11,3,13,120,Controlar la velocidad de ejecución.
48336763,2026-07-16,2,10,4,12,45,Reducir el peso si pierde la técnica.
48336763,2026-07-16,3,24,4,10,45,Controlar la velocidad de ejecución.
48336763,2026-07-16,4,36,4,9,120,
48336763,2026-07-16,5,55,5,13,60,Evitar impulsos.
48336763,2026-07-16,6,49,4,11,90,Evitar impulsos.
48336763,2026-07-16,7,4,3,10,30,
48336763,2025-12-08,1,35,3,11,60,Mantener la técnica durante todo el ejercicio.
48336763,2025-12-08,2,53,4,12,90,
48336763,2025-12-08,3,19,5,15,60,
48336763,2025-12-08,4,50,5,13,120,
48336763,2025-12-08,5,44,5,10,90,
48336763,2025-12-08,6,25,3,10,60,Controlar la velocidad de ejecución.
48336763,2025-12-08,7,2,3,8,120,Controlar la velocidad de ejecución.
48336763,2026-03-02,1,3,4,12,45,Reducir el peso si pierde la técnica.
48336763,2026-03-02,2,24,3,12,30,Mantener la técnica durante todo el ejercicio.
48336763,2026-03-02,3,1,4,13,45,Evitar impulsos.
48336763,2026-03-02,4,27,3,15,90,Mantener la técnica durante todo el ejercicio.
48336763,2026-03-02,5,23,3,14,90,
48336763,2026-03-02,6,21,5,15,60,Aumentar el peso si completa todas las series.
48336763,2026-07-17,1,30,5,13,90,Controlar la velocidad de ejecución.
48336763,2026-07-17,2,9,5,10,60,Reducir el peso si pierde la técnica.
48336763,2026-07-17,3,37,5,9,60,
48336763,2026-07-17,4,35,3,11,120,Aumentar el peso si completa todas las series.
48336763,2026-07-17,5,45,3,9,60,Mantener la técnica durante todo el ejercicio.
48336763,2026-07-17,6,13,4,15,45,Evitar impulsos.
48336763,2026-07-17,7,10,5,11,45,
48336763,2026-08-05,1,47,3,13,30,Realizar el movimiento completo.
48336763,2026-08-05,2,18,5,10,45,
48336763,2026-08-05,3,1,5,10,60,Controlar la velocidad de ejecución.
48336763,2026-08-05,4,17,4,13,90,Controlar la velocidad de ejecución.
48336763,2026-08-05,5,21,3,8,90,
48336763,2026-08-05,6,24,5,13,30,
48336763,2026-08-05,7,19,3,13,60,
48336763,2026-08-05,8,28,5,13,30,
39732551,2026-06-01,1,35,3,8,60,Evitar impulsos.
39732551,2026-06-01,2,30,3,12,60,Aumentar el peso si completa todas las series.
39732551,2026-06-01,3,54,5,8,90,Realizar el movimiento completo.
39732551,2026-06-01,4,10,4,8,60,Controlar la velocidad de ejecución.
39732551,2026-06-01,5,42,4,14,45,Aumentar el peso si completa todas las series.
39732551,2026-06-01,6,55,5,8,90,
39732551,2026-06-01,7,27,5,11,45,
39732551,2026-06-01,8,51,3,8,30,
39732551,2026-06-01,9,15,5,8,120,
39732551,2026-06-01,10,21,3,8,90,
39732551,2026-06-24,1,31,5,15,90,
39732551,2026-06-24,2,29,3,8,30,
39732551,2026-06-24,3,16,3,14,90,Aumentar el peso si completa todas las series.
39732551,2026-06-24,4,7,3,10,30,
39732551,2026-06-24,5,17,5,9,45,Controlar la velocidad de ejecución.
39732551,2026-06-24,6,35,5,8,30,Evitar impulsos.
39732551,2026-06-24,7,13,4,10,45,Controlar la velocidad de ejecución.
39732551,2026-06-24,8,34,5,11,30,Aumentar el peso si completa todas las series.
39732551,2026-07-22,1,39,3,8,30,Mantener la técnica durante todo el ejercicio.
39732551,2026-07-22,2,11,3,14,90,Realizar el movimiento completo.
39732551,2026-07-22,3,43,4,12,60,Aumentar el peso si completa todas las series.
39732551,2026-07-22,4,48,4,14,45,
39732551,2026-07-22,5,6,5,12,90,Mantener la técnica durante todo el ejercicio.
39732551,2026-07-22,6,37,4,11,90,Mantener la técnica durante todo el ejercicio.
39732551,2026-07-22,7,55,4,15,90,Aumentar el peso si completa todas las series.
39732551,2026-07-22,8,28,3,12,30,Controlar la velocidad de ejecución.
39732551,2026-07-22,9,3,4,10,120,
39732551,2026-07-22,10,46,4,13,120,Mantener la técnica durante todo el ejercicio.
38640882,2026-03-11,1,33,4,11,60,Realizar el movimiento completo.
38640882,2026-03-11,2,10,5,8,120,
38640882,2026-03-11,3,52,5,8,45,
38640882,2026-03-11,4,49,3,10,90,Evitar impulsos.
38640882,2026-03-11,5,48,3,8,60,Evitar impulsos.
38640882,2026-03-11,6,32,5,15,45,
38640882,2026-03-11,7,8,4,9,60,Aumentar el peso si completa todas las series.
38640882,2026-07-12,1,30,5,9,60,
38640882,2026-07-12,2,22,5,9,120,
38640882,2026-07-12,3,7,4,9,45,Controlar la velocidad de ejecución.
38640882,2026-07-12,4,43,3,11,120,Mantener la técnica durante todo el ejercicio.
38640882,2026-07-12,5,26,4,11,45,Realizar el movimiento completo.
38640882,2026-07-12,6,6,4,8,30,Mantener la técnica durante todo el ejercicio.
