legajo,fechaHora,idTipoMovimiento
1,2026-07-16 06:12:00,1
1,2026-07-16 14:05:00,2
1,2026-07-17 05:45:00,1
1,2026-07-17 13:54:00,2
1,2026-07-18 06:05:00,1
1,2026-07-18 13:58:00,2
1,2026-07-19 05:45:00,1
1,2026-07-19 14:00:00,2
1,2026-07-20 05:54:00,1
1,2026-07-20 14:03:00,2
1,2026-07-21 05:56:00,1
1,2026-07-21 14:05:00,2
1,2026-07-22 05:57:00,1
1,2026-07-22 13:57:00,2
1,2026-07-23 05:51:00,1
1,2026-07-23 14:04:00,2
1,2026-07-24 05:55:00,1
1,2026-07-24 13:51:00,2
1,2026-07-26 05:46:00,1
1,2026-07-26 13:49:00,2
1,2026-07-28 05:52:00,1
1,2026-07-28 13:55:00,2
1,2026-07-29 06:12:00,1
1,2026-07-29 13:49:00,2
1,2026-07-30 06:01:00,1
1,2026-07-30 13:49:00,2
1,2026-07-31 05:51:00,1
1,2026-07-31 14:06:00,2
1,2026-08-01 05:45:00,1
1,2026-08-01 13:46:00,2
1,2026-08-02 05:53:00,1
1,2026-08-02 14:14:00,2
1,2026-08-03 06:08:00,1
1,2026-08-03 14:03:00,2
1,2026-08-04 05:55:00,1
1,2026-08-04 14:01:00,2
1,2026-08-05 06:11:00,1
1,2026-08-05 14:10:00,2
1,2026-08-06 06:10:00,1
1,2026-08-06 13:55:00,2
1,2026-08-07 05:49:00,1
1,2026-08-07 13:56:00,2
2,2026-07-05 05:57:00,1
2,2026-07-05 14:09:00,2
2,2026-07-06 05:54:00,1
2,2026-07-06 13:45:00,2
2,2026-07-07 06:13:00,1
2,2026-07-07 14:14:00,2
2,2026-07-09 06:01:00,1
2,2026-07-09 14:13:00,2
2,2026-07-10 05:52:00,1
2,2026-07-10 14:10:00,2
2,2026-07-11 06:11:00,1
2,2026-07-11 13:45:00,2
2,2026-07-12 05:58:00,1
2,2026-07-12 14:09:00,2
2,2026-07-13 05:56:00,1
2,2026-07-13 13:47:00,2
2,2026-07-14 05:51:00,1
2,2026-07-14 14:04:00,2
2,2026-07-15 06:01:00,1
2,2026-07-15 14:13:00,2
2,2026-07-16 05:50:00,1
2,2026-07-16 13:56:00,2
2,2026-07-17 06:02:00,1
2,2026-07-17 13:50:00,2
2,2026-07-18 06:06:00,1
2,2026-07-18 14:01:00,2
2,2026-07-20 06:07:00,1
2,2026-07-20 14:04:00,2
2,2026-07-21 05:50:00,1
2,2026-07-21 13:53:00,2
2,2026-07-22 05:47:00,1
2,2026-07-22 14:00:00,2
2,2026-07-24 05:59:00,1
2,2026-07-24 14:01:00,2
2,2026-07-25 05:53:00,1
2,2026-07-25 13:58:00,2
2,2026-07-26 05:49:00,1
2,2026-07-26 14:10:00,2
2,2026-07-28 06:01:00,1
2,2026-07-28 13:47:00,2
2,2026-07-29 06:08:00,1
2,2026-07-29 13:55:00,2
2,2026-07-30 05:57:00,1
2,2026-07-30 14:09:00,2
2,2026-07-31 06:15:00,1
2,2026-07-31 14:11:00,2
2,2026-08-01 05:55:00,1
2,2026-08-01 14:11:00,2
2,2026-08-02 05:54:00,1
2,2026-08-02 13:45:00,2
2,2026-08-03 05:51:00,1
2,2026-08-03 13:46:00,2
2,2026-08-04 06:02:00,1
2,2026-08-04 14:14:00,2
2,2026-08-05 06:00:00,1
2,2026-08-05 13:58:00,2
2,2026-08-07 06:08:00,1
2,2026-08-07 14:05:00,2
3,2025-12-04 05:52:00,1
3,2025-12-04 14:05:00,2
3,2025-12-05 06:13:00,1
3,2025-12-05 14:03:00,2
3,2025-12-06 06:11:00,1
3,2025-12-06 14:00:00,2
3,2025-12-07 06:02:00,1
3,2025-12-07 13:48:00,2
3,2025-12-08 06:12:00,1
3,2025-12-08 14:14:00,2
3,2025-12-09 05:55:00,1
3,2025-12-09 13:52:00,2
3,2025-12-10 05:50:00,1
3,2025-12-10 13:59:00,2
3,2025-12-11 06:13:00,1
3,2025-12-11 13:45:00,2
3,2025-12-12 05:50:00,1
3,2025-12-12 14:00:00,2
3,2025-12-13 05:49:00,1
3,2025-12-13 14:10:00,2
3,2025-12-14 05:46:00,1
3,2025-12-14 14:12:00,2
3,2025-12-15 05:59:00,1
3,2025-12-15 14:09:00,2
3,2025-12-16 05:52:00,1
3,2025-12-16 14:05:00,2
3,2025-12-17 05:46:00,1
3,2025-12-17 14:02:00,2
3,2025-12-18 06:05:00,1
3,2025-12-18 13:50:00,2
3,2025-12-19 06:05:00,1
3,2025-12-19 13:51:00,2
3,2025-12-20 06:10:00,1
3,2025-12-20 14:09:00,2
3,2025-12-21 05:54:00,1
3,2025-12-21 14:01:00,2
3,2025-12-22 05:56:00,1
3,2025-12-22 14:08:00,2
3,2025-12-23 06:09:00,1
3,2025-12-23 14:04:00,2
3,2025-12-24 06:14:00,1
3,2025-12-24 14:13:00,2
3,2025-12-25 05:50:00,1
3,2025-12-25 14:01:00,2
3,2025-12-26 06:12:00,1
3,2025-12-26 14:07:00,2
3,2025-12-27 06:01:00,1
3,2025-12-27 13:58:00,2
3,2025-12-28 06:13:00,1
3,2025-12-28 14:07:00,2
3,2025-12-29 05:53:00,1
3,2025-12-29 13:53:00,2
3,2025-12-30 06:02:00,1
3,2025-12-30 13:53:00,2
3,2025-12-31 05:57:00,1
3,2025-12-31 14:11:00,2
3,2026-01-01 05:50:00,1
3,2026-01-01 14:14:00,2
3,2026-01-02 05:45:00,1
3,2026-01-02 13:48:00,2
3,2026-01-03 05:50:00,1
3,2026-01-03 13:46:00,2
3,2026-01-04 05:49:00,1
3,2026-01-04 14:07:00,2
3,2026-01-05 05:54:00,1
3,2026-01-05 13:50:00,2
3,2026-01-06 05:45:00,1
3,2026-01-06 13:54:00,2
3,2026-01-07 05:57:00,1
3,2026-01-07 13:45:00,2
3,2026-01-08 05:59:00,1
3,2026-01-08 14:06:00,2
3,2026-01-09 05:57:00,1
3,2026-01-09 13:59:00,2
3,2026-01-10 05:45:00,1
3,2026-01-10 14:00:00,2
3,2026-01-11 05:58:00,1
3,2026-01-11 14:08:00,2
3,2026-01-12 05:59:00,1
3,2026-01-12 14:09:00,2
3,2026-01-13 05:53:00,1
3,2026-01-13 13:45:00,2
3,2026-01-14 05:46:00,1
3,2026-01-14 14:08:00,2
3,2026-01-15 05:54:00,1
3,2026-01-15 14:11:00,2
3,2026-01-16 05:57:00,1
3,2026-01-16 13:45:00,2
3,2026-01-18 05:59:00,1
3,2026-01-18 14:11:00,2
3,2026-01-19 05:55:00,1
3,2026-01-19 13:50:00,2
3,2026-01-20 05:48:00,1
3,2026-01-20 14:09:00,2
3,2026-01-21 05:57:00,1
3,2026-01-21 13:55:00,2
3,2026-01-22 05:50:00,1
3,2026-01-22 14:06:00,2
3,2026-01-23 06:06:00,1
3,2026-01-23 13:46:00,2
3,2026-01-24 06:01:00,1
3,2026-01-24 14:10:00,2
3,2026-01-26 06:06:00,1
3,2026-01-26 14:14:00,2
3,2026-01-27 05:48:00,1
3,2026-01-27 13:50:00,2
3,2026-01-28 06:00:00,1
3,2026-01-28 13:54:00,2
3,2026-01-29 06:15:00,1
3,2026-01-29 13:52:00,2
3,2026-01-30 06:11:00,1
3,2026-01-30 14:05:00,2
3,2026-01-31 05:56:00,1
3,2026-01-31 13:56:00,2
3,2026-02-01 06:00:00,1
3,2026-02-01 14:01:00,2
3,2026-02-02 06:04:00,1
3,2026-02-02 14:11:00,2
3,2026-02-03 05:53:00,1
3,2026-02-03 13:49:00,2
3,2026-02-04 05:49:00,1
3,2026-02-04 13:58:00,2
3,2026-02-05 05:49:00,1
3,2026-02-05 13:47:00,2
3,2026-02-06 06:11:00,1
3,2026-02-06 13:48:00,2
3,2026-02-07 06:08:00,1
3,2026-02-07 14:04:00,2
3,2026-02-08 05:56:00,1
3,2026-02-08 14:00:00,2
3,2026-02-09 06:15:00,1
3,2026-02-09 14:10:00,2
3,2026-02-10 05:53:00,1
3,2026-02-10 14:15:00,2
3,2026-02-12 06:00:00,1
3,2026-02-12 14:12:00,2
3,2026-02-13 05:49:00,1
3,2026-02-13 14:06:00,2
3,2026-02-14 06:14:00,1
3,2026-02-14 14:02:00,2
3,2026-02-15 05:57:00,1
3,2026-02-15 13:46:00,2
3,2026-02-16 05:53:00,1
3,2026-02-16 14:01:00,2
3,2026-02-17 05:57:00,1
3,2026-02-17 13:47:00,2
3,2026-02-18 05:53:00,1
3,2026-02-18 13:59:00,2
3,2026-02-19 05:51:00,1
3,2026-02-19 14:00:00,2
3,2026-02-20 05:53:00,1
3,2026-02-20 13:56:00,2
3,2026-02-21 05:46:00,1
3,2026-02-21 13:54:00,2
3,2026-02-22 06:03:00,1
3,2026-02-22 14:15:00,2
3,2026-02-24 06:09:00,1
3,2026-02-24 14:12:00,2
3,2026-02-26 05:47:00,1
3,2026-02-26 13:50:00,2
3,2026-02-27 05:58:00,1
3,2026-02-27 14:01:00,2
3,2026-02-28 06:09:00,1
3,2026-02-28 13:45:00,2
3,2026-03-01 05:55:00,1
3,2026-03-01 14:05:00,2
3,2026-03-02 06:08:00,1
3,2026-03-02 14:06:00,2
3,2026-03-05 05:49:00,1
3,2026-03-05 13:55:00,2
3,2026-03-06 05:45:00,1
3,2026-03-06 13:48:00,2
3,2026-03-07 06:13:00,1
3,2026-03-07 13:48:00,2
3,2026-03-08 06:08:00,1
3,2026-03-08 14:01:00,2
3,2026-03-09 05:57:00,1
3,2026-03-09 14:02:00,2
3,2026-03-10 06:11:00,1
3,2026-03-10 14:08:00,2
3,2026-03-11 05:48:00,1
3,2026-03-11 14:00:00,2
3,2026-03-12 05:56:00,1
3,2026-03-12 13:46:00,2
3,2026-03-15 06:11:00,1
3,2026-03-15 14:03:00,2
3,2026-03-16 05:46:00,1
3,2026-03-16 13:52:00,2
3,2026-03-17 06:11:00,1
3,2026-03-17 14:08:00,2
3,2026-03-18 06:02:00,1
3,2026-03-18 14:09:00,2
3,2026-03-19 06:02:00,1
3,2026-03-19 14:14:00,2
3,2026-03-20 06:03:00,1
3,2026-03-20 14:10:00,2
3,2026-03-21 06:07:00,1
3,2026-03-21 13:58:00,2
3,2026-03-22 05:47:00,1
3,2026-03-22 14:06:00,2
3,2026-03-23 06:05:00,1
3,2026-03-23 14:01:00,2
3,2026-03-24 05:58:00,1
3,2026-03-24 13:51:00,2
3,2026-03-25 06:01:00,1
3,2026-03-25 13:49:00,2
3,2026-03-26 06:00:00,1
3,2026-03-26 14:03:00,2
3,2026-03-27 06:03:00,1
3,2026-03-27 14:10:00,2
3,2026-03-28 05:55:00,1
3,2026-03-28 14:15:00,2
3,2026-03-29 05:53:00,1
3,2026-03-29 14:06:00,2
3,2026-03-31 06:10:00,1
3,2026-03-31 14:09:00,2
3,2026-04-01 05:46:00,1
3,2026-04-01 14:10:00,2
3,2026-04-02 06:11:00,1
3,2026-04-02 13:56:00,2
3,2026-04-04 05:53:00,1
3,2026-04-04 14:11:00,2
3,2026-04-06 05:55:00,1
3,2026-04-06 13:57:00,2
3,2026-04-07 05:54:00,1
3,2026-04-07 13:50:00,2
3,2026-04-08 05:54:00,1
3,2026-04-08 14:10:00,2
3,2026-04-09 06:04:00,1
3,2026-04-09 14:12:00,2
3,2026-04-10 06:10:00,1
3,2026-04-10 14:13:00,2
3,2026-04-12 06:03:00,1
3,2026-04-12 14:02:00,2
3,2026-04-13 06:12:00,1
3,2026-04-13 13:58:00,2
3,2026-04-15 05:56:00,1
3,2026-04-15 14:14:00,2
3,2026-04-16 06:00:00,1
3,2026-04-16 13:54:00,2
3,2026-04-18 06:15:00,1
3,2026-04-18 14:06:00,2
3,2026-04-19 05:52:00,1
3,2026-04-19 14:01:00,2
3,2026-04-20 05:51:00,1
3,2026-04-20 13:47:00,2
3,2026-04-22 05:49:00,1
3,2026-04-22 13:59:00,2
3,2026-04-24 05:53:00,1
3,2026-04-24 14:00:00,2
3,2026-04-25 05:55:00,1
3,2026-04-25 13:52:00,2
3,2026-04-26 05:46:00,1
3,2026-04-26 13:51:00,2
3,2026-04-27 06:01:00,1
3,2026-04-27 13:49:00,2
3,2026-04-28 06:15:00,1
3,2026-04-28 13:53:00,2
3,2026-04-29 05:47:00,1
3,2026-04-29 14:00:00,2
3,2026-04-30 05:50:00,1
3,2026-04-30 14:02:00,2
3,2026-05-01 05:55:00,1
3,2026-05-01 13:49:00,2
3,2026-05-03 06:07:00,1
3,2026-05-03 13:58:00,2
3,2026-05-04 06:10:00,1
3,2026-05-04 14:08:00,2
3,2026-05-05 05:54:00,1
3,2026-05-05 14:02:00,2
3,2026-05-06 05:57:00,1
3,2026-05-06 14:02:00,2
3,2026-05-07 05:56:00,1
3,2026-05-07 14:02:00,2
3,2026-05-08 06:05:00,1
3,2026-05-08 13:46:00,2
3,2026-05-09 06:13:00,1
3,2026-05-09 14:11:00,2
3,2026-05-10 06:03:00,1
3,2026-05-10 14:15:00,2
3,2026-05-11 06:04:00,1
3,2026-05-11 14:15:00,2
3,2026-05-12 06:13:00,1
3,2026-05-12 13:46:00,2
3,2026-05-13 06:03:00,1
3,2026-05-13 13:53:00,2
3,2026-05-14 05:54:00,1
3,2026-05-14 14:04:00,2
3,2026-05-15 06:07:00,1
3,2026-05-15 14:08:00,2
3,2026-05-16 05:58:00,1
3,2026-05-16 14:08:00,2
3,2026-05-17 05:54:00,1
3,2026-05-17 13:57:00,2
3,2026-05-18 05:53:00,1
3,2026-05-18 13:54:00,2
3,2026-05-19 06:07:00,1
3,2026-05-19 14:06:00,2
3,2026-05-20 05:59:00,1
3,2026-05-20 14:10:00,2
3,2026-05-21 06:14:00,1
3,2026-05-21 14:01:00,2
3,2026-05-22 06:09:00,1
3,2026-05-22 13:47:00,2
3,2026-05-23 06:09:00,1
3,2026-05-23 13:59:00,2
3,2026-05-24 06:13:00,1
3,2026-05-24 14:11:00,2
3,2026-05-25 05:52:00,1
3,2026-05-25 13:57:00,2
3,2026-05-26 05:57:00,1
3,2026-05-26 13:57:00,2
3,2026-05-29 05:50:00,1
3,2026-05-29 14:14:00,2
3,2026-05-30 05:58:00,1
3,2026-05-30 14:00:00,2
3,2026-05-31 05:56:00,1
3,2026-05-31 13:49:00,2
3,2026-06-01 05:53:00,1
3,2026-06-01 13:54:00,2
3,2026-06-02 05:54:00,1
3,2026-06-02 14:02:00,2
3,2026-06-03 05:57:00,1
3,2026-06-03 13:54:00,2
3,2026-06-04 06:14:00,1
3,2026-06-04 13:58:00,2
3,2026-06-07 05:46:00,1
3,2026-06-07 14:05:00,2
3,2026-06-09 06:03:00,1
3,2026-06-09 13:55:00,2
3,2026-06-10 05:51:00,1
3,2026-06-10 13:54:00,2
3,2026-06-11 05:46:00,1
3,2026-06-11 14:10:00,2
3,2026-06-13 06:14:00,1
3,2026-06-13 13:47:00,2
3,2026-06-14 05:50:00,1
3,2026-06-14 13:48:00,2
3,2026-06-15 05:49:00,1
3,2026-06-15 13:56:00,2
3,2026-06-16 05:50:00,1
3,2026-06-16 14:00:00,2
3,2026-06-17 06:00:00,1
3,2026-06-17 14:07:00,2
3,2026-06-18 05:47:00,1
3,2026-06-18 14:00:00,2
3,2026-06-19 06:04:00,1
3,2026-06-19 14:14:00,2
3,2026-06-21 05:47:00,1
3,2026-06-21 13:54:00,2
3,2026-06-23 06:12:00,1
3,2026-06-23 13:57:00,2
3,2026-06-24 05:55:00,1
3,2026-06-24 14:09:00,2
3,2026-06-25 06:02:00,1
3,2026-06-25 13:53:00,2
3,2026-06-26 06:11:00,1
3,2026-06-26 13:57:00,2
3,2026-06-27 06:00:00,1
3,2026-06-27 13:57:00,2
3,2026-06-28 05:57:00,1
3,2026-06-28 14:14:00,2
3,2026-06-29 05:59:00,1
3,2026-06-29 14:08:00,2
3,2026-06-30 05:45:00,1
3,2026-06-30 13:52:00,2
3,2026-07-01 06:02:00,1
3,2026-07-01 13:54:00,2
3,2026-07-02 06:09:00,1
3,2026-07-02 13:57:00,2
3,2026-07-04 05:51:00,1
3,2026-07-04 13:49:00,2
3,2026-07-05 05:59:00,1
3,2026-07-05 14:02:00,2
3,2026-07-06 06:08:00,1
3,2026-07-06 13:48:00,2
3,2026-07-07 05:53:00,1
3,2026-07-07 13:46:00,2
3,2026-07-09 06:05:00,1
3,2026-07-09 14:14:00,2
3,2026-07-10 06:10:00,1
3,2026-07-10 14:07:00,2
3,2026-07-11 06:04:00,1
3,2026-07-11 14:05:00,2
3,2026-07-13 05:53:00,1
3,2026-07-13 14:03:00,2
3,2026-07-14 05:53:00,1
3,2026-07-14 14:05:00,2
3,2026-07-15 05:58:00,1
3,2026-07-15 14:08:00,2
3,2026-07-16 06:09:00,1
3,2026-07-16 13:57:00,2
3,2026-07-17 05:49:00,1
3,2026-07-17 13:45:00,2
3,2026-07-18 05:47:00,1
3,2026-07-18 13:55:00,2
3,2026-07-19 05:56:00,1
3,2026-07-19 14:08:00,2
3,2026-07-21 05:56:00,1
3,2026-07-21 13:55:00,2
3,2026-07-22 06:10:00,1
3,2026-07-22 13:56:00,2
3,2026-07-23 06:13:00,1
3,2026-07-23 13:53:00,2
3,2026-07-24 05:59:00,1
3,2026-07-24 13:52:00,2
3,2026-07-25 05:56:00,1
3,2026-07-25 14:11:00,2
3,2026-07-26 05:51:00,1
3,2026-07-26 14:14:00,2
3,2026-07-27 05:59:00,1
3,2026-07-27 13:52:00,2
3,2026-07-28 06:00:00,1
3,2026-07-28 14:05:00,2
3,2026-07-29 06:02:00,1
3,2026-07-29 14:13:00,2
3,2026-07-30 06:09:00,1
3,2026-07-30 13:46:00,2
3,2026-08-01 05:45:00,1
3,2026-08-01 13:45:00,2
3,2026-08-02 06:14:00,1
3,2026-08-02 13:45:00,2
3,2026-08-03 05:50:00,1
3,2026-08-03 14:05:00,2
3,2026-08-04 05:57:00,1
3,2026-08-04 13:47:00,2
3,2026-08-05 05:57:00,1
3,2026-08-05 13:52:00,2
3,2026-08-06 05:46:00,1
3,2026-08-06 13:45:00,2
3,2026-08-07 06:14:00,1
3,2026-08-07 13:53:00,2
4,2026-05-23 06:08:00,1
4,2026-05-23 14:13:00,2
4,2026-05-25 06:03:00,1
4,2026-05-25 14:13:00,2
4,2026-05-26 05:59:00,1
4,2026-05-26 13:47:00,2
4,2026-05-27 06:07:00,1
4,2026-05-27 13:45:00,2
4,2026-05-28 05:45:00,1
4,2026-05-28 14:05:00,2
4,2026-05-30 05:51:00,1
4,2026-05-30 14:11:00,2
4,2026-05-31 05:59:00,1
4,2026-05-31 14:09:00,2
4,2026-06-01 06:02:00,1
4,2026-06-01 13:49:00,2
4,2026-06-02 06:12:00,1
4,2026-06-02 14:10:00,2
4,2026-06-03 05:49:00,1
4,2026-06-03 14:01:00,2
4,2026-06-04 06:12:00,1
4,2026-06-04 13:53:00,2
4,2026-06-05 06:04:00,1
4,2026-06-05 14:00:00,2
4,2026-06-06 05:47:00,1
4,2026-06-06 13:50:00,2
4,2026-06-07 06:13:00,1
4,2026-06-07 13:51:00,2
4,2026-06-08 06:02:00,1
4,2026-06-08 14:11:00,2
4,2026-06-10 05:58:00,1
4,2026-06-10 14:06:00,2
4,2026-06-11 05:52:00,1
4,2026-06-11 14:02:00,2
4,2026-06-13 05:54:00,1
4,2026-06-13 14:03:00,2
4,2026-06-14 05:57:00,1
4,2026-06-14 14:07:00,2
4,2026-06-15 06:00:00,1
4,2026-06-15 13:46:00,2
4,2026-06-16 06:11:00,1
4,2026-06-16 14:06:00,2
4,2026-06-17 06:00:00,1
4,2026-06-17 13:51:00,2
4,2026-06-18 05:54:00,1
4,2026-06-18 14:04:00,2
4,2026-06-19 06:02:00,1
4,2026-06-19 13:49:00,2
4,2026-06-20 06:00:00,1
4,2026-06-20 13:50:00,2
4,2026-06-23 06:12:00,1
4,2026-06-23 14:05:00,2
4,2026-06-24 06:02:00,1
4,2026-06-24 13:46:00,2
4,2026-06-25 05:53:00,1
4,2026-06-25 14:14:00,2
4,2026-06-27 05:57:00,1
4,2026-06-27 13:50:00,2
4,2026-06-28 05:57:00,1
4,2026-06-28 13:57:00,2
4,2026-06-29 06:07:00,1
4,2026-06-29 14:08:00,2
4,2026-06-30 06:08:00,1
4,2026-06-30 14:00:00,2
4,2026-07-01 06:03:00,1
4,2026-07-01 14:11:00,2
4,2026-07-02 05:50:00,1
4,2026-07-02 14:13:00,2
4,2026-07-03 06:07:00,1
4,2026-07-03 14:01:00,2
4,2026-07-04 06:09:00,1
4,2026-07-04 13:45:00,2
4,2026-07-05 05:56:00,1
4,2026-07-05 14:09:00,2
4,2026-07-07 06:04:00,1
4,2026-07-07 14:03:00,2
4,2026-07-08 05:59:00,1
4,2026-07-08 14:00:00,2
4,2026-07-09 05:56:00,1
4,2026-07-09 14:04:00,2
4,2026-07-10 05:45:00,1
4,2026-07-10 14:01:00,2
4,2026-07-11 06:12:00,1
4,2026-07-11 14:13:00,2
4,2026-07-12 06:12:00,1
4,2026-07-12 14:03:00,2
4,2026-07-13 06:12:00,1
4,2026-07-13 13:56:00,2
4,2026-07-15 05:56:00,1
4,2026-07-15 13:47:00,2
4,2026-07-16 05:46:00,1
4,2026-07-16 14:04:00,2
4,2026-07-18 06:01:00,1
4,2026-07-18 14:10:00,2
4,2026-07-20 06:04:00,1
4,2026-07-20 14:00:00,2
4,2026-07-22 05:50:00,1
4,2026-07-22 14:14:00,2
4,2026-07-23 05:50:00,1
4,2026-07-23 13:49:00,2
4,2026-07-24 05:56:00,1
4,2026-07-24 13:50:00,2
4,2026-07-25 05:52:00,1
4,2026-07-25 14:14:00,2
4,2026-07-26 06:02:00,1
4,2026-07-26 13:58:00,2
4,2026-07-27 05:45:00,1
4,2026-07-27 13:52:00,2
4,2026-07-28 06:04:00,1
4,2026-07-28 13:46:00,2
4,2026-07-29 05:52:00,1
4,2026-07-29 14:08:00,2
4,2026-07-30 05:52:00,1
4,2026-07-30 14:09:00,2
4,2026-07-31 06:06:00,1
4,2026-07-31 14:13:00,2
4,2026-08-01 05:50:00,1
4,2026-08-01 13:59:00,2
4,2026-08-02 05:47:00,1
4,2026-08-02 14:07:00,2
4,2026-08-03 05:57:00,1
4,2026-08-03 14:11:00,2
4,2026-08-04 05:45:00,1
4,2026-08-04 14:13:00,2
4,2026-08-05 06:06:00,1
4,2026-08-05 13:58:00,2
4,2026-08-06 06:06:00,1
4,2026-08-06 13:52:00,2
4,2026-08-07 06:15:00,1
4,2026-08-07 14:01:00,2
5,2025-10-08 14:01:00,1
5,2025-10-08 22:06:00,2
5,2025-10-10 14:05:00,1
5,2025-10-10 21:45:00,2
5,2025-10-11 14:04:00,1
5,2025-10-11 21:46:00,2
5,2025-10-12 13:49:00,1
5,2025-10-12 22:12:00,2
5,2025-10-13 14:07:00,1
5,2025-10-13 22:13:00,2
5,2025-10-15 14:13:00,1
5,2025-10-15 21:55:00,2
5,2025-10-16 14:03:00,1
5,2025-10-16 21:53:00,2
5,2025-10-17 14:10:00,1
5,2025-10-17 22:10:00,2
5,2025-10-18 14:10:00,1
5,2025-10-18 22:03:00,2
5,2025-10-21 13:48:00,1
5,2025-10-21 22:15:00,2
5,2025-10-22 14:13:00,1
5,2025-10-22 22:03:00,2
5,2025-10-23 13:49:00,1
5,2025-10-23 22:14:00,2
5,2025-10-24 14:07:00,1
5,2025-10-24 21:55:00,2
5,2025-10-25 13:55:00,1
5,2025-10-25 22:07:00,2
5,2025-10-26 14:09:00,1
5,2025-10-26 22:04:00,2
5,2025-10-27 13:53:00,1
5,2025-10-27 21:55:00,2
5,2025-10-28 14:07:00,1
5,2025-10-28 21:45:00,2
5,2025-10-30 14:09:00,1
5,2025-10-30 22:15:00,2
5,2025-10-31 14:02:00,1
5,2025-10-31 21:46:00,2
5,2025-11-02 14:02:00,1
5,2025-11-02 22:11:00,2
5,2025-11-03 13:47:00,1
5,2025-11-03 22:10:00,2
5,2025-11-05 13:58:00,1
5,2025-11-05 21:57:00,2
5,2025-11-06 13:51:00,1
5,2025-11-06 21:58:00,2
5,2025-11-07 13:56:00,1
5,2025-11-07 21:51:00,2
5,2025-11-08 14:05:00,1
5,2025-11-08 22:02:00,2
5,2025-11-10 14:14:00,1
5,2025-11-10 21:53:00,2
5,2025-11-11 13:59:00,1
5,2025-11-11 22:13:00,2
5,2025-11-14 14:01:00,1
5,2025-11-14 21:53:00,2
5,2025-11-15 14:07:00,1
5,2025-11-15 21:52:00,2
5,2025-11-16 13:57:00,1
5,2025-11-16 22:02:00,2
5,2025-11-17 13:47:00,1
5,2025-11-17 22:01:00,2
5,2025-11-18 14:00:00,1
5,2025-11-18 22:09:00,2
5,2025-11-19 14:01:00,1
5,2025-11-19 21:53:00,2
5,2025-11-20 13:56:00,1
5,2025-11-20 21:58:00,2
5,2025-11-21 14:12:00,1
5,2025-11-21 22:14:00,2
5,2025-11-22 13:56:00,1
5,2025-11-22 22:09:00,2
5,2025-11-23 14:03:00,1
5,2025-11-23 21:56:00,2
5,2025-11-24 14:04:00,1
5,2025-11-24 21:54:00,2
5,2025-11-26 13:51:00,1
5,2025-11-26 22:12:00,2
5,2025-11-27 14:14:00,1
5,2025-11-27 21:58:00,2
5,2025-11-28 14:12:00,1
5,2025-11-28 21:47:00,2
5,2025-11-29 14:14:00,1
5,2025-11-29 21:53:00,2
5,2025-11-30 13:50:00,1
5,2025-11-30 22:13:00,2
5,2025-12-01 13:45:00,1
5,2025-12-01 21:53:00,2
5,2025-12-02 14:14:00,1
5,2025-12-02 21:45:00,2
5,2025-12-03 14:00:00,1
5,2025-12-03 22:01:00,2
5,2025-12-04 14:12:00,1
5,2025-12-04 21:57:00,2
5,2025-12-05 13:49:00,1
5,2025-12-05 22:11:00,2
5,2025-12-06 14:06:00,1
5,2025-12-06 21:47:00,2
5,2025-12-07 14:09:00,1
5,2025-12-07 21:50:00,2
5,2025-12-08 13:48:00,1
5,2025-12-08 22:00:00,2
5,2025-12-09 14:14:00,1
5,2025-12-09 21:56:00,2
5,2025-12-10 14:08:00,1
5,2025-12-10 21:46:00,2
5,2025-12-11 13:45:00,1
5,2025-12-11 22:09:00,2
5,2025-12-12 14:12:00,1
5,2025-12-12 22:15:00,2
5,2025-12-13 13:49:00,1
5,2025-12-13 22:03:00,2
5,2025-12-14 14:04:00,1
5,2025-12-14 22:10:00,2
5,2025-12-15 14:05:00,1
5,2025-12-15 22:01:00,2
5,2025-12-16 13:53:00,1
5,2025-12-16 22:15:00,2
5,2025-12-17 13:50:00,1
5,2025-12-17 22:06:00,2
5,2025-12-18 13:48:00,1
5,2025-12-18 21:49:00,2
5,2025-12-19 14:03:00,1
5,2025-12-19 21:56:00,2
5,2025-12-20 14:05:00,1
5,2025-12-20 22:04:00,2
5,2025-12-21 14:01:00,1
5,2025-12-21 22:06:00,2
5,2025-12-22 14:05:00,1
5,2025-12-22 22:04:00,2
5,2025-12-23 13:57:00,1
5,2025-12-23 21:47:00,2
5,2025-12-24 13:53:00,1
5,2025-12-24 21:50:00,2
5,2025-12-25 14:09:00,1
5,2025-12-25 22:14:00,2
5,2025-12-26 13:54:00,1
5,2025-12-26 22:08:00,2
5,2025-12-27 14:02:00,1
5,2025-12-27 22:09:00,2
5,2025-12-28 14:04:00,1
5,2025-12-28 22:07:00,2
5,2025-12-29 13:59:00,1
5,2025-12-29 22:10:00,2
5,2025-12-30 13:54:00,1
5,2025-12-30 21:49:00,2
5,2026-01-01 13:56:00,1
5,2026-01-01 22:14:00,2
5,2026-01-02 14:14:00,1
5,2026-01-02 21:53:00,2
5,2026-01-03 14:04:00,1
5,2026-01-03 21:45:00,2
5,2026-01-04 13:45:00,1
5,2026-01-04 21:46:00,2
5,2026-01-05 13:56:00,1
5,2026-01-05 21:52:00,2
5,2026-01-06 13:48:00,1
5,2026-01-06 22:14:00,2
5,2026-01-07 13:58:00,1
5,2026-01-07 21:49:00,2
5,2026-01-08 14:03:00,1
5,2026-01-08 21:55:00,2
5,2026-01-11 13:53:00,1
5,2026-01-11 22:04:00,2
5,2026-01-13 14:10:00,1
5,2026-01-13 22:04:00,2
5,2026-01-14 14:03:00,1
5,2026-01-14 22:12:00,2
5,2026-01-15 14:08:00,1
5,2026-01-15 21:50:00,2
5,2026-01-16 13:52:00,1
5,2026-01-16 22:10:00,2
5,2026-01-17 14:14:00,1
5,2026-01-17 21:56:00,2
5,2026-01-18 14:01:00,1
5,2026-01-18 22:12:00,2
5,2026-01-19 13:47:00,1
5,2026-01-19 21:51:00,2
5,2026-01-20 13:49:00,1
5,2026-01-20 22:02:00,2
5,2026-01-21 14:01:00,1
5,2026-01-21 21:57:00,2
5,2026-01-22 14:04:00,1
5,2026-01-22 21:47:00,2
5,2026-01-23 13:55:00,1
5,2026-01-23 22:08:00,2
5,2026-01-24 13:54:00,1
5,2026-01-24 22:10:00,2
5,2026-01-25 14:15:00,1
5,2026-01-25 21:53:00,2
5,2026-01-26 13:45:00,1
5,2026-01-26 22:14:00,2
5,2026-01-28 14:03:00,1
5,2026-01-28 22:13:00,2
5,2026-01-29 14:09:00,1
5,2026-01-29 21:53:00,2
5,2026-01-30 13:56:00,1
5,2026-01-30 21:53:00,2
5,2026-01-31 13:45:00,1
5,2026-01-31 22:02:00,2
5,2026-02-01 14:14:00,1
5,2026-02-01 21:57:00,2
5,2026-02-02 14:11:00,1
5,2026-02-02 21:50:00,2
5,2026-02-03 14:15:00,1
5,2026-02-03 21:57:00,2
5,2026-02-04 14:09:00,1
5,2026-02-04 22:08:00,2
5,2026-02-06 13:55:00,1
5,2026-02-06 21:50:00,2
5,2026-02-07 14:08:00,1
5,2026-02-07 21:53:00,2
5,2026-02-08 14:15:00,1
5,2026-02-08 21:45:00,2
5,2026-02-09 13:49:00,1
5,2026-02-09 21:50:00,2
5,2026-02-10 13:54:00,1
5,2026-02-10 22:13:00,2
5,2026-02-11 14:07:00,1
5,2026-02-11 22:13:00,2
5,2026-02-12 14:03:00,1
5,2026-02-12 22:08:00,2
5,2026-02-14 14:02:00,1
5,2026-02-14 22:05:00,2
5,2026-02-16 13:59:00,1
5,2026-02-16 21:47:00,2
5,2026-02-17 14:09:00,1
5,2026-02-17 22:07:00,2
5,2026-02-18 13:46:00,1
5,2026-02-18 22:09:00,2
5,2026-02-19 13:51:00,1
5,2026-02-19 21:53:00,2
5,2026-02-20 14:04:00,1
5,2026-02-20 22:14:00,2
5,2026-02-21 13:51:00,1
5,2026-02-21 21:49:00,2
5,2026-02-22 13:45:00,1
5,2026-02-22 22:06:00,2
5,2026-02-23 14:10:00,1
5,2026-02-23 22:06:00,2
5,2026-02-24 13:54:00,1
5,2026-02-24 21:55:00,2
5,2026-02-25 14:02:00,1
5,2026-02-25 21:49:00,2
5,2026-02-26 13:54:00,1
5,2026-02-26 22:05:00,2
5,2026-02-27 14:08:00,1
5,2026-02-27 22:13:00,2
5,2026-03-01 14:10:00,1
5,2026-03-01 21:49:00,2
5,2026-03-03 13:57:00,1
5,2026-03-03 22:08:00,2
5,2026-03-05 14:03:00,1
5,2026-03-05 21:49:00,2
5,2026-03-06 13:56:00,1
5,2026-03-06 21:57:00,2
5,2026-03-07 13:55:00,1
5,2026-03-07 21:46:00,2
5,2026-03-08 14:12:00,1
5,2026-03-08 22:02:00,2
5,2026-03-09 13:49:00,1
5,2026-03-09 22:09:00,2
5,2026-03-10 14:15:00,1
5,2026-03-10 22:02:00,2
5,2026-03-11 14:10:00,1
5,2026-03-11 22:11:00,2
5,2026-03-13 14:02:00,1
5,2026-03-13 21:54:00,2
5,2026-03-14 14:05:00,1
5,2026-03-14 21:50:00,2
5,2026-03-15 14:05:00,1
5,2026-03-15 22:13:00,2
5,2026-03-17 13:49:00,1
5,2026-03-17 21:58:00,2
5,2026-03-18 13:50:00,1
5,2026-03-18 22:01:00,2
5,2026-03-19 13:52:00,1
5,2026-03-19 21:56:00,2
5,2026-03-20 13:57:00,1
5,2026-03-20 22:12:00,2
5,2026-03-21 13:55:00,1
5,2026-03-21 21:48:00,2
5,2026-03-22 13:52:00,1
5,2026-03-22 22:09:00,2
5,2026-03-23 14:09:00,1
5,2026-03-23 21:48:00,2
5,2026-03-24 14:07:00,1
5,2026-03-24 22:14:00,2
5,2026-03-25 14:13:00,1
5,2026-03-25 22:11:00,2
5,2026-03-26 13:48:00,1
5,2026-03-26 21:46:00,2
5,2026-03-27 14:04:00,1
5,2026-03-27 21:58:00,2
5,2026-03-28 14:00:00,1
5,2026-03-28 22:08:00,2
5,2026-03-29 13:55:00,1
5,2026-03-29 21:54:00,2
5,2026-03-30 13:49:00,1
5,2026-03-30 21:55:00,2
5,2026-03-31 13:53:00,1
5,2026-03-31 22:15:00,2
5,2026-04-01 13:51:00,1
5,2026-04-01 22:07:00,2
5,2026-04-02 13:55:00,1
5,2026-04-02 22:11:00,2
5,2026-04-03 14:01:00,1
5,2026-04-03 22:03:00,2
5,2026-04-04 14:02:00,1
5,2026-04-04 22:07:00,2
5,2026-04-05 13:51:00,1
5,2026-04-05 22:08:00,2
5,2026-04-06 14:06:00,1
5,2026-04-06 21:54:00,2
5,2026-04-07 14:02:00,1
5,2026-04-07 22:13:00,2
5,2026-04-08 14:09:00,1
5,2026-04-08 21:56:00,2
5,2026-04-09 13:57:00,1
5,2026-04-09 21:56:00,2
5,2026-04-10 14:01:00,1
5,2026-04-10 21:50:00,2
5,2026-04-12 14:01:00,1
5,2026-04-12 21:57:00,2
5,2026-04-13 14:11:00,1
5,2026-04-13 22:06:00,2
5,2026-04-14 13:57:00,1
5,2026-04-14 22:06:00,2
5,2026-04-15 14:13:00,1
5,2026-04-15 21:57:00,2
5,2026-04-16 13:45:00,1
5,2026-04-16 21:53:00,2
5,2026-04-17 14:01:00,1
5,2026-04-17 21:52:00,2
5,2026-04-18 14:10:00,1
5,2026-04-18 21:59:00,2
5,2026-04-19 14:10:00,1
5,2026-04-19 21:57:00,2
5,2026-04-20 13:50:00,1
5,2026-04-20 22:07:00,2
5,2026-04-21 14:14:00,1
5,2026-04-21 22:13:00,2
5,2026-04-22 14:03:00,1
5,2026-04-22 21:57:00,2
5,2026-04-23 13:57:00,1
5,2026-04-23 21:55:00,2
5,2026-04-24 14:14:00,1
5,2026-04-24 21:47:00,2
5,2026-04-25 13:52:00,1
5,2026-04-25 21:54:00,2
5,2026-04-26 13:48:00,1
5,2026-04-26 22:02:00,2
5,2026-04-28 14:02:00,1
5,2026-04-28 22:10:00,2
5,2026-04-29 14:15:00,1
5,2026-04-29 22:05:00,2
5,2026-05-01 13:45:00,1
5,2026-05-01 22:00:00,2
5,2026-05-02 14:10:00,1
5,2026-05-02 22:06:00,2
5,2026-05-03 13:59:00,1
5,2026-05-03 21:58:00,2
5,2026-05-04 13:46:00,1
5,2026-05-04 22:01:00,2
5,2026-05-05 14:00:00,1
5,2026-05-05 21:46:00,2
5,2026-05-07 14:14:00,1
5,2026-05-07 21:45:00,2
5,2026-05-08 14:02:00,1
5,2026-05-08 22:07:00,2
5,2026-05-09 14:04:00,1
5,2026-05-09 21:51:00,2
5,2026-05-10 13:49:00,1
5,2026-05-10 22:14:00,2
5,2026-05-11 13:48:00,1
5,2026-05-11 21:52:00,2
5,2026-05-12 13:45:00,1
5,2026-05-12 21:49:00,2
5,2026-05-13 13:58:00,1
5,2026-05-13 22:13:00,2
5,2026-05-14 14:08:00,1
5,2026-05-14 22:13:00,2
5,2026-05-15 13:50:00,1
5,2026-05-15 22:12:00,2
5,2026-05-16 14:11:00,1
5,2026-05-16 22:05:00,2
5,2026-05-17 14:13:00,1
5,2026-05-17 21:56:00,2
5,2026-05-18 14:00:00,1
5,2026-05-18 22:05:00,2
5,2026-05-19 14:14:00,1
5,2026-05-19 22:06:00,2
5,2026-05-21 14:12:00,1
5,2026-05-21 21:58:00,2
5,2026-05-22 13:59:00,1
5,2026-05-22 22:00:00,2
5,2026-05-23 13:57:00,1
5,2026-05-23 22:09:00,2
5,2026-05-24 13:52:00,1
5,2026-05-24 22:02:00,2
5,2026-05-25 13:54:00,1
5,2026-05-25 22:06:00,2
5,2026-05-26 14:04:00,1
5,2026-05-26 22:06:00,2
5,2026-05-27 13:55:00,1
5,2026-05-27 22:01:00,2
5,2026-05-29 13:56:00,1
5,2026-05-29 22:14:00,2
5,2026-05-30 14:05:00,1
5,2026-05-30 22:04:00,2
5,2026-05-31 13:55:00,1
5,2026-05-31 21:52:00,2
5,2026-06-01 13:57:00,1
5,2026-06-01 22:14:00,2
5,2026-06-02 13:46:00,1
5,2026-06-02 21:58:00,2
5,2026-06-03 13:48:00,1
5,2026-06-03 21:54:00,2
5,2026-06-04 13:49:00,1
5,2026-06-04 21:56:00,2
5,2026-06-05 13:52:00,1
5,2026-06-05 22:04:00,2
5,2026-06-06 14:07:00,1
5,2026-06-06 21:50:00,2
5,2026-06-07 14:09:00,1
5,2026-06-07 21:56:00,2
5,2026-06-08 14:04:00,1
5,2026-06-08 22:15:00,2
5,2026-06-09 13:47:00,1
5,2026-06-09 22:14:00,2
5,2026-06-10 13:50:00,1
5,2026-06-10 22:01:00,2
5,2026-06-11 14:07:00,1
5,2026-06-11 21:54:00,2
5,2026-06-12 14:00:00,1
5,2026-06-12 21:53:00,2
5,2026-06-13 14:10:00,1
5,2026-06-13 22:15:00,2
5,2026-06-14 13:55:00,1
5,2026-06-14 21:51:00,2
5,2026-06-16 14:09:00,1
5,2026-06-16 21:47:00,2
5,2026-06-17 13:53:00,1
5,2026-06-17 22:14:00,2
5,2026-06-18 14:05:00,1
5,2026-06-18 21:48:00,2
5,2026-06-19 14:15:00,1
5,2026-06-19 21:54:00,2
5,2026-06-20 13:56:00,1
5,2026-06-20 21:47:00,2
5,2026-06-21 14:06:00,1
5,2026-06-21 22:08:00,2
5,2026-06-22 13:50:00,1
5,2026-06-22 22:06:00,2
5,2026-06-23 14:12:00,1
5,2026-06-23 21:55:00,2
5,2026-06-24 13:50:00,1
5,2026-06-24 21:53:00,2
5,2026-06-25 14:04:00,1
5,2026-06-25 21:50:00,2
5,2026-06-27 14:03:00,1
5,2026-06-27 22:07:00,2
5,2026-06-28 13:49:00,1
5,2026-06-28 22:11:00,2
5,2026-06-29 13:53:00,1
5,2026-06-29 21:56:00,2
5,2026-06-30 13:54:00,1
5,2026-06-30 21:52:00,2
5,2026-07-01 14:03:00,1
5,2026-07-01 21:56:00,2
5,2026-07-02 13:58:00,1
5,2026-07-02 22:06:00,2
5,2026-07-03 13:47:00,1
5,2026-07-03 22:02:00,2
5,2026-07-04 13:52:00,1
5,2026-07-04 22:07:00,2
5,2026-07-05 13:48:00,1
5,2026-07-05 21:52:00,2
5,2026-07-06 13:47:00,1
5,2026-07-06 21:46:00,2
5,2026-07-07 14:09:00,1
5,2026-07-07 21:53:00,2
5,2026-07-08 14:06:00,1
5,2026-07-08 22:10:00,2
5,2026-07-09 13:49:00,1
5,2026-07-09 21:50:00,2
5,2026-07-10 14:12:00,1
5,2026-07-10 21:59:00,2
5,2026-07-11 14:07:00,1
5,2026-07-11 21:50:00,2
5,2026-07-12 13:56:00,1
5,2026-07-12 22:14:00,2
5,2026-07-13 13:45:00,1
5,2026-07-13 21:54:00,2
5,2026-07-14 14:05:00,1
5,2026-07-14 22:09:00,2
5,2026-07-16 13:45:00,1
5,2026-07-16 21:48:00,2
5,2026-07-17 14:05:00,1
5,2026-07-17 21:51:00,2
5,2026-07-18 14:00:00,1
5,2026-07-18 22:02:00,2
5,2026-07-19 13:47:00,1
5,2026-07-19 22:14:00,2
5,2026-07-20 14:08:00,1
5,2026-07-20 21:48:00,2
5,2026-07-21 13:53:00,1
5,2026-07-21 21:48:00,2
5,2026-07-22 14:04:00,1
5,2026-07-22 21:51:00,2
5,2026-07-23 13:58:00,1
5,2026-07-23 21:51:00,2
5,2026-07-24 13:52:00,1
5,2026-07-24 22:07:00,2
5,2026-07-25 14:08:00,1
5,2026-07-25 22:15:00,2
5,2026-07-27 14:12:00,1
5,2026-07-27 21:59:00,2
5,2026-07-28 13:45:00,1
5,2026-07-28 21:58:00,2
5,2026-07-29 13:45:00,1
5,2026-07-29 21:46:00,2
5,2026-07-30 14:05:00,1
5,2026-07-30 22:03:00,2
5,2026-07-31 13:53:00,1
5,2026-07-31 22:02:00,2
5,2026-08-01 14:02:00,1
5,2026-08-01 21:49:00,2
5,2026-08-02 14:09:00,1
5,2026-08-02 22:04:00,2
5,2026-08-03 14:02:00,1
5,2026-08-03 21:59:00,2
5,2026-08-04 14:01:00,1
5,2026-08-04 21:54:00,2
5,2026-08-05 13:58:00,1
5,2026-08-05 21:53:00,2
5,2026-08-07 14:02:00,1
5,2026-08-07 21:50:00,2
6,2025-11-10 14:02:00,1
6,2025-11-10 21:59:00,2
6,2025-11-11 13:52:00,1
6,2025-11-11 22:01:00,2
6,2025-11-12 14:02:00,1
6,2025-11-12 21:48:00,2
6,2025-11-13 14:05:00,1
6,2025-11-13 21:45:00,2
6,2025-11-14 14:12:00,1
6,2025-11-14 21:51:00,2
6,2025-11-15 13:45:00,1
6,2025-11-15 22:08:00,2
6,2025-11-16 13:55:00,1
6,2025-11-16 22:10:00,2
6,2025-11-17 14:07:00,1
6,2025-11-17 21:45:00,2
6,2025-11-18 14:06:00,1
6,2025-11-18 22:09:00,2
6,2025-11-19 13:53:00,1
6,2025-11-19 22:03:00,2
6,2025-11-21 14:12:00,1
6,2025-11-21 22:05:00,2
6,2025-11-22 14:02:00,1
6,2025-11-22 22:08:00,2
6,2025-11-23 14:11:00,1
6,2025-11-23 21:53:00,2
6,2025-11-24 13:47:00,1
6,2025-11-24 21:58:00,2
6,2025-11-25 14:15:00,1
6,2025-11-25 21:57:00,2
6,2025-11-26 14:07:00,1
6,2025-11-26 22:03:00,2
6,2025-11-27 14:15:00,1
6,2025-11-27 22:08:00,2
6,2025-11-29 14:06:00,1
6,2025-11-29 21:49:00,2
6,2025-11-30 13:46:00,1
6,2025-11-30 21:46:00,2
6,2025-12-01 13:50:00,1
6,2025-12-01 21:46:00,2
6,2025-12-02 14:14:00,1
6,2025-12-02 22:14:00,2
6,2025-12-03 14:04:00,1
6,2025-12-03 22:05:00,2
6,2025-12-04 14:06:00,1
6,2025-12-04 21:54:00,2
6,2025-12-05 13:57:00,1
6,2025-12-05 22:12:00,2
6,2025-12-06 13:55:00,1
6,2025-12-06 22:02:00,2
6,2025-12-08 13:46:00,1
6,2025-12-08 21:51:00,2
6,2025-12-09 14:12:00,1
6,2025-12-09 22:10:00,2
6,2025-12-10 13:55:00,1
6,2025-12-10 21:57:00,2
6,2025-12-12 13:45:00,1
6,2025-12-12 21:49:00,2
6,2025-12-13 13:55:00,1
6,2025-12-13 21:59:00,2
6,2025-12-14 14:00:00,1
6,2025-12-14 22:06:00,2
6,2025-12-15 13:50:00,1
6,2025-12-15 21:49:00,2
6,2025-12-17 14:01:00,1
6,2025-12-17 21:53:00,2
6,2025-12-19 14:04:00,1
6,2025-12-19 21:49:00,2
6,2025-12-20 14:09:00,1
6,2025-12-20 22:07:00,2
6,2025-12-21 13:59:00,1
6,2025-12-21 21:59:00,2
6,2025-12-22 14:12:00,1
6,2025-12-22 22:11:00,2
6,2025-12-23 13:47:00,1
6,2025-12-23 21:52:00,2
6,2025-12-24 14:03:00,1
6,2025-12-24 22:01:00,2
6,2025-12-25 13:54:00,1
6,2025-12-25 22:04:00,2
6,2025-12-26 13:55:00,1
6,2025-12-26 21:48:00,2
6,2025-12-27 13:58:00,1
6,2025-12-27 21:53:00,2
6,2025-12-28 13:59:00,1
6,2025-12-28 21:55:00,2
6,2025-12-29 13:59:00,1
6,2025-12-29 21:55:00,2
6,2025-12-31 14:03:00,1
6,2025-12-31 22:11:00,2
6,2026-01-01 14:03:00,1
6,2026-01-01 22:10:00,2
6,2026-01-03 14:15:00,1
6,2026-01-03 22:00:00,2
6,2026-01-04 14:10:00,1
6,2026-01-04 22:04:00,2
6,2026-01-05 13:50:00,1
6,2026-01-05 21:46:00,2
6,2026-01-06 14:00:00,1
6,2026-01-06 22:01:00,2
6,2026-01-07 14:06:00,1
6,2026-01-07 22:00:00,2
6,2026-01-08 13:57:00,1
6,2026-01-08 22:06:00,2
6,2026-01-09 13:48:00,1
6,2026-01-09 22:02:00,2
6,2026-01-10 13:46:00,1
6,2026-01-10 21:58:00,2
6,2026-01-11 14:01:00,1
6,2026-01-11 21:49:00,2
6,2026-01-12 13:53:00,1
6,2026-01-12 21:48:00,2
6,2026-01-13 13:54:00,1
6,2026-01-13 22:01:00,2
6,2026-01-14 14:06:00,1
6,2026-01-14 22:13:00,2
6,2026-01-15 13:46:00,1
6,2026-01-15 21:53:00,2
6,2026-01-17 14:03:00,1
6,2026-01-17 21:50:00,2
6,2026-01-18 13:49:00,1
6,2026-01-18 21:52:00,2
6,2026-01-19 14:12:00,1
6,2026-01-19 22:03:00,2
6,2026-01-20 13:51:00,1
6,2026-01-20 22:00:00,2
6,2026-01-21 13:45:00,1
6,2026-01-21 22:11:00,2
6,2026-01-22 14:03:00,1
6,2026-01-22 21:45:00,2
6,2026-01-23 14:09:00,1
6,2026-01-23 21:55:00,2
6,2026-01-24 13:50:00,1
6,2026-01-24 22:03:00,2
6,2026-01-25 14:00:00,1
6,2026-01-25 22:13:00,2
6,2026-01-26 14:13:00,1
6,2026-01-26 22:11:00,2
6,2026-01-27 14:07:00,1
6,2026-01-27 22:10:00,2
6,2026-01-28 13:54:00,1
6,2026-01-28 22:11:00,2
6,2026-01-29 13:47:00,1
6,2026-01-29 22:01:00,2
6,2026-01-30 13:59:00,1
6,2026-01-30 22:10:00,2
6,2026-01-31 13:59:00,1
6,2026-01-31 21:54:00,2
6,2026-02-01 13:45:00,1
6,2026-02-01 21:57:00,2
6,2026-02-02 14:01:00,1
6,2026-02-02 22:04:00,2
6,2026-02-04 13:49:00,1
6,2026-02-04 22:03:00,2
6,2026-02-05 14:03:00,1
6,2026-02-05 22:07:00,2
6,2026-02-06 13:50:00,1
6,2026-02-06 22:11:00,2
6,2026-02-07 14:12:00,1
6,2026-02-07 21:58:00,2
6,2026-02-08 14:09:00,1
6,2026-02-08 21:52:00,2
6,2026-02-09 13:50:00,1
6,2026-02-09 21:49:00,2
6,2026-02-10 13:59:00,1
6,2026-02-10 22:09:00,2
6,2026-02-11 14:12:00,1
6,2026-02-11 22:02:00,2
6,2026-02-12 13:58:00,1
6,2026-02-12 21:59:00,2
6,2026-02-13 13:55:00,1
6,2026-02-13 21:59:00,2
6,2026-02-14 14:05:00,1
6,2026-02-14 22:11:00,2
6,2026-02-15 14:02:00,1
6,2026-02-15 22:01:00,2
6,2026-02-16 14:00:00,1
6,2026-02-16 21:58:00,2
6,2026-02-17 14:00:00,1
6,2026-02-17 22:10:00,2
6,2026-02-18 14:01:00,1
6,2026-02-18 22:06:00,2
6,2026-02-19 13:51:00,1
6,2026-02-19 21:49:00,2
6,2026-02-20 14:05:00,1
6,2026-02-20 22:02:00,2
6,2026-02-21 14:12:00,1
6,2026-02-21 21:51:00,2
6,2026-02-22 14:05:00,1
6,2026-02-22 21:50:00,2
6,2026-02-23 14:02:00,1
6,2026-02-23 21:57:00,2
6,2026-02-24 14:03:00,1
6,2026-02-24 22:15:00,2
6,2026-02-25 14:00:00,1
6,2026-02-25 21:51:00,2
6,2026-02-26 13:50:00,1
6,2026-02-26 22:04:00,2
6,2026-02-27 14:03:00,1
6,2026-02-27 22:09:00,2
6,2026-02-28 13:55:00,1
6,2026-02-28 22:15:00,2
6,2026-03-01 13:56:00,1
6,2026-03-01 21:52:00,2
6,2026-03-02 14:11:00,1
6,2026-03-02 22:03:00,2
6,2026-03-03 14:03:00,1
6,2026-03-03 21:49:00,2
6,2026-03-04 14:10:00,1
6,2026-03-04 22:02:00,2
6,2026-03-05 14:02:00,1
6,2026-03-05 22:02:00,2
6,2026-03-06 14:02:00,1
6,2026-03-06 22:10:00,2
6,2026-03-07 14:06:00,1
6,2026-03-07 21:47:00,2
6,2026-03-08 14:12:00,1
6,2026-03-08 21:51:00,2
6,2026-03-09 13:52:00,1
6,2026-03-09 22:02:00,2
6,2026-03-10 14:11:00,1
6,2026-03-10 22:08:00,2
6,2026-03-11 13:54:00,1
6,2026-03-11 22:11:00,2
6,2026-03-12 13:56:00,1
6,2026-03-12 22:04:00,2
6,2026-03-14 13:45:00,1
6,2026-03-14 22:10:00,2
6,2026-03-15 14:05:00,1
6,2026-03-15 21:52:00,2
6,2026-03-16 13:59:00,1
6,2026-03-16 21:55:00,2
6,2026-03-17 13:54:00,1
6,2026-03-17 22:01:00,2
6,2026-03-18 13:58:00,1
6,2026-03-18 22:15:00,2
6,2026-03-19 14:10:00,1
6,2026-03-19 22:05:00,2
6,2026-03-20 13:59:00,1
6,2026-03-20 22:10:00,2
6,2026-03-21 14:03:00,1
6,2026-03-21 22:15:00,2
6,2026-03-22 14:02:00,1
6,2026-03-22 21:57:00,2
6,2026-03-23 14:12:00,1
6,2026-03-23 22:15:00,2
6,2026-03-24 13:56:00,1
6,2026-03-24 22:02:00,2
6,2026-03-25 13:58:00,1
6,2026-03-25 21:47:00,2
6,2026-03-26 14:09:00,1
6,2026-03-26 21:56:00,2
6,2026-03-27 14:07:00,1
6,2026-03-27 22:05:00,2
6,2026-03-28 13:45:00,1
6,2026-03-28 22:08:00,2
6,2026-03-29 13:54:00,1
6,2026-03-29 21:49:00,2
6,2026-03-31 13:59:00,1
6,2026-03-31 22:04:00,2
6,2026-04-01 14:04:00,1
6,2026-04-01 21:51:00,2
6,2026-04-02 13:57:00,1
6,2026-04-02 22:03:00,2
6,2026-04-03 13:55:00,1
6,2026-04-03 21:46:00,2
6,2026-04-04 14:14:00,1
6,2026-04-04 22:06:00,2
6,2026-04-05 14:03:00,1
6,2026-04-05 21:54:00,2
6,2026-04-06 13:58:00,1
6,2026-04-06 21:49:00,2
6,2026-04-07 13:56:00,1
6,2026-04-07 22:05:00,2
6,2026-04-08 13:45:00,1
6,2026-04-08 21:45:00,2
6,2026-04-09 14:09:00,1
6,2026-04-09 21:53:00,2
6,2026-04-12 13:58:00,1
6,2026-04-12 21:45:00,2
6,2026-04-13 14:10:00,1
6,2026-04-13 21:53:00,2
6,2026-04-14 14:11:00,1
6,2026-04-14 22:14:00,2
6,2026-04-15 14:00:00,1
6,2026-04-15 21:55:00,2
6,2026-04-16 14:00:00,1
6,2026-04-16 22:00:00,2
6,2026-04-17 14:15:00,1
6,2026-04-17 21:54:00,2
6,2026-04-18 14:06:00,1
6,2026-04-18 22:06:00,2
6,2026-04-20 14:03:00,1
6,2026-04-20 22:02:00,2
6,2026-04-21 14:12:00,1
6,2026-04-21 22:04:00,2
6,2026-04-22 14:05:00,1
6,2026-04-22 21:53:00,2
6,2026-04-23 13:54:00,1
6,2026-04-23 21:48:00,2
6,2026-04-24 14:00:00,1
6,2026-04-24 22:02:00,2
6,2026-04-25 14:06:00,1
6,2026-04-25 22:12:00,2
6,2026-04-26 14:08:00,1
6,2026-04-26 21:46:00,2
6,2026-04-27 13:50:00,1
6,2026-04-27 22:10:00,2
6,2026-04-28 13:52:00,1
6,2026-04-28 21:46:00,2
6,2026-04-30 13:49:00,1
6,2026-04-30 21:49:00,2
6,2026-05-01 13:45:00,1
6,2026-05-01 21:59:00,2
6,2026-05-02 13:59:00,1
6,2026-05-02 22:08:00,2
6,2026-05-03 13:54:00,1
6,2026-05-03 21:57:00,2
6,2026-05-04 14:04:00,1
6,2026-05-04 22:11:00,2
6,2026-05-05 14:00:00,1
6,2026-05-05 21:47:00,2
6,2026-05-06 14:07:00,1
6,2026-05-06 21:51:00,2
6,2026-05-07 14:00:00,1
6,2026-05-07 21:57:00,2
6,2026-05-08 13:45:00,1
6,2026-05-08 21:46:00,2
6,2026-05-09 13:59:00,1
6,2026-05-09 22:09:00,2
6,2026-05-10 13:55:00,1
6,2026-05-10 21:52:00,2
6,2026-05-11 14:10:00,1
6,2026-05-11 22:02:00,2
6,2026-05-12 14:12:00,1
6,2026-05-12 22:13:00,2
6,2026-05-13 13:48:00,1
6,2026-05-13 21:59:00,2
6,2026-05-14 13:56:00,1
6,2026-05-14 21:57:00,2
6,2026-05-15 13:48:00,1
6,2026-05-15 22:06:00,2
6,2026-05-16 13:54:00,1
6,2026-05-16 22:05:00,2
6,2026-05-17 13:51:00,1
6,2026-05-17 21:50:00,2
6,2026-05-18 13:53:00,1
6,2026-05-18 21:49:00,2
6,2026-05-19 13:52:00,1
6,2026-05-19 22:03:00,2
7,2026-05-09 13:55:00,1
7,2026-05-09 21:53:00,2
7,2026-05-10 13:48:00,1
7,2026-05-10 22:02:00,2
7,2026-05-11 13:56:00,1
7,2026-05-11 22:02:00,2
7,2026-05-13 13:54:00,1
7,2026-05-13 22:06:00,2
7,2026-05-14 14:05:00,1
7,2026-05-14 22:13:00,2
7,2026-05-15 14:07:00,1
7,2026-05-15 21:45:00,2
7,2026-05-16 14:15:00,1
7,2026-05-16 21:46:00,2
7,2026-05-17 13:53:00,1
7,2026-05-17 22:13:00,2
7,2026-05-18 13:56:00,1
7,2026-05-18 21:48:00,2
7,2026-05-19 14:08:00,1
7,2026-05-19 22:15:00,2
7,2026-05-20 14:09:00,1
7,2026-05-20 22:12:00,2
7,2026-05-21 13:51:00,1
7,2026-05-21 21:45:00,2
7,2026-05-22 13:55:00,1
7,2026-05-22 21:55:00,2
7,2026-05-23 14:15:00,1
7,2026-05-23 21:49:00,2
7,2026-05-24 14:11:00,1
7,2026-05-24 21:49:00,2
7,2026-05-25 13:53:00,1
7,2026-05-25 21:59:00,2
7,2026-05-26 14:08:00,1
7,2026-05-26 22:06:00,2
7,2026-05-27 14:03:00,1
7,2026-05-27 21:46:00,2
7,2026-05-28 13:51:00,1
7,2026-05-28 22:04:00,2
7,2026-05-29 14:15:00,1
7,2026-05-29 21:56:00,2
7,2026-05-30 13:51:00,1
7,2026-05-30 22:03:00,2
7,2026-05-31 13:54:00,1
7,2026-05-31 22:06:00,2
7,2026-06-01 13:48:00,1
7,2026-06-01 21:58:00,2
7,2026-06-02 13:57:00,1
7,2026-06-02 21:48:00,2
7,2026-06-03 14:03:00,1
7,2026-06-03 21:58:00,2
7,2026-06-04 14:01:00,1
7,2026-06-04 22:02:00,2
7,2026-06-05 14:08:00,1
7,2026-06-05 21:47:00,2
7,2026-06-06 14:00:00,1
7,2026-06-06 22:14:00,2
7,2026-06-07 13:47:00,1
7,2026-06-07 22:03:00,2
7,2026-06-08 14:11:00,1
7,2026-06-08 22:09:00,2
7,2026-06-09 14:08:00,1
7,2026-06-09 22:08:00,2
7,2026-06-10 13:56:00,1
7,2026-06-10 22:12:00,2
7,2026-06-11 14:08:00,1
7,2026-06-11 22:06:00,2
7,2026-06-13 14:08:00,1
7,2026-06-13 22:00:00,2
7,2026-06-14 13:46:00,1
7,2026-06-14 21:48:00,2
7,2026-06-15 13:49:00,1
7,2026-06-15 21:51:00,2
7,2026-06-16 14:12:00,1
7,2026-06-16 22:03:00,2
7,2026-06-17 14:08:00,1
7,2026-06-17 21:47:00,2
7,2026-06-18 14:11:00,1
7,2026-06-18 21:59:00,2
7,2026-06-19 14:07:00,1
7,2026-06-19 22:15:00,2
7,2026-06-20 13:49:00,1
7,2026-06-20 21:49:00,2
7,2026-06-21 13:53:00,1
7,2026-06-21 22:08:00,2
7,2026-06-22 14:00:00,1
7,2026-06-22 21:47:00,2
7,2026-06-23 13:50:00,1
7,2026-06-23 22:02:00,2
7,2026-06-24 14:10:00,1
7,2026-06-24 22:10:00,2
7,2026-06-25 14:02:00,1
7,2026-06-25 22:15:00,2
7,2026-06-26 13:50:00,1
7,2026-06-26 22:06:00,2
7,2026-06-27 14:13:00,1
7,2026-06-27 22:13:00,2
7,2026-06-28 14:00:00,1
7,2026-06-28 21:48:00,2
7,2026-06-29 13:50:00,1
7,2026-06-29 22:07:00,2
7,2026-06-30 13:51:00,1
7,2026-06-30 21:47:00,2
7,2026-07-01 14:08:00,1
7,2026-07-01 21:47:00,2
7,2026-07-02 14:15:00,1
7,2026-07-02 21:51:00,2
7,2026-07-03 13:47:00,1
7,2026-07-03 21:55:00,2
7,2026-07-04 13:46:00,1
7,2026-07-04 22:00:00,2
7,2026-07-05 14:08:00,1
7,2026-07-05 22:08:00,2
7,2026-07-06 14:14:00,1
7,2026-07-06 21:47:00,2
7,2026-07-07 13:59:00,1
7,2026-07-07 21:56:00,2
7,2026-07-08 14:02:00,1
7,2026-07-08 22:10:00,2
7,2026-07-09 13:54:00,1
7,2026-07-09 21:52:00,2
7,2026-07-11 13:48:00,1
7,2026-07-11 22:02:00,2
7,2026-07-12 13:52:00,1
7,2026-07-12 21:54:00,2
7,2026-07-13 13:46:00,1
7,2026-07-13 22:00:00,2
7,2026-07-14 13:56:00,1
7,2026-07-14 21:54:00,2
7,2026-07-16 13:52:00,1
7,2026-07-16 22:04:00,2
7,2026-07-17 14:02:00,1
7,2026-07-17 22:12:00,2
7,2026-07-18 14:11:00,1
7,2026-07-18 22:07:00,2
7,2026-07-19 14:15:00,1
7,2026-07-19 22:09:00,2
7,2026-07-20 13:51:00,1
7,2026-07-20 21:51:00,2
7,2026-07-21 13:55:00,1
7,2026-07-21 22:15:00,2
7,2026-07-22 13:58:00,1
7,2026-07-22 21:53:00,2
7,2026-07-23 14:14:00,1
7,2026-07-23 22:14:00,2
7,2026-07-24 14:12:00,1
7,2026-07-24 22:03:00,2
7,2026-07-25 14:02:00,1
7,2026-07-25 21:55:00,2
7,2026-07-26 14:03:00,1
7,2026-07-26 22:05:00,2
7,2026-07-27 14:10:00,1
7,2026-07-27 22:12:00,2
7,2026-07-29 13:45:00,1
7,2026-07-29 21:51:00,2
7,2026-07-30 13:58:00,1
7,2026-07-30 21:47:00,2
7,2026-07-31 13:47:00,1
7,2026-07-31 21:51:00,2
7,2026-08-01 14:14:00,1
7,2026-08-01 21:56:00,2
7,2026-08-02 14:06:00,1
7,2026-08-02 21:48:00,2
7,2026-08-03 13:56:00,1
7,2026-08-03 21:52:00,2
7,2026-08-04 14:11:00,1
7,2026-08-04 22:15:00,2
7,2026-08-06 13:49:00,1
7,2026-08-06 21:45:00,2
8,2025-12-28 13:46:00,1
8,2025-12-28 22:07:00,2
8,2025-12-29 13:45:00,1
8,2025-12-29 22:05:00,2
8,2025-12-30 13:56:00,1
8,2025-12-30 21:54:00,2
8,2025-12-31 13:59:00,1
8,2025-12-31 21:46:00,2
8,2026-01-01 13:51:00,1
8,2026-01-01 21:53:00,2
8,2026-01-02 13:55:00,1
8,2026-01-02 22:07:00,2
8,2026-01-03 14:10:00,1
8,2026-01-03 21:45:00,2
8,2026-01-04 14:12:00,1
8,2026-01-04 21:56:00,2
8,2026-01-05 13:56:00,1
8,2026-01-05 21:52:00,2
8,2026-01-06 13:58:00,1
8,2026-01-06 22:02:00,2
8,2026-01-07 14:06:00,1
8,2026-01-07 22:13:00,2
8,2026-01-09 14:11:00,1
8,2026-01-09 22:04:00,2
8,2026-01-10 13:46:00,1
8,2026-01-10 22:13:00,2
8,2026-01-11 14:14:00,1
8,2026-01-11 21:46:00,2
8,2026-01-12 13:50:00,1
8,2026-01-12 21:50:00,2
8,2026-01-13 14:15:00,1
8,2026-01-13 21:58:00,2
8,2026-01-14 14:11:00,1
8,2026-01-14 21:58:00,2
8,2026-01-15 14:15:00,1
8,2026-01-15 22:05:00,2
8,2026-01-16 14:06:00,1
8,2026-01-16 22:03:00,2
8,2026-01-17 13:59:00,1
8,2026-01-17 21:51:00,2
8,2026-01-19 13:51:00,1
8,2026-01-19 21:56:00,2
8,2026-01-20 14:08:00,1
8,2026-01-20 21:56:00,2
8,2026-01-21 14:14:00,1
8,2026-01-21 22:02:00,2
8,2026-01-22 14:08:00,1
8,2026-01-22 22:08:00,2
8,2026-01-23 14:06:00,1
8,2026-01-23 21:46:00,2
8,2026-01-24 13:49:00,1
8,2026-01-24 22:02:00,2
8,2026-01-25 14:05:00,1
8,2026-01-25 21:59:00,2
8,2026-01-26 14:12:00,1
8,2026-01-26 21:47:00,2
8,2026-01-27 14:07:00,1
8,2026-01-27 22:12:00,2
8,2026-01-28 13:59:00,1
8,2026-01-28 22:05:00,2
8,2026-01-29 13:57:00,1
8,2026-01-29 22:10:00,2
8,2026-01-30 14:05:00,1
8,2026-01-30 21:48:00,2
8,2026-01-31 13:54:00,1
8,2026-01-31 22:06:00,2
8,2026-02-01 14:09:00,1
8,2026-02-01 21:49:00,2
8,2026-02-02 13:57:00,1
8,2026-02-02 21:54:00,2
8,2026-02-03 13:54:00,1
8,2026-02-03 21:50:00,2
8,2026-02-04 13:58:00,1
8,2026-02-04 21:55:00,2
8,2026-02-05 14:07:00,1
8,2026-02-05 21:59:00,2
8,2026-02-07 14:02:00,1
8,2026-02-07 22:13:00,2
8,2026-02-08 13:58:00,1
8,2026-02-08 22:00:00,2
8,2026-02-09 13:50:00,1
8,2026-02-09 21:51:00,2
8,2026-02-10 14:06:00,1
8,2026-02-10 22:10:00,2
8,2026-02-11 13:45:00,1
8,2026-02-11 22:12:00,2
8,2026-02-12 13:52:00,1
8,2026-02-12 21:58:00,2
8,2026-02-13 14:10:00,1
8,2026-02-13 22:08:00,2
8,2026-02-14 14:09:00,1
8,2026-02-14 21:50:00,2
8,2026-02-15 13:57:00,1
8,2026-02-15 22:06:00,2
8,2026-02-16 14:14:00,1
8,2026-02-16 22:06:00,2
8,2026-02-17 13:58:00,1
8,2026-02-17 22:09:00,2
8,2026-02-18 14:06:00,1
8,2026-02-18 22:06:00,2
8,2026-02-19 13:59:00,1
8,2026-02-19 22:14:00,2
8,2026-02-21 14:14:00,1
8,2026-02-21 21:51:00,2
8,2026-02-22 14:03:00,1
8,2026-02-22 22:08:00,2
8,2026-02-23 13:53:00,1
8,2026-02-23 22:09:00,2
8,2026-02-24 13:52:00,1
8,2026-02-24 21:46:00,2
8,2026-02-25 14:05:00,1
8,2026-02-25 21:57:00,2
8,2026-02-26 13:53:00,1
8,2026-02-26 22:07:00,2
8,2026-02-27 14:07:00,1
8,2026-02-27 22:07:00,2
8,2026-02-28 14:12:00,1
8,2026-02-28 21:56:00,2
8,2026-03-01 14:00:00,1
8,2026-03-01 22:10:00,2
8,2026-03-02 14:05:00,1
8,2026-03-02 22:14:00,2
8,2026-03-03 14:10:00,1
8,2026-03-03 21:52:00,2
8,2026-03-04 14:02:00,1
8,2026-03-04 22:05:00,2
8,2026-03-05 14:03:00,1
8,2026-03-05 22:00:00,2
8,2026-03-06 13:49:00,1
8,2026-03-06 21:57:00,2
8,2026-03-07 14:01:00,1
8,2026-03-07 22:10:00,2
8,2026-03-08 13:47:00,1
8,2026-03-08 21:52:00,2
8,2026-03-09 13:58:00,1
8,2026-03-09 21:58:00,2
8,2026-03-10 14:10:00,1
8,2026-03-10 21:53:00,2
8,2026-03-11 13:59:00,1
8,2026-03-11 22:14:00,2
8,2026-03-12 13:50:00,1
8,2026-03-12 21:50:00,2
8,2026-03-13 13:51:00,1
8,2026-03-13 21:57:00,2
8,2026-03-14 14:04:00,1
8,2026-03-14 22:01:00,2
8,2026-03-15 13:58:00,1
8,2026-03-15 21:54:00,2
8,2026-03-16 14:00:00,1
8,2026-03-16 21:50:00,2
8,2026-03-17 13:46:00,1
8,2026-03-17 21:57:00,2
8,2026-03-18 13:50:00,1
8,2026-03-18 21:56:00,2
8,2026-03-21 14:12:00,1
8,2026-03-21 21:56:00,2
8,2026-03-22 13:49:00,1
8,2026-03-22 21:47:00,2
8,2026-03-23 14:12:00,1
8,2026-03-23 22:10:00,2
8,2026-03-24 14:02:00,1
8,2026-03-24 21:59:00,2
8,2026-03-25 14:04:00,1
8,2026-03-25 22:10:00,2
8,2026-03-26 13:52:00,1
8,2026-03-26 21:45:00,2
8,2026-03-27 14:07:00,1
8,2026-03-27 22:10:00,2
8,2026-03-28 14:07:00,1
8,2026-03-28 22:15:00,2
8,2026-03-29 13:51:00,1
8,2026-03-29 21:51:00,2
8,2026-03-30 13:59:00,1
8,2026-03-30 22:07:00,2
8,2026-04-01 14:06:00,1
8,2026-04-01 21:54:00,2
8,2026-04-02 13:55:00,1
8,2026-04-02 22:11:00,2
8,2026-04-03 14:07:00,1
8,2026-04-03 22:01:00,2
8,2026-04-04 13:51:00,1
8,2026-04-04 22:09:00,2
8,2026-04-05 14:03:00,1
8,2026-04-05 21:45:00,2
8,2026-04-06 13:54:00,1
8,2026-04-06 22:12:00,2
8,2026-04-07 14:07:00,1
8,2026-04-07 22:08:00,2
8,2026-04-08 14:12:00,1
8,2026-04-08 22:05:00,2
8,2026-04-09 13:57:00,1
8,2026-04-09 22:11:00,2
8,2026-04-10 13:48:00,1
8,2026-04-10 21:57:00,2
8,2026-04-11 13:57:00,1
8,2026-04-11 21:47:00,2
8,2026-04-12 14:04:00,1
8,2026-04-12 21:52:00,2
8,2026-04-14 13:47:00,1
8,2026-04-14 22:11:00,2
8,2026-04-15 13:56:00,1
8,2026-04-15 21:51:00,2
8,2026-04-17 14:15:00,1
8,2026-04-17 21:54:00,2
8,2026-04-18 13:46:00,1
8,2026-04-18 22:07:00,2
8,2026-04-19 14:08:00,1
8,2026-04-19 21:54:00,2
8,2026-04-20 14:09:00,1
8,2026-04-20 21:47:00,2
8,2026-04-22 14:03:00,1
8,2026-04-22 22:11:00,2
8,2026-04-23 13:49:00,1
8,2026-04-23 22:08:00,2
8,2026-04-24 13:47:00,1
8,2026-04-24 22:14:00,2
8,2026-04-26 13:47:00,1
8,2026-04-26 21:54:00,2
8,2026-04-27 14:06:00,1
8,2026-04-27 21:52:00,2
8,2026-04-28 14:00:00,1
8,2026-04-28 22:06:00,2
8,2026-04-29 14:15:00,1
8,2026-04-29 22:10:00,2
8,2026-04-30 13:48:00,1
8,2026-04-30 22:12:00,2
8,2026-05-01 13:55:00,1
8,2026-05-01 22:03:00,2
8,2026-05-03 13:55:00,1
8,2026-05-03 21:51:00,2
8,2026-05-04 13:57:00,1
8,2026-05-04 22:01:00,2
8,2026-05-05 14:07:00,1
8,2026-05-05 22:11:00,2
8,2026-05-06 13:54:00,1
8,2026-05-06 22:00:00,2
8,2026-05-07 14:15:00,1
8,2026-05-07 21:56:00,2
8,2026-05-08 13:45:00,1
8,2026-05-08 21:49:00,2
8,2026-05-10 13:51:00,1
8,2026-05-10 22:04:00,2
8,2026-05-11 13:45:00,1
8,2026-05-11 22:12:00,2
8,2026-05-12 14:14:00,1
8,2026-05-12 22:06:00,2
8,2026-05-13 13:46:00,1
8,2026-05-13 21:53:00,2
8,2026-05-14 13:56:00,1
8,2026-05-14 22:08:00,2
8,2026-05-15 14:09:00,1
8,2026-05-15 22:00:00,2
8,2026-05-16 14:05:00,1
8,2026-05-16 22:00:00,2
8,2026-05-17 14:15:00,1
8,2026-05-17 22:08:00,2
8,2026-05-18 13:46:00,1
8,2026-05-18 21:57:00,2
8,2026-05-19 14:10:00,1
8,2026-05-19 21:52:00,2
8,2026-05-21 13:47:00,1
8,2026-05-21 22:10:00,2
8,2026-05-22 13:45:00,1
8,2026-05-22 22:06:00,2
8,2026-05-24 14:10:00,1
8,2026-05-24 21:45:00,2
8,2026-05-25 14:11:00,1
8,2026-05-25 22:10:00,2
8,2026-05-26 13:53:00,1
8,2026-05-26 22:05:00,2
8,2026-05-27 13:52:00,1
8,2026-05-27 22:11:00,2
8,2026-05-28 13:46:00,1
8,2026-05-28 22:04:00,2
8,2026-05-29 13:47:00,1
8,2026-05-29 21:54:00,2
8,2026-05-30 13:49:00,1
8,2026-05-30 21:56:00,2
8,2026-05-31 14:13:00,1
8,2026-05-31 22:07:00,2
8,2026-06-01 14:01:00,1
8,2026-06-01 21:50:00,2
8,2026-06-02 13:45:00,1
8,2026-06-02 21:51:00,2
8,2026-06-03 14:08:00,1
8,2026-06-03 21:46:00,2
8,2026-06-04 14:02:00,1
8,2026-06-04 22:06:00,2
8,2026-06-05 13:50:00,1
8,2026-06-05 21:52:00,2
8,2026-06-06 13:45:00,1
8,2026-06-06 21:46:00,2
8,2026-06-07 14:02:00,1
8,2026-06-07 22:04:00,2
8,2026-06-08 13:49:00,1
8,2026-06-08 21:49:00,2
8,2026-06-09 14:10:00,1
8,2026-06-09 21:51:00,2
8,2026-06-10 14:08:00,1
8,2026-06-10 21:53:00,2
8,2026-06-11 14:14:00,1
8,2026-06-11 22:08:00,2
8,2026-06-12 14:12:00,1
8,2026-06-12 22:04:00,2
8,2026-06-13 14:02:00,1
8,2026-06-13 21:52:00,2
8,2026-06-14 13:54:00,1
8,2026-06-14 22:08:00,2
8,2026-06-15 14:12:00,1
8,2026-06-15 22:12:00,2
8,2026-06-16 14:11:00,1
8,2026-06-16 21:55:00,2
8,2026-06-17 14:03:00,1
8,2026-06-17 22:12:00,2
8,2026-06-18 14:15:00,1
8,2026-06-18 21:56:00,2
8,2026-06-19 13:53:00,1
8,2026-06-19 22:07:00,2
8,2026-06-20 14:10:00,1
8,2026-06-20 21:56:00,2
8,2026-06-21 13:54:00,1
8,2026-06-21 22:12:00,2
8,2026-06-22 13:50:00,1
8,2026-06-22 21:54:00,2
8,2026-06-23 14:13:00,1
8,2026-06-23 22:14:00,2
8,2026-06-24 13:51:00,1
8,2026-06-24 22:12:00,2
8,2026-06-25 14:12:00,1
8,2026-06-25 21:46:00,2
8,2026-06-26 14:15:00,1
8,2026-06-26 22:11:00,2
8,2026-06-27 13:56:00,1
8,2026-06-27 22:00:00,2
8,2026-06-28 13:56:00,1
8,2026-06-28 22:15:00,2
8,2026-06-29 13:51:00,1
8,2026-06-29 22:12:00,2
8,2026-06-30 13:55:00,1
8,2026-06-30 21:59:00,2
8,2026-07-01 14:15:00,1
8,2026-07-01 21:46:00,2
8,2026-07-02 14:05:00,1
8,2026-07-02 21:53:00,2
8,2026-07-03 14:14:00,1
8,2026-07-03 22:11:00,2
8,2026-07-04 13:48:00,1
8,2026-07-04 22:04:00,2
8,2026-07-05 14:09:00,1
8,2026-07-05 21:54:00,2
8,2026-07-06 14:01:00,1
8,2026-07-06 22:02:00,2
8,2026-07-07 14:03:00,1
8,2026-07-07 21:55:00,2
8,2026-07-08 14:10:00,1
8,2026-07-08 21:48:00,2
8,2026-07-09 13:46:00,1
8,2026-07-09 22:02:00,2
8,2026-07-10 14:03:00,1
8,2026-07-10 21:46:00,2
8,2026-07-11 13:57:00,1
8,2026-07-11 22:11:00,2
8,2026-07-13 14:14:00,1
8,2026-07-13 21:52:00,2
8,2026-07-14 13:57:00,1
8,2026-07-14 22:14:00,2
8,2026-07-15 14:09:00,1
8,2026-07-15 21:50:00,2
8,2026-07-16 13:47:00,1
8,2026-07-16 21:55:00,2
8,2026-07-17 13:45:00,1
8,2026-07-17 21:53:00,2
8,2026-07-18 13:56:00,1
8,2026-07-18 22:13:00,2
8,2026-07-19 13:55:00,1
8,2026-07-19 22:00:00,2
8,2026-07-20 14:05:00,1
8,2026-07-20 22:07:00,2
8,2026-07-21 14:13:00,1
8,2026-07-21 21:50:00,2
8,2026-07-22 13:48:00,1
8,2026-07-22 22:08:00,2
8,2026-07-23 13:58:00,1
8,2026-07-23 21:55:00,2
8,2026-07-24 14:00:00,1
8,2026-07-24 22:08:00,2
8,2026-07-25 13:47:00,1
8,2026-07-25 21:54:00,2
8,2026-07-26 14:09:00,1
8,2026-07-26 22:00:00,2
8,2026-07-27 13:51:00,1
8,2026-07-27 21:58:00,2
8,2026-07-28 14:06:00,1
8,2026-07-28 22:03:00,2
8,2026-07-29 14:05:00,1
8,2026-07-29 21:45:00,2
8,2026-07-30 14:03:00,1
8,2026-07-30 22:14:00,2
8,2026-07-31 14:11:00,1
8,2026-07-31 22:00:00,2
8,2026-08-01 14:02:00,1
8,2026-08-01 22:09:00,2
8,2026-08-02 14:06:00,1
8,2026-08-02 22:04:00,2
8,2026-08-03 14:12:00,1
8,2026-08-03 21:57:00,2
8,2026-08-05 13:55:00,1
8,2026-08-05 21:51:00,2
8,2026-08-06 14:00:00,1
8,2026-08-06 22:04:00,2
8,2026-08-07 14:08:00,1
8,2026-08-07 21:55:00,2
9,2025-12-29 22:06:00,1
9,2025-12-30 05:47:00,2
9,2025-12-30 21:47:00,1
9,2025-12-31 06:10:00,2
9,2025-12-31 21:59:00,1
9,2026-01-01 06:03:00,2
9,2026-01-01 22:13:00,1
9,2026-01-02 06:14:00,2
9,2026-01-02 22:00:00,1
9,2026-01-03 05:55:00,2
9,2026-01-03 21:54:00,1
9,2026-01-04 06:14:00,2
9,2026-01-04 21:56:00,1
9,2026-01-05 05:57:00,2
9,2026-01-05 21:53:00,1
9,2026-01-06 05:57:00,2
9,2026-01-06 22:14:00,1
9,2026-01-07 06:14:00,2
9,2026-01-07 22:15:00,1
9,2026-01-08 06:04:00,2
9,2026-01-08 22:03:00,1
9,2026-01-09 06:01:00,2
9,2026-01-09 21:52:00,1
9,2026-01-10 06:01:00,2
9,2026-01-10 21:45:00,1
9,2026-01-11 05:53:00,2
9,2026-01-11 21:59:00,1
9,2026-01-12 05:48:00,2
9,2026-01-12 22:02:00,1
9,2026-01-13 05:50:00,2
9,2026-01-13 21:48:00,1
9,2026-01-14 05:57:00,2
9,2026-01-14 22:01:00,1
9,2026-01-15 05:52:00,2
9,2026-01-15 22:05:00,1
9,2026-01-16 05:46:00,2
9,2026-01-16 22:12:00,1
9,2026-01-17 06:11:00,2
9,2026-01-17 21:47:00,1
9,2026-01-18 06:07:00,2
9,2026-01-18 21:52:00,1
9,2026-01-19 05:50:00,2
9,2026-01-20 22:05:00,1
9,2026-01-21 05:58:00,2
9,2026-01-21 21:56:00,1
9,2026-01-22 05:53:00,2
9,2026-01-23 21:50:00,1
9,2026-01-24 06:12:00,2
9,2026-01-24 21:55:00,1
9,2026-01-25 06:08:00,2
9,2026-01-25 22:03:00,1
9,2026-01-26 05:55:00,2
9,2026-01-26 22:15:00,1
9,2026-01-27 05:55:00,2
9,2026-01-27 21:55:00,1
9,2026-01-28 05:52:00,2
9,2026-01-28 21:45:00,1
9,2026-01-29 06:04:00,2
9,2026-01-29 22:13:00,1
9,2026-01-30 05:51:00,2
9,2026-01-30 21:54:00,1
9,2026-01-31 06:00:00,2
9,2026-01-31 22:02:00,1
9,2026-02-01 05:55:00,2
9,2026-02-01 22:12:00,1
9,2026-02-02 06:04:00,2
9,2026-02-02 22:01:00,1
9,2026-02-03 06:06:00,2
9,2026-02-03 22:03:00,1
9,2026-02-04 05:47:00,2
9,2026-02-04 22:01:00,1
9,2026-02-05 06:08:00,2
9,2026-02-05 22:12:00,1
9,2026-02-06 06:09:00,2
9,2026-02-06 22:10:00,1
9,2026-02-07 06:12:00,2
9,2026-02-07 22:03:00,1
9,2026-02-08 06:04:00,2
9,2026-02-09 21:46:00,1
9,2026-02-10 05:55:00,2
9,2026-02-10 22:01:00,1
9,2026-02-11 06:05:00,2
9,2026-02-11 21:54:00,1
9,2026-02-12 05:47:00,2
9,2026-02-12 21:54:00,1
9,2026-02-13 06:07:00,2
9,2026-02-13 22:07:00,1
9,2026-02-14 06:12:00,2
9,2026-02-14 21:58:00,1
9,2026-02-15 06:10:00,2
9,2026-02-15 22:01:00,1
9,2026-02-16 05:56:00,2
9,2026-02-16 21:58:00,1
9,2026-02-17 05:55:00,2
9,2026-02-17 21:55:00,1
9,2026-02-18 05:52:00,2
9,2026-02-18 21:45:00,1
9,2026-02-19 05:47:00,2
9,2026-02-19 21:56:00,1
9,2026-02-20 06:08:00,2
9,2026-02-20 21:46:00,1
9,2026-02-21 05:54:00,2
9,2026-02-21 22:03:00,1
9,2026-02-22 06:05:00,2
9,2026-02-22 21:55:00,1
9,2026-02-23 06:08:00,2
9,2026-02-23 21:54:00,1
9,2026-02-24 05:55:00,2
9,2026-02-24 22:13:00,1
9,2026-02-25 06:10:00,2
9,2026-02-25 21:54:00,1
9,2026-02-26 06:11:00,2
9,2026-02-26 21:56:00,1
9,2026-02-27 06:10:00,2
9,2026-02-27 22:03:00,1
9,2026-02-28 06:02:00,2
9,2026-02-28 22:11:00,1
9,2026-03-01 05:59:00,2
9,2026-03-01 22:10:00,1
9,2026-03-02 06:15:00,2
9,2026-03-03 22:03:00,1
9,2026-03-04 05:47:00,2
9,2026-03-04 22:01:00,1
9,2026-03-05 05:47:00,2
9,2026-03-05 22:09:00,1
9,2026-03-06 06:12:00,2
9,2026-03-07 21:47:00,1
9,2026-03-08 06:09:00,2
9,2026-03-08 22:06:00,1
9,2026-03-09 06:15:00,2
9,2026-03-09 22:05:00,1
9,2026-03-10 06:08:00,2
9,2026-03-10 22:12:00,1
9,2026-03-11 05:45:00,2
9,2026-03-11 22:15:00,1
9,2026-03-12 05:58:00,2
9,2026-03-12 22:01:00,1
9,2026-03-13 06:08:00,2
9,2026-03-13 22:05:00,1
9,2026-03-14 06:00:00,2
9,2026-03-14 22:03:00,1
9,2026-03-15 06:02:00,2
9,2026-03-15 21:46:00,1
9,2026-03-16 06:15:00,2
9,2026-03-17 21:58:00,1
9,2026-03-18 05:48:00,2
9,2026-03-18 21:51:00,1
9,2026-03-19 05:51:00,2
9,2026-03-19 22:02:00,1
9,2026-03-20 05:45:00,2
9,2026-03-20 22:14:00,1
9,2026-03-21 05:51:00,2
9,2026-03-21 21:50:00,1
9,2026-03-22 05:49:00,2
9,2026-03-22 21:49:00,1
9,2026-03-23 05:46:00,2
9,2026-03-23 22:14:00,1
9,2026-03-24 05:57:00,2
9,2026-03-24 21:45:00,1
9,2026-03-25 06:10:00,2
9,2026-03-26 22:05:00,1
9,2026-03-27 05:54:00,2
9,2026-03-28 21:56:00,1
9,2026-03-29 06:15:00,2
9,2026-03-30 22:00:00,1
9,2026-03-31 06:13:00,2
9,2026-03-31 22:04:00,1
9,2026-04-01 06:14:00,2
9,2026-04-01 22:07:00,1
9,2026-04-02 06:10:00,2
9,2026-04-02 21:58:00,1
9,2026-04-03 05:50:00,2
9,2026-04-03 21:55:00,1
9,2026-04-04 06:15:00,2
9,2026-04-04 22:10:00,1
9,2026-04-05 05:56:00,2
9,2026-04-05 22:04:00,1
9,2026-04-06 05:45:00,2
9,2026-04-06 21:53:00,1
9,2026-04-07 05:54:00,2
9,2026-04-07 21:56:00,1
9,2026-04-08 05:55:00,2
9,2026-04-09 22:10:00,1
9,2026-04-10 05:47:00,2
9,2026-04-10 21:50:00,1
9,2026-04-11 06:13:00,2
9,2026-04-11 21:50:00,1
9,2026-04-12 05:49:00,2
9,2026-04-12 21:49:00,1
9,2026-04-13 05:53:00,2
9,2026-04-13 22:02:00,1
9,2026-04-14 06:11:00,2
9,2026-04-14 21:53:00,1
9,2026-04-15 05:57:00,2
9,2026-04-15 21:55:00,1
9,2026-04-16 05:58:00,2
9,2026-04-16 21:56:00,1
9,2026-04-17 06:14:00,2
9,2026-04-17 22:00:00,1
9,2026-04-18 05:51:00,2
9,2026-04-18 22:03:00,1
9,2026-04-19 05:57:00,2
9,2026-04-19 21:52:00,1
9,2026-04-20 06:03:00,2
9,2026-04-20 21:57:00,1
9,2026-04-21 05:45:00,2
9,2026-04-21 21:57:00,1
9,2026-04-22 05:46:00,2
9,2026-04-22 22:02:00,1
9,2026-04-23 06:07:00,2
9,2026-04-23 22:04:00,1
9,2026-04-24 06:13:00,2
9,2026-04-24 22:06:00,1
9,2026-04-25 05:45:00,2
9,2026-04-25 22:08:00,1
9,2026-04-26 06:01:00,2
9,2026-04-26 22:10:00,1
9,2026-04-27 05:49:00,2
9,2026-04-27 21:53:00,1
9,2026-04-28 06:07:00,2
9,2026-04-28 21:55:00,1
9,2026-04-29 05:48:00,2
9,2026-04-29 22:05:00,1
9,2026-04-30 05:47:00,2
9,2026-04-30 22:05:00,1
9,2026-05-01 05:56:00,2
9,2026-05-01 22:10:00,1
9,2026-05-02 05:58:00,2
9,2026-05-02 22:11:00,1
9,2026-05-03 06:05:00,2
9,2026-05-03 21:54:00,1
9,2026-05-04 05:56:00,2
9,2026-05-05 22:08:00,1
9,2026-05-06 06:09:00,2
9,2026-05-06 21:52:00,1
9,2026-05-07 05:58:00,2
9,2026-05-07 21:59:00,1
9,2026-05-08 05:45:00,2
9,2026-05-08 22:09:00,1
9,2026-05-09 06:08:00,2
9,2026-05-09 22:14:00,1
9,2026-05-10 05:53:00,2
9,2026-05-11 22:11:00,1
9,2026-05-12 06:11:00,2
9,2026-05-12 21:54:00,1
9,2026-05-13 06:12:00,2
9,2026-05-13 21:59:00,1
9,2026-05-14 06:09:00,2
9,2026-05-14 22:03:00,1
9,2026-05-15 06:14:00,2
9,2026-05-15 22:07:00,1
9,2026-05-16 05:46:00,2
9,2026-05-16 22:00:00,1
9,2026-05-17 06:13:00,2
9,2026-05-17 22:13:00,1
9,2026-05-18 05:56:00,2
9,2026-05-18 21:49:00,1
9,2026-05-19 06:10:00,2
9,2026-05-19 22:12:00,1
9,2026-05-20 06:13:00,2
9,2026-05-20 22:15:00,1
9,2026-05-21 05:55:00,2
9,2026-05-21 21:56:00,1
9,2026-05-22 06:04:00,2
9,2026-05-22 21:51:00,1
9,2026-05-23 05:50:00,2
9,2026-05-24 21:57:00,1
9,2026-05-25 05:45:00,2
9,2026-05-25 21:49:00,1
9,2026-05-26 05:46:00,2
9,2026-05-26 21:50:00,1
9,2026-05-27 06:04:00,2
9,2026-05-27 21:51:00,1
9,2026-05-28 06:07:00,2
9,2026-05-28 21:59:00,1
9,2026-05-29 06:05:00,2
9,2026-05-29 22:15:00,1
9,2026-05-30 05:47:00,2
9,2026-05-30 21:57:00,1
9,2026-05-31 05:47:00,2
9,2026-05-31 21:57:00,1
9,2026-06-01 05:49:00,2
9,2026-06-01 21:46:00,1
9,2026-06-02 05:59:00,2
9,2026-06-02 22:01:00,1
9,2026-06-03 06:00:00,2
9,2026-06-03 21:48:00,1
9,2026-06-04 05:56:00,2
9,2026-06-04 21:58:00,1
9,2026-06-05 05:47:00,2
9,2026-06-05 22:00:00,1
9,2026-06-06 05:53:00,2
9,2026-06-06 21:56:00,1
9,2026-06-07 06:11:00,2
9,2026-06-07 21:58:00,1
9,2026-06-08 06:11:00,2
9,2026-06-08 22:00:00,1
9,2026-06-09 06:01:00,2
9,2026-06-09 22:13:00,1
9,2026-06-10 05:50:00,2
9,2026-06-10 21:58:00,1
9,2026-06-11 06:03:00,2
9,2026-06-11 21:50:00,1
9,2026-06-12 06:08:00,2
9,2026-06-12 21:50:00,1
9,2026-06-13 06:10:00,2
9,2026-06-14 22:02:00,1
9,2026-06-15 06:08:00,2
9,2026-06-15 21:55:00,1
9,2026-06-16 06:02:00,2
9,2026-06-16 21:55:00,1
9,2026-06-17 06:12:00,2
9,2026-06-17 22:13:00,1
9,2026-06-18 05:51:00,2
9,2026-06-18 22:00:00,1
9,2026-06-19 06:03:00,2
9,2026-06-19 21:48:00,1
9,2026-06-20 06:12:00,2
9,2026-06-20 22:03:00,1
9,2026-06-21 05:51:00,2
9,2026-06-21 21:51:00,1
9,2026-06-22 05:59:00,2
9,2026-06-22 21:50:00,1
9,2026-06-23 06:08:00,2
9,2026-06-23 22:04:00,1
9,2026-06-24 05:54:00,2
9,2026-06-24 22:05:00,1
9,2026-06-25 06:07:00,2
9,2026-06-25 22:05:00,1
9,2026-06-26 05:46:00,2
9,2026-06-26 22:12:00,1
9,2026-06-27 05:58:00,2
9,2026-06-27 21:53:00,1
9,2026-06-28 05:54:00,2
9,2026-06-28 21:54:00,1
9,2026-06-29 06:08:00,2
9,2026-06-29 22:15:00,1
9,2026-06-30 05:53:00,2
9,2026-07-02 21:50:00,1
9,2026-07-03 06:13:00,2
9,2026-07-03 21:56:00,1
9,2026-07-04 05:52:00,2
9,2026-07-04 22:12:00,1
9,2026-07-05 05:57:00,2
9,2026-07-05 21:53:00,1
9,2026-07-06 05:53:00,2
9,2026-07-06 21:55:00,1
9,2026-07-07 05:48:00,2
9,2026-07-07 21:57:00,1
9,2026-07-08 06:12:00,2
9,2026-07-08 22:11:00,1
9,2026-07-09 06:00:00,2
9,2026-07-09 22:02:00,1
9,2026-07-10 05:55:00,2
9,2026-07-10 22:07:00,1
9,2026-07-11 05:49:00,2
9,2026-07-11 21:59:00,1
9,2026-07-12 06:00:00,2
9,2026-07-12 21:56:00,1
9,2026-07-13 06:09:00,2
9,2026-07-13 22:01:00,1
9,2026-07-14 06:07:00,2
9,2026-07-14 21:51:00,1
9,2026-07-15 06:09:00,2
9,2026-07-15 21:55:00,1
9,2026-07-16 05:58:00,2
9,2026-07-16 22:03:00,1
9,2026-07-17 06:13:00,2
9,2026-07-17 22:05:00,1
9,2026-07-18 05:47:00,2
9,2026-07-18 21:52:00,1
9,2026-07-19 05:51:00,2
9,2026-07-19 21:50:00,1
9,2026-07-20 06:14:00,2
9,2026-07-20 22:08:00,1
9,2026-07-21 05:50:00,2
9,2026-07-21 21:49:00,1
9,2026-07-22 06:12:00,2
9,2026-07-22 22:15:00,1
9,2026-07-23 06:09:00,2
9,2026-07-23 22:12:00,1
9,2026-07-24 05:52:00,2
9,2026-07-25 21:55:00,1
9,2026-07-26 05:57:00,2
9,2026-07-26 21:56:00,1
9,2026-07-27 05:57:00,2
9,2026-07-27 22:15:00,1
9,2026-07-28 05:48:00,2
9,2026-07-28 22:00:00,1
9,2026-07-29 06:01:00,2
9,2026-07-29 22:13:00,1
9,2026-07-30 05:56:00,2
9,2026-07-30 22:09:00,1
9,2026-07-31 06:09:00,2
9,2026-07-31 22:15:00,1
9,2026-08-01 05:54:00,2
9,2026-08-01 22:15:00,1
9,2026-08-02 05:54:00,2
9,2026-08-02 22:06:00,1
9,2026-08-03 06:09:00,2
9,2026-08-03 21:57:00,1
9,2026-08-04 06:06:00,2
9,2026-08-05 22:13:00,1
9,2026-08-06 05:53:00,2
9,2026-08-06 21:55:00,1
9,2026-08-07 05:47:00,2
9,2026-08-07 22:14:00,1
9,2026-08-08 06:09:00,2
10,2025-11-20 21:54:00,1
10,2025-11-21 06:06:00,2
10,2025-11-21 22:07:00,1
10,2025-11-22 05:45:00,2
10,2025-11-22 21:51:00,1
10,2025-11-23 06:11:00,2
10,2025-11-23 21:46:00,1
10,2025-11-24 05:45:00,2
10,2025-11-24 22:06:00,1
10,2025-11-25 06:02:00,2
10,2025-11-25 22:07:00,1
10,2025-11-26 05:53:00,2
10,2025-11-26 22:12:00,1
10,2025-11-27 05:52:00,2
10,2025-11-27 22:12:00,1
10,2025-11-28 06:05:00,2
10,2025-11-28 22:05:00,1
10,2025-11-29 05:45:00,2
10,2025-11-29 22:04:00,1
10,2025-11-30 06:12:00,2
10,2025-12-01 22:03:00,1
10,2025-12-02 06:13:00,2
10,2025-12-02 22:11:00,1
10,2025-12-03 06:15:00,2
10,2025-12-04 22:12:00,1
10,2025-12-05 05:46:00,2
10,2025-12-05 21:49:00,1
10,2025-12-06 06:12:00,2
10,2025-12-06 22:12:00,1
10,2025-12-07 06:14:00,2
10,2025-12-07 22:02:00,1
10,2025-12-08 05:46:00,2
10,2025-12-08 21:46:00,1
10,2025-12-09 05:49:00,2
10,2025-12-09 22:02:00,1
10,2025-12-10 06:12:00,2
10,2025-12-10 22:10:00,1
10,2025-12-11 05:56:00,2
10,2025-12-11 21:57:00,1
10,2025-12-12 06:05:00,2
10,2025-12-12 22:11:00,1
10,2025-12-13 06:10:00,2
10,2025-12-13 21:46:00,1
10,2025-12-14 05:56:00,2
10,2025-12-14 21:58:00,1
10,2025-12-15 06:04:00,2
10,2025-12-15 21:49:00,1
10,2025-12-16 06:00:00,2
10,2025-12-16 21:49:00,1
10,2025-12-17 06:14:00,2
10,2025-12-17 22:06:00,1
10,2025-12-18 05:45:00,2
10,2025-12-18 22:15:00,1
10,2025-12-19 05:47:00,2
10,2025-12-19 22:01:00,1
10,2025-12-20 05:47:00,2
10,2025-12-20 22:10:00,1
10,2025-12-21 05:47:00,2
10,2025-12-21 22:03:00,1
10,2025-12-22 06:05:00,2
10,2025-12-22 22:09:00,1
10,2025-12-23 05:53:00,2
10,2025-12-23 22:03:00,1
10,2025-12-24 05:47:00,2
10,2025-12-24 21:45:00,1
10,2025-12-25 05:57:00,2
10,2025-12-25 21:50:00,1
10,2025-12-26 06:15:00,2
10,2025-12-26 22:08:00,1
10,2025-12-27 05:48:00,2
10,2025-12-27 21:47:00,1
10,2025-12-28 05:48:00,2
10,2025-12-28 21:50:00,1
10,2025-12-29 06:08:00,2
10,2025-12-29 22:11:00,1
10,2025-12-30 06:07:00,2
10,2025-12-30 21:54:00,1
10,2025-12-31 05:47:00,2
10,2025-12-31 21:48:00,1
10,2026-01-01 06:01:00,2
10,2026-01-02 22:05:00,1
10,2026-01-03 06:13:00,2
10,2026-01-03 22:06:00,1
10,2026-01-04 06:00:00,2
10,2026-01-05 21:47:00,1
10,2026-01-06 05:57:00,2
10,2026-01-06 22:07:00,1
10,2026-01-07 05:56:00,2
10,2026-01-07 21:50:00,1
10,2026-01-08 05:46:00,2
10,2026-01-08 22:05:00,1
10,2026-01-09 05:46:00,2
10,2026-01-09 22:11:00,1
10,2026-01-10 06:01:00,2
10,2026-01-10 21:59:00,1
10,2026-01-11 06:02:00,2
10,2026-01-11 21:46:00,1
10,2026-01-12 06:02:00,2
10,2026-01-12 21:59:00,1
10,2026-01-13 06:09:00,2
10,2026-01-13 22:13:00,1
10,2026-01-14 05:56:00,2
10,2026-01-14 21:57:00,1
10,2026-01-15 05:56:00,2
10,2026-01-15 22:04:00,1
10,2026-01-16 05:50:00,2
10,2026-01-16 21:57:00,1
10,2026-01-17 05:46:00,2
10,2026-01-18 22:00:00,1
10,2026-01-19 06:05:00,2
10,2026-01-19 22:02:00,1
10,2026-01-20 05:55:00,2
10,2026-01-20 21:59:00,1
10,2026-01-21 05:45:00,2
10,2026-01-21 22:10:00,1
10,2026-01-22 05:55:00,2
10,2026-01-22 21:51:00,1
10,2026-01-23 06:09:00,2
10,2026-01-23 22:02:00,1
10,2026-01-24 05:49:00,2
10,2026-01-24 21:46:00,1
10,2026-01-25 06:09:00,2
10,2026-01-25 21:45:00,1
10,2026-01-26 05:55:00,2
10,2026-01-26 21:55:00,1
10,2026-01-27 05:59:00,2
10,2026-01-27 21:56:00,1
10,2026-01-28 05:46:00,2
10,2026-01-28 21:57:00,1
10,2026-01-29 05:45:00,2
10,2026-01-29 22:12:00,1
10,2026-01-30 05:52:00,2
10,2026-01-30 21:53:00,1
10,2026-01-31 06:03:00,2
10,2026-01-31 21:58:00,1
10,2026-02-01 06:08:00,2
10,2026-02-01 21:50:00,1
10,2026-02-02 06:10:00,2
10,2026-02-02 22:09:00,1
10,2026-02-03 06:00:00,2
10,2026-02-03 22:15:00,1
10,2026-02-04 06:00:00,2
10,2026-02-04 21:47:00,1
10,2026-02-05 05:59:00,2
10,2026-02-05 21:59:00,1
10,2026-02-06 06:14:00,2
10,2026-02-06 22:09:00,1
10,2026-02-07 06:08:00,2
10,2026-02-07 21:56:00,1
10,2026-02-08 05:53:00,2
10,2026-02-08 22:13:00,1
10,2026-02-09 05:49:00,2
10,2026-02-09 21:51:00,1
10,2026-02-10 05:51:00,2
10,2026-02-10 21:54:00,1
10,2026-02-11 06:07:00,2
10,2026-02-11 21:48:00,1
10,2026-02-12 05:54:00,2
10,2026-02-13 22:06:00,1
10,2026-02-14 06:04:00,2
10,2026-02-14 22:04:00,1
10,2026-02-15 05:50:00,2
10,2026-02-15 22:11:00,1
10,2026-02-16 06:03:00,2
10,2026-02-16 21:54:00,1
10,2026-02-17 06:02:00,2
10,2026-02-17 21:59:00,1
10,2026-02-18 06:10:00,2
10,2026-02-18 22:08:00,1
10,2026-02-19 06:12:00,2
10,2026-02-19 21:56:00,1
10,2026-02-20 05:50:00,2
10,2026-02-22 22:00:00,1
10,2026-02-23 06:01:00,2
10,2026-02-23 22:04:00,1
10,2026-02-24 06:02:00,2
10,2026-02-24 21:46:00,1
10,2026-02-25 05:50:00,2
10,2026-02-25 21:55:00,1
10,2026-02-26 06:10:00,2
10,2026-02-26 22:01:00,1
10,2026-02-27 05:49:00,2
10,2026-02-27 22:06:00,1
10,2026-02-28 05:50:00,2
10,2026-02-28 21:59:00,1
10,2026-03-01 05:59:00,2
10,2026-03-01 21:46:00,1
10,2026-03-02 06:12:00,2
10,2026-03-02 21:48:00,1
10,2026-03-03 05:55:00,2
10,2026-03-03 22:12:00,1
10,2026-03-04 05:51:00,2
10,2026-03-04 22:14:00,1
10,2026-03-05 06:07:00,2
10,2026-03-05 21:45:00,1
10,2026-03-06 06:03:00,2
10,2026-03-06 22:15:00,1
10,2026-03-07 06:11:00,2
10,2026-03-07 21:47:00,1
10,2026-03-08 05:46:00,2
10,2026-03-08 22:07:00,1
10,2026-03-09 06:05:00,2
10,2026-03-09 21:56:00,1
10,2026-03-10 05:48:00,2
10,2026-03-11 21:51:00,1
10,2026-03-12 05:56:00,2
10,2026-03-12 21:45:00,1
10,2026-03-13 06:00:00,2
10,2026-03-13 21:46:00,1
10,2026-03-14 06:11:00,2
10,2026-03-14 22:12:00,1
10,2026-03-15 05:57:00,2
10,2026-03-15 22:10:00,1
10,2026-03-16 06:00:00,2
10,2026-03-16 21:51:00,1
10,2026-03-17 05:47:00,2
10,2026-03-17 22:07:00,1
10,2026-03-18 06:06:00,2
10,2026-03-18 21:57:00,1
10,2026-03-19 05:48:00,2
10,2026-03-19 21:55:00,1
10,2026-03-20 05:52:00,2
10,2026-03-20 21:54:00,1
10,2026-03-21 06:03:00,2
10,2026-03-21 21:49:00,1
10,2026-03-22 05:57:00,2
10,2026-03-22 21:57:00,1
10,2026-03-23 06:02:00,2
10,2026-03-23 22:14:00,1
10,2026-03-24 06:05:00,2
10,2026-03-24 22:03:00,1
10,2026-03-25 05:46:00,2
10,2026-03-26 22:10:00,1
10,2026-03-27 06:01:00,2
10,2026-03-27 21:48:00,1
10,2026-03-28 05:55:00,2
10,2026-03-28 22:04:00,1
10,2026-03-29 06:02:00,2
10,2026-03-29 22:04:00,1
10,2026-03-30 06:13:00,2
10,2026-03-31 21:45:00,1
10,2026-04-01 05:47:00,2
10,2026-04-01 22:10:00,1
10,2026-04-02 05:58:00,2
10,2026-04-02 21:49:00,1
10,2026-04-03 05:50:00,2
10,2026-04-03 22:04:00,1
10,2026-04-04 05:57:00,2
10,2026-04-04 22:03:00,1
10,2026-04-05 06:08:00,2
10,2026-04-05 22:05:00,1
10,2026-04-06 05:56:00,2
10,2026-04-06 21:51:00,1
10,2026-04-07 06:01:00,2
10,2026-04-08 21:55:00,1
10,2026-04-09 06:04:00,2
10,2026-04-09 22:15:00,1
10,2026-04-10 06:12:00,2
10,2026-04-10 22:02:00,1
10,2026-04-11 05:58:00,2
10,2026-04-11 21:50:00,1
10,2026-04-12 05:56:00,2
10,2026-04-13 22:15:00,1
10,2026-04-14 06:13:00,2
10,2026-04-14 21:49:00,1
10,2026-04-15 05:53:00,2
10,2026-04-15 22:09:00,1
10,2026-04-16 05:59:00,2
10,2026-04-16 21:49:00,1
10,2026-04-17 05:48:00,2
10,2026-04-17 21:53:00,1
10,2026-04-18 06:02:00,2
10,2026-04-18 22:05:00,1
10,2026-04-19 06:08:00,2
10,2026-04-19 21:46:00,1
10,2026-04-20 05:45:00,2
10,2026-04-20 22:12:00,1
10,2026-04-21 06:01:00,2
10,2026-04-21 22:12:00,1
10,2026-04-22 05:48:00,2
10,2026-04-22 22:03:00,1
10,2026-04-23 06:13:00,2
10,2026-04-23 22:08:00,1
10,2026-04-24 05:58:00,2
10,2026-04-24 21:45:00,1
10,2026-04-25 06:11:00,2
10,2026-04-26 21:46:00,1
10,2026-04-27 06:05:00,2
10,2026-04-27 22:08:00,1
10,2026-04-28 05:47:00,2
10,2026-04-28 21:53:00,1
10,2026-04-29 06:09:00,2
10,2026-04-29 21:53:00,1
10,2026-04-30 05:51:00,2
10,2026-04-30 21:52:00,1
10,2026-05-01 06:07:00,2
10,2026-05-02 21:45:00,1
10,2026-05-03 06:08:00,2
10,2026-05-03 22:06:00,1
10,2026-05-04 05:54:00,2
10,2026-05-04 21:53:00,1
10,2026-05-05 05:58:00,2
10,2026-05-05 21:58:00,1
10,2026-05-06 06:11:00,2
10,2026-05-06 21:51:00,1
10,2026-05-07 05:54:00,2
10,2026-05-07 22:12:00,1
10,2026-05-08 05:53:00,2
10,2026-05-09 22:04:00,1
10,2026-05-10 06:11:00,2
10,2026-05-10 22:14:00,1
10,2026-05-11 06:05:00,2
10,2026-05-11 21:58:00,1
10,2026-05-12 06:02:00,2
10,2026-05-12 21:58:00,1
10,2026-05-13 05:59:00,2
10,2026-05-13 21:50:00,1
10,2026-05-14 05:53:00,2
10,2026-05-14 22:10:00,1
10,2026-05-15 06:08:00,2
10,2026-05-15 21:51:00,1
10,2026-05-16 06:06:00,2
10,2026-05-16 21:48:00,1
10,2026-05-17 06:02:00,2
10,2026-05-17 21:57:00,1
10,2026-05-18 05:49:00,2
10,2026-05-18 22:00:00,1
10,2026-05-19 06:15:00,2
10,2026-05-19 22:02:00,1
10,2026-05-20 05:58:00,2
10,2026-05-20 22:14:00,1
10,2026-05-21 05:49:00,2
10,2026-05-21 22:14:00,1
10,2026-05-22 06:04:00,2
10,2026-05-24 22:00:00,1
10,2026-05-25 05:51:00,2
10,2026-05-25 22:02:00,1
10,2026-05-26 05:56:00,2
10,2026-05-26 22:09:00,1
10,2026-05-27 06:09:00,2
10,2026-05-27 21:58:00,1
10,2026-05-28 06:06:00,2
10,2026-05-28 22:06:00,1
10,2026-05-29 05:46:00,2
10,2026-05-30 22:00:00,1
10,2026-05-31 06:13:00,2
10,2026-05-31 22:08:00,1
10,2026-06-01 05:52:00,2
10,2026-06-01 21:48:00,1
10,2026-06-02 06:12:00,2
10,2026-06-02 21:56:00,1
10,2026-06-03 06:03:00,2
10,2026-06-03 22:07:00,1
10,2026-06-04 05:54:00,2
10,2026-06-04 21:57:00,1
10,2026-06-05 06:11:00,2
10,2026-06-05 21:54:00,1
10,2026-06-06 06:10:00,2
10,2026-06-06 22:02:00,1
10,2026-06-07 06:00:00,2
10,2026-06-07 22:09:00,1
10,2026-06-08 05:50:00,2
10,2026-06-08 22:09:00,1
10,2026-06-09 06:14:00,2
10,2026-06-09 22:09:00,1
10,2026-06-10 05:52:00,2
10,2026-06-10 21:52:00,1
10,2026-06-11 06:12:00,2
10,2026-06-11 22:04:00,1
10,2026-06-12 05:57:00,2
10,2026-06-12 22:10:00,1
10,2026-06-13 06:10:00,2
10,2026-06-13 21:46:00,1
10,2026-06-14 06:06:00,2
10,2026-06-14 22:05:00,1
10,2026-06-15 05:47:00,2
10,2026-06-16 21:57:00,1
10,2026-06-17 06:07:00,2
10,2026-06-17 22:02:00,1
10,2026-06-18 06:14:00,2
10,2026-06-18 21:57:00,1
10,2026-06-19 05:45:00,2
10,2026-06-19 21:54:00,1
10,2026-06-20 05:49:00,2
10,2026-06-20 22:14:00,1
10,2026-06-21 05:46:00,2
10,2026-06-21 22:12:00,1
10,2026-06-22 05:48:00,2
10,2026-06-22 21:55:00,1
10,2026-06-23 05:51:00,2
10,2026-06-23 21:59:00,1
10,2026-06-24 05:56:00,2
10,2026-06-24 22:02:00,1
10,2026-06-25 05:55:00,2
10,2026-06-25 21:57:00,1
10,2026-06-26 06:12:00,2
10,2026-06-26 21:46:00,1
10,2026-06-27 06:12:00,2
10,2026-06-27 21:53:00,1
10,2026-06-28 06:00:00,2
10,2026-06-28 22:14:00,1
10,2026-06-29 05:55:00,2
10,2026-06-29 21:45:00,1
10,2026-06-30 05:48:00,2
10,2026-06-30 22:14:00,1
10,2026-07-01 05:59:00,2
10,2026-07-01 22:01:00,1
10,2026-07-02 05:50:00,2
10,2026-07-02 22:13:00,1
10,2026-07-03 05:48:00,2
10,2026-07-04 21:51:00,1
10,2026-07-05 05:51:00,2
10,2026-07-05 21:51:00,1
10,2026-07-06 06:14:00,2
10,2026-07-06 21:56:00,1
10,2026-07-07 06:07:00,2
10,2026-07-07 22:01:00,1
10,2026-07-08 05:55:00,2
10,2026-07-08 21:53:00,1
10,2026-07-09 06:09:00,2
10,2026-07-10 21:46:00,1
10,2026-07-11 06:06:00,2
10,2026-07-11 21:45:00,1
10,2026-07-12 06:11:00,2
10,2026-07-12 22:03:00,1
10,2026-07-13 05:57:00,2
10,2026-07-13 22:07:00,1
10,2026-07-14 05:56:00,2
10,2026-07-14 22:06:00,1
10,2026-07-15 06:14:00,2
10,2026-07-15 22:07:00,1
10,2026-07-16 06:12:00,2
10,2026-07-16 21:51:00,1
10,2026-07-17 05:49:00,2
10,2026-07-17 22:02:00,1
10,2026-07-18 06:10:00,2
10,2026-07-18 22:00:00,1
10,2026-07-19 06:09:00,2
10,2026-07-19 22:04:00,1
10,2026-07-20 06:05:00,2
10,2026-07-20 22:12:00,1
10,2026-07-21 06:09:00,2
10,2026-07-21 21:47:00,1
10,2026-07-22 06:00:00,2
10,2026-07-22 22:05:00,1
10,2026-07-23 06:00:00,2
10,2026-07-23 22:03:00,1
10,2026-07-24 06:09:00,2
10,2026-07-24 21:58:00,1
10,2026-07-25 05:47:00,2
10,2026-07-25 21:54:00,1
10,2026-07-26 05:54:00,2
10,2026-07-26 21:47:00,1
10,2026-07-27 05:52:00,2
10,2026-07-27 22:14:00,1
10,2026-07-28 06:04:00,2
10,2026-07-28 21:47:00,1
10,2026-07-29 06:12:00,2
10,2026-07-29 22:10:00,1
10,2026-07-30 06:02:00,2
10,2026-07-30 22:07:00,1
10,2026-07-31 06:15:00,2
10,2026-07-31 21:54:00,1
10,2026-08-01 05:52:00,2
10,2026-08-01 21:57:00,1
10,2026-08-02 05:51:00,2
10,2026-08-02 22:11:00,1
10,2026-08-03 05:46:00,2
10,2026-08-03 22:01:00,1
10,2026-08-04 05:51:00,2
10,2026-08-04 22:07:00,1
10,2026-08-05 05:58:00,2
10,2026-08-05 22:11:00,1
10,2026-08-06 05:47:00,2
10,2026-08-06 22:00:00,1
10,2026-08-07 06:04:00,2
10,2026-08-07 22:04:00,1
10,2026-08-08 05:53:00,2
11,2025-10-09 21:45:00,1
11,2025-10-10 05:53:00,2
12,2025-11-18 21:46:00,1
12,2025-11-19 05:58:00,2
12,2025-11-20 21:59:00,1
12,2025-11-21 06:13:00,2
12,2025-11-21 21:53:00,1
12,2025-11-22 05:46:00,2
12,2025-11-22 21:49:00,1
12,2025-11-23 06:04:00,2
12,2025-11-24 22:02:00,1
12,2025-11-25 05:58:00,2
12,2025-11-25 22:08:00,1
12,2025-11-26 06:05:00,2
12,2025-11-26 22:06:00,1
12,2025-11-27 05:53:00,2
12,2025-11-27 21:53:00,1
12,2025-11-28 06:04:00,2
12,2025-11-29 21:53:00,1
12,2025-11-30 06:08:00,2
12,2025-11-30 21:51:00,1
12,2025-12-01 06:04:00,2
12,2025-12-02 21:55:00,1
12,2025-12-03 06:06:00,2
12,2025-12-03 22:02:00,1
12,2025-12-04 06:00:00,2
12,2025-12-04 21:46:00,1
12,2025-12-05 05:59:00,2
12,2025-12-06 21:51:00,1
12,2025-12-07 06:00:00,2
12,2025-12-07 21:55:00,1
12,2025-12-08 05:47:00,2
12,2025-12-08 22:05:00,1
12,2025-12-09 05:57:00,2
12,2025-12-09 21:45:00,1
12,2025-12-10 05:51:00,2
12,2025-12-13 22:02:00,1
12,2025-12-14 05:59:00,2
12,2025-12-14 21:51:00,1
12,2025-12-15 06:10:00,2
12,2025-12-15 22:06:00,1
12,2025-12-16 06:11:00,2
12,2025-12-16 22:03:00,1
12,2025-12-17 05:51:00,2
12,2025-12-17 22:06:00,1
12,2025-12-18 06:07:00,2
12,2025-12-18 21:52:00,1
12,2025-12-19 06:07:00,2
12,2025-12-19 21:45:00,1
12,2025-12-20 06:00:00,2
12,2025-12-20 21:50:00,1
12,2025-12-21 05:58:00,2
12,2025-12-21 22:15:00,1
12,2025-12-22 06:04:00,2
12,2025-12-22 22:08:00,1
12,2025-12-23 05:57:00,2
12,2025-12-23 22:00:00,1
12,2025-12-24 06:06:00,2
12,2025-12-24 21:59:00,1
12,2025-12-25 06:00:00,2
12,2025-12-25 22:14:00,1
12,2025-12-26 05:53:00,2
12,2025-12-26 22:14:00,1
12,2025-12-27 06:11:00,2
12,2025-12-27 22:00:00,1
12,2025-12-28 06:10:00,2
12,2025-12-28 22:13:00,1
12,2025-12-29 06:07:00,2
12,2025-12-29 21:50:00,1
12,2025-12-30 06:12:00,2
12,2025-12-30 22:09:00,1
12,2025-12-31 05:50:00,2
12,2025-12-31 21:58:00,1
12,2026-01-01 05:55:00,2
12,2026-01-01 22:02:00,1
12,2026-01-02 06:04:00,2
12,2026-01-02 21:45:00,1
12,2026-01-03 05:52:00,2
12,2026-01-03 22:01:00,1
12,2026-01-04 06:13:00,2
12,2026-01-04 21:46:00,1
12,2026-01-05 05:48:00,2
12,2026-01-06 21:56:00,1
12,2026-01-07 05:58:00,2
12,2026-01-07 22:07:00,1
12,2026-01-08 06:00:00,2
12,2026-01-08 21:59:00,1
12,2026-01-09 05:53:00,2
12,2026-01-09 22:06:00,1
12,2026-01-10 06:07:00,2
12,2026-01-11 21:47:00,1
12,2026-01-12 06:07:00,2
12,2026-01-12 22:00:00,1
12,2026-01-13 05:56:00,2
12,2026-01-13 22:07:00,1
12,2026-01-14 05:52:00,2
12,2026-01-14 22:12:00,1
12,2026-01-15 06:07:00,2
12,2026-01-15 21:57:00,1
12,2026-01-16 06:10:00,2
12,2026-01-16 22:02:00,1
12,2026-01-17 05:51:00,2
12,2026-01-17 22:06:00,1
12,2026-01-18 05:57:00,2
12,2026-01-18 21:45:00,1
12,2026-01-19 05:57:00,2
12,2026-01-19 21:55:00,1
12,2026-01-20 06:04:00,2
12,2026-01-20 22:06:00,1
12,2026-01-21 06:03:00,2
12,2026-01-21 22:02:00,1
12,2026-01-22 05:53:00,2
12,2026-01-22 21:53:00,1
12,2026-01-23 05:52:00,2
12,2026-01-23 22:12:00,1
12,2026-01-24 05:51:00,2
12,2026-01-25 22:07:00,1
12,2026-01-26 06:06:00,2
12,2026-01-26 22:05:00,1
12,2026-01-27 06:10:00,2
12,2026-01-27 21:53:00,1
12,2026-01-28 06:11:00,2
12,2026-01-28 22:01:00,1
12,2026-01-29 05:53:00,2
12,2026-01-30 21:56:00,1
12,2026-01-31 05:55:00,2
12,2026-01-31 21:48:00,1
12,2026-02-01 06:10:00,2
12,2026-02-02 22:00:00,1
12,2026-02-03 05:47:00,2
12,2026-02-04 22:05:00,1
12,2026-02-05 06:01:00,2
12,2026-02-05 22:01:00,1
12,2026-02-06 05:53:00,2
12,2026-02-06 21:53:00,1
12,2026-02-07 05:51:00,2
12,2026-02-07 21:59:00,1
12,2026-02-08 05:48:00,2
12,2026-02-08 22:03:00,1
12,2026-02-09 06:02:00,2
12,2026-02-09 21:57:00,1
12,2026-02-10 06:06:00,2
12,2026-02-10 21:59:00,1
12,2026-02-11 05:58:00,2
12,2026-02-11 21:58:00,1
12,2026-02-12 06:13:00,2
12,2026-02-12 22:00:00,1
12,2026-02-13 05:49:00,2
12,2026-02-13 22:09:00,1
12,2026-02-14 06:07:00,2
12,2026-02-14 21:47:00,1
12,2026-02-15 06:07:00,2
12,2026-02-15 21:50:00,1
12,2026-02-16 06:00:00,2
12,2026-02-16 21:54:00,1
12,2026-02-17 05:58:00,2
12,2026-02-17 21:49:00,1
12,2026-02-18 05:55:00,2
12,2026-02-18 21:56:00,1
12,2026-02-19 06:13:00,2
12,2026-02-19 22:10:00,1
12,2026-02-20 05:50:00,2
12,2026-02-20 22:12:00,1
12,2026-02-21 05:49:00,2
12,2026-02-21 21:55:00,1
12,2026-02-22 05:49:00,2
12,2026-02-22 21:49:00,1
12,2026-02-23 05:51:00,2
12,2026-02-23 22:04:00,1
12,2026-02-24 05:47:00,2
12,2026-02-24 21:56:00,1
12,2026-02-25 06:07:00,2
12,2026-02-25 22:10:00,1
12,2026-02-26 05:49:00,2
12,2026-02-26 22:01:00,1
12,2026-02-27 05:46:00,2
12,2026-02-27 21:58:00,1
12,2026-02-28 05:53:00,2
12,2026-02-28 22:12:00,1
12,2026-03-01 05:49:00,2
12,2026-03-01 21:45:00,1
12,2026-03-02 06:04:00,2
12,2026-03-02 21:57:00,1
12,2026-03-03 06:11:00,2
12,2026-03-03 21:59:00,1
12,2026-03-04 05:46:00,2
12,2026-03-04 21:50:00,1
12,2026-03-05 05:51:00,2
12,2026-03-05 21:51:00,1
12,2026-03-06 05:59:00,2
12,2026-03-06 21:46:00,1
12,2026-03-07 06:10:00,2
12,2026-03-07 21:54:00,1
12,2026-03-08 05:54:00,2
12,2026-03-08 22:05:00,1
12,2026-03-09 05:51:00,2
12,2026-03-09 22:07:00,1
12,2026-03-10 05:54:00,2
12,2026-03-10 21:50:00,1
12,2026-03-11 05:54:00,2
12,2026-03-11 22:10:00,1
12,2026-03-12 05:47:00,2
12,2026-03-12 22:10:00,1
12,2026-03-13 06:15:00,2
12,2026-03-13 21:51:00,1
12,2026-03-14 06:09:00,2
12,2026-03-14 21:56:00,1
12,2026-03-15 05:56:00,2
12,2026-03-15 22:13:00,1
12,2026-03-16 05:57:00,2
12,2026-03-16 22:06:00,1
12,2026-03-17 05:58:00,2
12,2026-03-18 22:03:00,1
12,2026-03-19 06:09:00,2
12,2026-03-19 22:11:00,1
12,2026-03-20 05:50:00,2
12,2026-03-20 21:57:00,1
12,2026-03-21 05:54:00,2
12,2026-03-21 22:15:00,1
12,2026-03-22 06:10:00,2
12,2026-03-22 22:12:00,1
12,2026-03-23 06:01:00,2
12,2026-03-24 22:10:00,1
12,2026-03-25 06:08:00,2
12,2026-03-25 22:04:00,1
12,2026-03-26 05:50:00,2
12,2026-03-26 22:15:00,1
12,2026-03-27 05:45:00,2
12,2026-03-27 22:01:00,1
12,2026-03-28 05:45:00,2
12,2026-03-28 22:02:00,1
12,2026-03-29 06:05:00,2
12,2026-03-29 22:08:00,1
12,2026-03-30 06:12:00,2
12,2026-03-30 21:59:00,1
12,2026-03-31 06:10:00,2
12,2026-03-31 22:00:00,1
12,2026-04-01 06:03:00,2
12,2026-04-01 22:15:00,1
12,2026-04-02 05:50:00,2
12,2026-04-02 21:54:00,1
12,2026-04-03 05:50:00,2
12,2026-04-03 22:09:00,1
12,2026-04-04 06:13:00,2
12,2026-04-04 21:56:00,1
12,2026-04-05 05:50:00,2
12,2026-04-05 22:15:00,1
12,2026-04-06 06:01:00,2
12,2026-04-06 21:54:00,1
12,2026-04-07 05:55:00,2
12,2026-04-07 22:14:00,1
12,2026-04-08 06:05:00,2
12,2026-04-08 22:10:00,1
12,2026-04-09 05:58:00,2
12,2026-04-09 21:55:00,1
12,2026-04-10 05:52:00,2
12,2026-04-10 22:14:00,1
12,2026-04-11 06:01:00,2
12,2026-04-11 22:02:00,1
12,2026-04-12 05:58:00,2
12,2026-04-12 22:12:00,1
12,2026-04-13 05:53:00,2
12,2026-04-14 21:47:00,1
12,2026-04-15 05:51:00,2
12,2026-04-15 22:00:00,1
12,2026-04-16 05:56:00,2
12,2026-04-16 22:04:00,1
12,2026-04-17 06:11:00,2
12,2026-04-17 22:10:00,1
12,2026-04-18 05:46:00,2
12,2026-04-18 21:53:00,1
12,2026-04-19 06:08:00,2
12,2026-04-19 22:08:00,1
12,2026-04-20 06:00:00,2
12,2026-04-22 22:00:00,1
12,2026-04-23 05:56:00,2
12,2026-04-23 21:46:00,1
12,2026-04-24 05:52:00,2
12,2026-04-24 22:01:00,1
12,2026-04-25 06:10:00,2
12,2026-04-25 22:10:00,1
12,2026-04-26 05:45:00,2
12,2026-04-26 22:01:00,1
12,2026-04-27 06:04:00,2
12,2026-04-27 21:59:00,1
12,2026-04-28 06:00:00,2
12,2026-04-28 22:04:00,1
12,2026-04-29 05:58:00,2
12,2026-04-29 22:05:00,1
12,2026-04-30 05:59:00,2
12,2026-04-30 22:05:00,1
12,2026-05-01 05:51:00,2
12,2026-05-01 21:51:00,1
12,2026-05-02 05:56:00,2
12,2026-05-02 21:48:00,1
12,2026-05-03 05:48:00,2
12,2026-05-03 22:15:00,1
12,2026-05-04 05:48:00,2
12,2026-05-04 22:11:00,1
12,2026-05-05 06:01:00,2
12,2026-05-05 21:55:00,1
12,2026-05-06 06:11:00,2
12,2026-05-06 21:48:00,1
12,2026-05-07 05:57:00,2
12,2026-05-07 21:51:00,1
12,2026-05-08 05:48:00,2
12,2026-05-08 22:05:00,1
12,2026-05-09 06:05:00,2
12,2026-05-09 21:56:00,1
12,2026-05-10 06:14:00,2
12,2026-05-10 21:52:00,1
12,2026-05-11 06:13:00,2
12,2026-05-11 22:14:00,1
12,2026-05-12 05:53:00,2
12,2026-05-12 21:49:00,1
12,2026-05-13 05:49:00,2
12,2026-05-14 22:05:00,1
12,2026-05-15 06:10:00,2
12,2026-05-15 21:45:00,1
12,2026-05-16 06:13:00,2
12,2026-05-17 22:03:00,1
12,2026-05-18 06:05:00,2
12,2026-05-19 22:09:00,1
12,2026-05-20 05:48:00,2
12,2026-05-20 22:14:00,1
12,2026-05-21 06:09:00,2
12,2026-05-21 21:49:00,1
12,2026-05-22 06:13:00,2
12,2026-05-22 22:09:00,1
12,2026-05-23 05:59:00,2
12,2026-05-23 21:57:00,1
12,2026-05-24 06:05:00,2
12,2026-05-24 21:57:00,1
12,2026-05-25 05:58:00,2
12,2026-05-25 21:58:00,1
12,2026-05-26 06:01:00,2
12,2026-05-26 21:57:00,1
12,2026-05-27 05:53:00,2
12,2026-05-27 21:47:00,1
12,2026-05-28 05:55:00,2
12,2026-05-28 22:00:00,1
12,2026-05-29 05:59:00,2
12,2026-05-29 22:11:00,1
12,2026-05-30 05:53:00,2
12,2026-05-30 21:50:00,1
12,2026-05-31 05:55:00,2
12,2026-05-31 22:03:00,1
12,2026-06-01 05:59:00,2
12,2026-06-01 21:53:00,1
12,2026-06-02 05:51:00,2
12,2026-06-02 21:49:00,1
12,2026-06-03 05:50:00,2
12,2026-06-03 22:00:00,1
12,2026-06-04 05:49:00,2
12,2026-06-04 22:07:00,1
12,2026-06-05 05:54:00,2
12,2026-06-05 22:12:00,1
12,2026-06-06 05:49:00,2
12,2026-06-07 22:04:00,1
12,2026-06-08 05:53:00,2
12,2026-06-08 21:55:00,1
12,2026-06-09 06:02:00,2
12,2026-06-10 21:46:00,1
12,2026-06-11 06:01:00,2
12,2026-06-11 22:01:00,1
12,2026-06-12 05:59:00,2
12,2026-06-12 22:03:00,1
12,2026-06-13 06:15:00,2
12,2026-06-13 22:15:00,1
12,2026-06-14 05:49:00,2
12,2026-06-14 21:50:00,1
12,2026-06-15 06:09:00,2
12,2026-06-15 21:50:00,1
12,2026-06-16 06:12:00,2
12,2026-06-16 21:59:00,1
12,2026-06-17 05:55:00,2
12,2026-06-17 21:46:00,1
12,2026-06-18 06:14:00,2
12,2026-06-18 22:00:00,1
12,2026-06-19 06:08:00,2
12,2026-06-19 22:02:00,1
12,2026-06-20 06:06:00,2
12,2026-06-20 22:01:00,1
12,2026-06-21 06:06:00,2
12,2026-06-21 22:01:00,1
12,2026-06-22 05:45:00,2
12,2026-06-22 21:49:00,1
12,2026-06-23 06:01:00,2
12,2026-06-23 22:14:00,1
12,2026-06-24 05:50:00,2
12,2026-06-24 21:54:00,1
12,2026-06-25 05:59:00,2
12,2026-06-25 22:11:00,1
12,2026-06-26 06:06:00,2
12,2026-06-26 22:02:00,1
12,2026-06-27 06:05:00,2
12,2026-06-27 22:11:00,1
12,2026-06-28 06:05:00,2
12,2026-06-29 22:14:00,1
12,2026-06-30 05:50:00,2
12,2026-06-30 21:47:00,1
12,2026-07-01 05:47:00,2
12,2026-07-01 21:58:00,1
12,2026-07-02 06:13:00,2
12,2026-07-02 21:49:00,1
12,2026-07-03 06:04:00,2
12,2026-07-03 21:54:00,1
12,2026-07-04 06:00:00,2
12,2026-07-04 22:10:00,1
12,2026-07-05 06:15:00,2
12,2026-07-05 22:09:00,1
12,2026-07-06 05:49:00,2
12,2026-07-06 21:48:00,1
12,2026-07-07 06:07:00,2
12,2026-07-07 22:00:00,1
12,2026-07-08 06:07:00,2
12,2026-07-08 21:51:00,1
12,2026-07-09 06:14:00,2
12,2026-07-09 21:54:00,1
12,2026-07-10 06:00:00,2
12,2026-07-10 21:58:00,1
12,2026-07-11 05:59:00,2
12,2026-07-11 21:51:00,1
12,2026-07-12 06:00:00,2
12,2026-07-12 22:07:00,1
12,2026-07-13 06:03:00,2
12,2026-07-13 22:01:00,1
12,2026-07-14 06:03:00,2
12,2026-07-14 21:57:00,1
12,2026-07-15 06:14:00,2
12,2026-07-15 21:57:00,1
12,2026-07-16 05:55:00,2
12,2026-07-16 21:58:00,1
12,2026-07-17 05:56:00,2
12,2026-07-17 22:06:00,1
12,2026-07-18 06:13:00,2
12,2026-07-18 21:55:00,1
12,2026-07-19 05:53:00,2
12,2026-07-19 22:00:00,1
12,2026-07-20 05:55:00,2
12,2026-07-20 22:02:00,1
12,2026-07-21 06:13:00,2
12,2026-07-21 21:50:00,1
12,2026-07-22 06:07:00,2
12,2026-07-23 22:15:00,1
12,2026-07-24 06:00:00,2
12,2026-07-24 22:06:00,1
12,2026-07-25 05:56:00,2
12,2026-07-25 21:51:00,1
12,2026-07-26 06:07:00,2
12,2026-07-26 22:13:00,1
12,2026-07-27 06:04:00,2
12,2026-07-27 22:08:00,1
12,2026-07-28 05:48:00,2
12,2026-07-28 21:57:00,1
12,2026-07-29 05:58:00,2
12,2026-07-29 22:11:00,1
12,2026-07-30 06:10:00,2
12,2026-07-31 22:03:00,1
12,2026-08-01 06:03:00,2
12,2026-08-01 22:07:00,1
12,2026-08-02 06:10:00,2
12,2026-08-02 22:04:00,1
12,2026-08-03 05:49:00,2
12,2026-08-03 22:11:00,1
12,2026-08-04 05:54:00,2
12,2026-08-04 21:56:00,1
12,2026-08-05 05:47:00,2
12,2026-08-05 21:47:00,1
12,2026-08-06 06:13:00,2
12,2026-08-06 21:52:00,1
12,2026-08-07 05:51:00,2
12,2026-08-07 21:49:00,1
12,2026-08-08 06:04:00,2
13,2026-07-27 13:55:00,1
13,2026-07-27 21:55:00,2
13,2026-07-28 14:04:00,1
13,2026-07-28 21:54:00,2
13,2026-07-29 14:15:00,1
13,2026-07-29 21:48:00,2
13,2026-07-30 13:48:00,1
13,2026-07-30 21:52:00,2
13,2026-08-01 13:48:00,1
13,2026-08-01 22:11:00,2
13,2026-08-02 13:48:00,1
13,2026-08-02 22:08:00,2
13,2026-08-04 14:08:00,1
13,2026-08-04 21:49:00,2
13,2026-08-05 13:59:00,1
13,2026-08-05 21:58:00,2
13,2026-08-06 13:48:00,1
13,2026-08-06 22:13:00,2
14,2025-11-17 13:54:00,1
14,2025-11-17 22:15:00,2
14,2025-11-18 14:11:00,1
14,2025-11-18 21:54:00,2
14,2025-11-19 13:52:00,1
14,2025-11-19 21:47:00,2
14,2025-11-20 14:06:00,1
14,2025-11-20 22:01:00,2
14,2025-11-21 13:54:00,1
14,2025-11-21 21:55:00,2
14,2025-11-22 14:07:00,1
14,2025-11-22 22:07:00,2
14,2025-11-23 13:45:00,1
14,2025-11-23 22:13:00,2
14,2025-11-24 14:03:00,1
14,2025-11-24 21:53:00,2
14,2025-11-25 13:48:00,1
14,2025-11-25 21:54:00,2
14,2025-11-26 13:47:00,1
14,2025-11-26 22:09:00,2
14,2025-11-27 14:11:00,1
14,2025-11-27 21:47:00,2
14,2025-11-28 13:46:00,1
14,2025-11-28 21:52:00,2
14,2025-11-29 13:50:00,1
14,2025-11-29 21:58:00,2
14,2025-11-30 13:52:00,1
14,2025-11-30 22:12:00,2
14,2025-12-02 14:03:00,1
14,2025-12-02 21:53:00,2
14,2025-12-03 14:11:00,1
14,2025-12-03 21:45:00,2
14,2025-12-05 13:45:00,1
14,2025-12-05 21:51:00,2
14,2025-12-06 13:45:00,1
14,2025-12-06 22:09:00,2
14,2025-12-07 14:13:00,1
14,2025-12-07 22:00:00,2
14,2025-12-08 14:01:00,1
14,2025-12-08 22:00:00,2
14,2025-12-09 13:50:00,1
14,2025-12-09 22:02:00,2
14,2025-12-12 13:49:00,1
14,2025-12-12 21:47:00,2
14,2025-12-13 14:10:00,1
14,2025-12-13 21:57:00,2
14,2025-12-14 13:58:00,1
14,2025-12-14 22:02:00,2
14,2025-12-15 14:13:00,1
14,2025-12-15 21:45:00,2
14,2025-12-16 13:47:00,1
14,2025-12-16 21:49:00,2
14,2025-12-17 13:59:00,1
14,2025-12-17 21:51:00,2
14,2025-12-18 13:59:00,1
14,2025-12-18 22:01:00,2
14,2025-12-19 13:45:00,1
14,2025-12-19 21:59:00,2
14,2025-12-20 13:50:00,1
14,2025-12-20 22:06:00,2
14,2025-12-21 13:46:00,1
14,2025-12-21 21:53:00,2
14,2025-12-22 13:58:00,1
14,2025-12-22 21:54:00,2
14,2025-12-23 13:50:00,1
14,2025-12-23 21:55:00,2
14,2025-12-24 13:56:00,1
14,2025-12-24 22:07:00,2
14,2025-12-25 14:01:00,1
14,2025-12-25 22:01:00,2
14,2025-12-26 14:01:00,1
14,2025-12-26 21:57:00,2
14,2025-12-27 13:51:00,1
14,2025-12-27 22:11:00,2
14,2025-12-28 14:05:00,1
14,2025-12-28 21:57:00,2
14,2025-12-29 14:04:00,1
14,2025-12-29 22:12:00,2
14,2025-12-30 14:15:00,1
14,2025-12-30 22:15:00,2
14,2025-12-31 13:52:00,1
14,2025-12-31 22:06:00,2
14,2026-01-01 14:12:00,1
14,2026-01-01 22:11:00,2
14,2026-01-02 13:52:00,1
14,2026-01-02 22:01:00,2
14,2026-01-03 13:55:00,1
14,2026-01-03 21:55:00,2
14,2026-01-04 14:15:00,1
14,2026-01-04 21:54:00,2
14,2026-01-05 14:04:00,1
14,2026-01-05 22:01:00,2
14,2026-01-06 14:15:00,1
14,2026-01-06 21:46:00,2
14,2026-01-07 13:49:00,1
14,2026-01-07 22:09:00,2
14,2026-01-08 13:49:00,1
14,2026-01-08 22:13:00,2
14,2026-01-09 14:12:00,1
14,2026-01-09 22:07:00,2
14,2026-01-10 13:45:00,1
14,2026-01-10 21:48:00,2
14,2026-01-11 13:53:00,1
14,2026-01-11 22:00:00,2
14,2026-01-12 14:12:00,1
14,2026-01-12 21:57:00,2
14,2026-01-13 14:11:00,1
14,2026-01-13 22:12:00,2
14,2026-01-14 13:53:00,1
14,2026-01-14 21:47:00,2
14,2026-01-16 14:07:00,1
14,2026-01-16 22:13:00,2
14,2026-01-17 14:02:00,1
14,2026-01-17 21:50:00,2
14,2026-01-18 14:07:00,1
14,2026-01-18 22:10:00,2
14,2026-01-19 13:54:00,1
14,2026-01-19 21:57:00,2
14,2026-01-20 14:06:00,1
14,2026-01-20 21:48:00,2
14,2026-01-21 14:09:00,1
14,2026-01-21 21:55:00,2
14,2026-01-22 14:08:00,1
14,2026-01-22 21:56:00,2
14,2026-01-23 13:52:00,1
14,2026-01-23 22:14:00,2
14,2026-01-24 13:45:00,1
14,2026-01-24 22:04:00,2
14,2026-01-25 14:13:00,1
14,2026-01-25 21:56:00,2
14,2026-01-26 14:07:00,1
14,2026-01-26 21:55:00,2
14,2026-01-27 14:14:00,1
14,2026-01-27 22:04:00,2
14,2026-01-29 14:09:00,1
14,2026-01-29 21:55:00,2
14,2026-01-30 14:08:00,1
14,2026-01-30 21:57:00,2
14,2026-01-31 13:46:00,1
14,2026-01-31 21:54:00,2
14,2026-02-01 13:50:00,1
14,2026-02-01 21:52:00,2
14,2026-02-02 14:12:00,1
14,2026-02-02 22:11:00,2
14,2026-02-03 14:00:00,1
14,2026-02-03 21:47:00,2
14,2026-02-04 14:05:00,1
14,2026-02-04 22:15:00,2
14,2026-02-05 14:09:00,1
14,2026-02-05 22:06:00,2
14,2026-02-06 13:58:00,1
14,2026-02-06 21:45:00,2
14,2026-02-07 14:07:00,1
14,2026-02-07 21:48:00,2
14,2026-02-08 14:05:00,1
14,2026-02-08 21:48:00,2
14,2026-02-09 13:47:00,1
14,2026-02-09 22:03:00,2
14,2026-02-10 14:03:00,1
14,2026-02-10 21:49:00,2
14,2026-02-11 13:55:00,1
14,2026-02-11 21:46:00,2
14,2026-02-12 14:12:00,1
14,2026-02-12 21:56:00,2
14,2026-02-13 14:14:00,1
14,2026-02-13 21:50:00,2
14,2026-02-14 14:13:00,1
14,2026-02-14 21:51:00,2
14,2026-02-15 14:14:00,1
14,2026-02-15 21:45:00,2
14,2026-02-16 14:04:00,1
14,2026-02-16 22:08:00,2
14,2026-02-17 14:14:00,1
14,2026-02-17 21:54:00,2
14,2026-02-18 13:52:00,1
14,2026-02-18 22:14:00,2
14,2026-02-20 14:12:00,1
14,2026-02-20 21:46:00,2
14,2026-02-21 13:49:00,1
14,2026-02-21 22:13:00,2
14,2026-02-22 14:02:00,1
14,2026-02-22 21:52:00,2
14,2026-02-23 14:03:00,1
14,2026-02-23 21:49:00,2
14,2026-02-24 14:08:00,1
14,2026-02-24 22:00:00,2
14,2026-02-25 13:58:00,1
14,2026-02-25 21:52:00,2
14,2026-02-26 14:00:00,1
14,2026-02-26 21:54:00,2
14,2026-02-27 13:48:00,1
14,2026-02-27 21:58:00,2
14,2026-02-28 13:53:00,1
14,2026-02-28 21:48:00,2
14,2026-03-01 13:52:00,1
14,2026-03-01 21:50:00,2
14,2026-03-02 13:51:00,1
14,2026-03-02 22:12:00,2
14,2026-03-04 14:00:00,1
14,2026-03-04 22:13:00,2
14,2026-03-05 13:50:00,1
14,2026-03-05 22:03:00,2
14,2026-03-07 14:07:00,1
14,2026-03-07 22:02:00,2
14,2026-03-08 13:50:00,1
14,2026-03-08 22:13:00,2
14,2026-03-09 14:10:00,1
14,2026-03-09 22:01:00,2
14,2026-03-10 14:00:00,1
14,2026-03-10 21:51:00,2
14,2026-03-11 13:46:00,1
14,2026-03-11 21:48:00,2
14,2026-03-12 14:05:00,1
14,2026-03-12 22:11:00,2
14,2026-03-13 14:10:00,1
14,2026-03-13 22:11:00,2
14,2026-03-14 14:01:00,1
14,2026-03-14 21:52:00,2
14,2026-03-15 14:04:00,1
14,2026-03-15 22:13:00,2
14,2026-03-16 13:48:00,1
14,2026-03-16 22:08:00,2
14,2026-03-17 13:49:00,1
14,2026-03-17 21:52:00,2
14,2026-03-18 13:55:00,1
14,2026-03-18 21:58:00,2
14,2026-03-19 13:51:00,1
14,2026-03-19 21:55:00,2
14,2026-03-20 14:05:00,1
14,2026-03-20 22:06:00,2
14,2026-03-22 13:55:00,1
14,2026-03-22 22:06:00,2
14,2026-03-24 13:51:00,1
14,2026-03-24 21:46:00,2
14,2026-03-25 13:55:00,1
14,2026-03-25 21:49:00,2
14,2026-03-26 14:07:00,1
14,2026-03-26 21:59:00,2
14,2026-03-27 13:56:00,1
14,2026-03-27 22:09:00,2
14,2026-03-28 14:04:00,1
14,2026-03-28 21:45:00,2
14,2026-03-30 14:14:00,1
14,2026-03-30 22:11:00,2
14,2026-03-31 14:10:00,1
14,2026-03-31 21:56:00,2
14,2026-04-01 13:53:00,1
14,2026-04-01 21:53:00,2
14,2026-04-02 13:57:00,1
14,2026-04-02 21:59:00,2
14,2026-04-03 14:07:00,1
14,2026-04-03 21:49:00,2
14,2026-04-04 13:45:00,1
14,2026-04-04 22:05:00,2
14,2026-04-05 14:07:00,1
14,2026-04-05 22:13:00,2
14,2026-04-06 13:59:00,1
14,2026-04-06 21:48:00,2
14,2026-04-08 13:50:00,1
14,2026-04-08 22:08:00,2
14,2026-04-09 14:03:00,1
14,2026-04-09 21:45:00,2
14,2026-04-10 13:56:00,1
14,2026-04-10 22:07:00,2
14,2026-04-11 14:11:00,1
14,2026-04-11 22:13:00,2
14,2026-04-12 13:46:00,1
14,2026-04-12 21:49:00,2
14,2026-04-13 13:58:00,1
14,2026-04-13 22:14:00,2
14,2026-04-14 13:55:00,1
14,2026-04-14 22:03:00,2
14,2026-04-15 13:52:00,1
14,2026-04-15 21:48:00,2
14,2026-04-16 14:01:00,1
14,2026-04-16 21:51:00,2
14,2026-04-17 13:59:00,1
14,2026-04-17 21:58:00,2
14,2026-04-18 14:03:00,1
14,2026-04-18 22:13:00,2
14,2026-04-19 14:11:00,1
14,2026-04-19 22:11:00,2
14,2026-04-22 14:08:00,1
14,2026-04-22 21:45:00,2
14,2026-04-23 13:59:00,1
14,2026-04-23 22:11:00,2
14,2026-04-24 13:51:00,1
14,2026-04-24 22:10:00,2
14,2026-04-25 13:46:00,1
14,2026-04-25 21:57:00,2
14,2026-04-26 13:45:00,1
14,2026-04-26 21:46:00,2
14,2026-04-27 13:49:00,1
14,2026-04-27 22:07:00,2
14,2026-04-28 14:13:00,1
14,2026-04-28 22:05:00,2
14,2026-04-29 13:51:00,1
14,2026-04-29 22:00:00,2
14,2026-04-30 14:11:00,1
14,2026-04-30 21:57:00,2
14,2026-05-01 13:51:00,1
14,2026-05-01 22:05:00,2
14,2026-05-02 14:11:00,1
14,2026-05-02 22:00:00,2
14,2026-05-03 14:11:00,1
14,2026-05-03 21:58:00,2
14,2026-05-04 13:54:00,1
14,2026-05-04 22:12:00,2
14,2026-05-06 13:53:00,1
14,2026-05-06 22:09:00,2
14,2026-05-07 13:47:00,1
14,2026-05-07 21:53:00,2
14,2026-05-08 14:08:00,1
14,2026-05-08 21:58:00,2
14,2026-05-09 13:48:00,1
14,2026-05-09 22:02:00,2
14,2026-05-10 14:09:00,1
14,2026-05-10 21:46:00,2
14,2026-05-11 13:54:00,1
14,2026-05-11 21:55:00,2
14,2026-05-12 13:53:00,1
14,2026-05-12 22:00:00,2
14,2026-05-13 14:05:00,1
14,2026-05-13 22:10:00,2
14,2026-05-14 14:10:00,1
14,2026-05-14 21:47:00,2
14,2026-05-15 14:04:00,1
14,2026-05-15 22:00:00,2
14,2026-05-16 14:06:00,1
14,2026-05-16 21:56:00,2
14,2026-05-17 14:12:00,1
14,2026-05-17 22:13:00,2
14,2026-05-18 14:05:00,1
14,2026-05-18 21:49:00,2
14,2026-05-19 14:13:00,1
14,2026-05-19 22:05:00,2
14,2026-05-20 14:15:00,1
14,2026-05-20 22:03:00,2
14,2026-05-22 13:45:00,1
14,2026-05-22 22:00:00,2
14,2026-05-23 13:49:00,1
14,2026-05-23 22:15:00,2
14,2026-05-25 14:05:00,1
14,2026-05-25 22:05:00,2
14,2026-05-26 13:49:00,1
14,2026-05-26 22:15:00,2
14,2026-05-27 14:12:00,1
14,2026-05-27 22:00:00,2
14,2026-05-28 14:10:00,1
14,2026-05-28 21:45:00,2
14,2026-05-29 13:58:00,1
14,2026-05-29 21:48:00,2
14,2026-05-30 14:12:00,1
14,2026-05-30 22:01:00,2
14,2026-05-31 14:13:00,1
14,2026-05-31 22:03:00,2
14,2026-06-01 14:07:00,1
14,2026-06-01 21:55:00,2
14,2026-06-02 14:05:00,1
14,2026-06-02 21:47:00,2
14,2026-06-03 14:14:00,1
14,2026-06-03 22:02:00,2
14,2026-06-04 14:10:00,1
14,2026-06-04 22:08:00,2
14,2026-06-05 13:53:00,1
14,2026-06-05 22:02:00,2
14,2026-06-06 14:13:00,1
14,2026-06-06 22:03:00,2
14,2026-06-07 13:59:00,1
14,2026-06-07 22:05:00,2
14,2026-06-09 13:56:00,1
14,2026-06-09 22:15:00,2
14,2026-06-10 14:12:00,1
14,2026-06-10 22:08:00,2
14,2026-06-11 13:54:00,1
14,2026-06-11 21:45:00,2
14,2026-06-12 14:10:00,1
14,2026-06-12 22:07:00,2
14,2026-06-13 14:04:00,1
14,2026-06-13 21:53:00,2
14,2026-06-14 13:57:00,1
14,2026-06-14 22:11:00,2
14,2026-06-16 13:51:00,1
14,2026-06-16 22:15:00,2
14,2026-06-18 13:57:00,1
14,2026-06-18 21:51:00,2
14,2026-06-19 14:07:00,1
14,2026-06-19 21:53:00,2
14,2026-06-20 14:14:00,1
14,2026-06-20 21:54:00,2
14,2026-06-21 14:00:00,1
14,2026-06-21 22:12:00,2
14,2026-06-22 14:06:00,1
14,2026-06-22 22:14:00,2
14,2026-06-23 14:00:00,1
14,2026-06-23 22:13:00,2
14,2026-06-24 14:10:00,1
14,2026-06-24 22:00:00,2
14,2026-06-25 14:15:00,1
14,2026-06-25 21:47:00,2
14,2026-06-26 13:50:00,1
14,2026-06-26 21:58:00,2
14,2026-06-27 13:47:00,1
14,2026-06-27 21:47:00,2
14,2026-06-29 13:58:00,1
14,2026-06-29 22:15:00,2
14,2026-06-30 14:11:00,1
14,2026-06-30 22:13:00,2
14,2026-07-01 13:52:00,1
14,2026-07-01 21:46:00,2
14,2026-07-02 14:13:00,1
14,2026-07-02 21:47:00,2
14,2026-07-03 14:11:00,1
14,2026-07-03 21:50:00,2
14,2026-07-04 13:49:00,1
14,2026-07-04 21:52:00,2
14,2026-07-05 14:04:00,1
14,2026-07-05 21:53:00,2
14,2026-07-06 14:02:00,1
14,2026-07-06 21:59:00,2
14,2026-07-07 13:52:00,1
14,2026-07-07 21:53:00,2
14,2026-07-08 14:13:00,1
14,2026-07-08 22:07:00,2
14,2026-07-09 14:07:00,1
14,2026-07-09 21:53:00,2
14,2026-07-10 14:01:00,1
14,2026-07-10 22:05:00,2
14,2026-07-11 14:02:00,1
14,2026-07-11 21:47:00,2
14,2026-07-12 13:52:00,1
14,2026-07-12 21:52:00,2
14,2026-07-13 13:46:00,1
14,2026-07-13 22:02:00,2
14,2026-07-14 14:13:00,1
14,2026-07-14 21:51:00,2
14,2026-07-15 13:56:00,1
14,2026-07-15 21:56:00,2
14,2026-07-16 14:12:00,1
14,2026-07-16 21:56:00,2
14,2026-07-17 14:07:00,1
14,2026-07-17 21:45:00,2
14,2026-07-18 14:04:00,1
14,2026-07-18 22:04:00,2
14,2026-07-19 13:55:00,1
14,2026-07-19 22:04:00,2
14,2026-07-20 14:11:00,1
14,2026-07-20 22:11:00,2
14,2026-07-21 14:15:00,1
14,2026-07-21 22:07:00,2
14,2026-07-22 14:10:00,1
14,2026-07-22 21:55:00,2
14,2026-07-23 14:01:00,1
14,2026-07-23 22:07:00,2
14,2026-07-25 14:04:00,1
14,2026-07-25 22:09:00,2
14,2026-07-26 14:15:00,1
14,2026-07-26 22:06:00,2
14,2026-07-27 14:13:00,1
14,2026-07-27 21:52:00,2
14,2026-07-28 13:52:00,1
14,2026-07-28 21:52:00,2
14,2026-07-29 13:51:00,1
14,2026-07-29 21:48:00,2
14,2026-07-30 13:58:00,1
14,2026-07-30 22:13:00,2
14,2026-07-31 14:04:00,1
14,2026-07-31 22:11:00,2
14,2026-08-01 14:00:00,1
14,2026-08-01 22:13:00,2
14,2026-08-02 13:52:00,1
14,2026-08-02 21:59:00,2
14,2026-08-03 14:10:00,1
14,2026-08-03 22:11:00,2
14,2026-08-04 14:02:00,1
14,2026-08-04 21:56:00,2
14,2026-08-05 14:09:00,1
14,2026-08-05 21:58:00,2
14,2026-08-06 13:47:00,1
14,2026-08-06 21:59:00,2
14,2026-08-07 14:08:00,1
14,2026-08-07 21:47:00,2
15,2025-11-24 06:07:00,1
15,2025-11-24 13:50:00,2
15,2025-11-25 06:01:00,1
15,2025-11-25 13:50:00,2
15,2025-11-27 05:58:00,1
15,2025-11-27 14:07:00,2
15,2025-11-29 06:15:00,1
15,2025-11-29 13:51:00,2
15,2025-11-30 05:56:00,1
15,2025-11-30 13:45:00,2
15,2025-12-01 06:08:00,1
15,2025-12-01 13:53:00,2
15,2025-12-02 06:08:00,1
15,2025-12-02 14:00:00,2
15,2025-12-03 05:59:00,1
15,2025-12-03 13:49:00,2
15,2025-12-04 05:45:00,1
15,2025-12-04 14:03:00,2
15,2025-12-05 06:06:00,1
15,2025-12-05 14:04:00,2
15,2025-12-06 06:13:00,1
15,2025-12-06 14:09:00,2
15,2025-12-07 06:13:00,1
15,2025-12-07 14:04:00,2
15,2025-12-08 05:50:00,1
15,2025-12-08 14:13:00,2
15,2025-12-09 05:52:00,1
15,2025-12-09 14:03:00,2
15,2025-12-10 06:11:00,1
15,2025-12-10 13:57:00,2
15,2025-12-11 06:05:00,1
15,2025-12-11 14:08:00,2
15,2025-12-12 05:48:00,1
15,2025-12-12 13:58:00,2
15,2025-12-13 06:06:00,1
15,2025-12-13 14:09:00,2
15,2025-12-14 05:46:00,1
15,2025-12-14 14:10:00,2
15,2025-12-15 06:11:00,1
15,2025-12-15 13:52:00,2
15,2025-12-16 05:49:00,1
15,2025-12-16 13:53:00,2
15,2025-12-17 05:51:00,1
15,2025-12-17 13:51:00,2
15,2025-12-18 05:50:00,1
15,2025-12-18 14:06:00,2
15,2025-12-19 05:59:00,1
15,2025-12-19 13:52:00,2
15,2025-12-20 06:09:00,1
15,2025-12-20 13:50:00,2
15,2025-12-21 06:05:00,1
15,2025-12-21 13:52:00,2
15,2025-12-22 05:46:00,1
15,2025-12-22 13:55:00,2
15,2025-12-23 06:10:00,1
15,2025-12-23 14:05:00,2
15,2025-12-24 05:45:00,1
15,2025-12-24 13:45:00,2
15,2025-12-25 06:03:00,1
15,2025-12-25 13:51:00,2
15,2025-12-26 05:52:00,1
15,2025-12-26 13:58:00,2
15,2025-12-27 05:55:00,1
15,2025-12-27 13:46:00,2
15,2025-12-28 06:11:00,1
15,2025-12-28 14:03:00,2
15,2025-12-29 05:49:00,1
15,2025-12-29 14:01:00,2
15,2025-12-30 05:51:00,1
15,2025-12-30 13:46:00,2
15,2025-12-31 05:45:00,1
15,2025-12-31 14:11:00,2
15,2026-01-01 05:49:00,1
15,2026-01-01 14:03:00,2
15,2026-01-02 06:04:00,1
15,2026-01-02 13:47:00,2
15,2026-01-03 05:57:00,1
15,2026-01-03 14:11:00,2
15,2026-01-04 06:01:00,1
15,2026-01-04 13:57:00,2
15,2026-01-05 05:50:00,1
15,2026-01-05 14:06:00,2
15,2026-01-06 06:08:00,1
15,2026-01-06 14:15:00,2
15,2026-01-07 06:09:00,1
15,2026-01-07 13:53:00,2
15,2026-01-08 05:46:00,1
15,2026-01-08 14:13:00,2
15,2026-01-09 05:48:00,1
15,2026-01-09 13:53:00,2
15,2026-01-10 06:02:00,1
15,2026-01-10 14:15:00,2
15,2026-01-11 05:50:00,1
15,2026-01-11 13:56:00,2
15,2026-01-12 05:58:00,1
15,2026-01-12 14:10:00,2
15,2026-01-13 05:54:00,1
15,2026-01-13 14:08:00,2
15,2026-01-14 06:09:00,1
15,2026-01-14 13:53:00,2
15,2026-01-15 06:10:00,1
15,2026-01-15 13:47:00,2
15,2026-01-17 05:49:00,1
15,2026-01-17 13:51:00,2
15,2026-01-18 05:46:00,1
15,2026-01-18 14:03:00,2
15,2026-01-19 05:53:00,1
15,2026-01-19 13:49:00,2
15,2026-01-21 05:54:00,1
15,2026-01-21 13:48:00,2
15,2026-01-22 05:51:00,1
15,2026-01-22 14:06:00,2
15,2026-01-23 06:12:00,1
15,2026-01-23 14:03:00,2
15,2026-01-24 05:46:00,1
15,2026-01-24 13:57:00,2
15,2026-01-25 06:06:00,1
15,2026-01-25 14:02:00,2
15,2026-01-26 06:06:00,1
15,2026-01-26 14:14:00,2
15,2026-01-27 05:47:00,1
15,2026-01-27 14:12:00,2
15,2026-01-28 06:03:00,1
15,2026-01-28 14:14:00,2
15,2026-01-29 05:50:00,1
15,2026-01-29 14:04:00,2
15,2026-01-30 06:01:00,1
15,2026-01-30 14:07:00,2
16,2026-06-10 21:45:00,1
16,2026-06-11 05:52:00,2
16,2026-06-11 22:06:00,1
16,2026-06-12 05:56:00,2
16,2026-06-12 22:01:00,1
16,2026-06-13 05:47:00,2
16,2026-06-14 22:06:00,1
16,2026-06-15 05:48:00,2
16,2026-06-15 21:57:00,1
16,2026-06-16 05:57:00,2
16,2026-06-16 21:52:00,1
16,2026-06-17 05:52:00,2
16,2026-06-17 21:54:00,1
16,2026-06-18 05:57:00,2
16,2026-06-18 21:52:00,1
16,2026-06-19 05:47:00,2
16,2026-06-19 22:07:00,1
16,2026-06-20 06:04:00,2
16,2026-06-20 22:10:00,1
16,2026-06-21 06:13:00,2
16,2026-06-21 22:09:00,1
16,2026-06-22 06:08:00,2
16,2026-06-22 22:03:00,1
16,2026-06-23 06:04:00,2
16,2026-06-23 22:03:00,1
16,2026-06-24 06:10:00,2
16,2026-06-24 21:46:00,1
16,2026-06-25 05:56:00,2
16,2026-06-26 22:06:00,1
16,2026-06-27 06:01:00,2
16,2026-06-27 22:02:00,1
16,2026-06-28 05:47:00,2
16,2026-06-28 21:47:00,1
16,2026-06-29 05:45:00,2
16,2026-06-29 22:04:00,1
16,2026-06-30 05:57:00,2
16,2026-06-30 21:55:00,1
16,2026-07-01 06:12:00,2
16,2026-07-01 22:15:00,1
16,2026-07-02 06:03:00,2
16,2026-07-02 21:56:00,1
16,2026-07-03 05:58:00,2
16,2026-07-03 22:09:00,1
16,2026-07-04 06:10:00,2
16,2026-07-04 22:12:00,1
16,2026-07-05 05:52:00,2
16,2026-07-06 22:14:00,1
16,2026-07-07 06:04:00,2
16,2026-07-07 22:09:00,1
16,2026-07-08 05:58:00,2
16,2026-07-08 21:53:00,1
16,2026-07-09 06:11:00,2
16,2026-07-09 22:02:00,1
16,2026-07-10 05:57:00,2
16,2026-07-10 21:54:00,1
16,2026-07-11 06:03:00,2
16,2026-07-11 22:11:00,1
16,2026-07-12 05:49:00,2
16,2026-07-12 22:06:00,1
16,2026-07-13 05:45:00,2
16,2026-07-13 21:56:00,1
16,2026-07-14 05:45:00,2
16,2026-07-14 22:11:00,1
16,2026-07-15 06:03:00,2
16,2026-07-15 21:53:00,1
16,2026-07-16 06:08:00,2
16,2026-07-16 21:52:00,1
16,2026-07-17 05:56:00,2
16,2026-07-17 21:47:00,1
16,2026-07-18 06:12:00,2
16,2026-07-18 21:54:00,1
16,2026-07-19 05:50:00,2
16,2026-07-19 22:05:00,1
16,2026-07-20 06:08:00,2
16,2026-07-20 22:09:00,1
16,2026-07-21 06:14:00,2
16,2026-07-21 21:53:00,1
16,2026-07-22 05:56:00,2
16,2026-07-22 21:45:00,1
16,2026-07-23 05:57:00,2
16,2026-07-23 21:46:00,1
16,2026-07-24 05:59:00,2
16,2026-07-24 21:57:00,1
16,2026-07-25 06:10:00,2
16,2026-07-25 22:09:00,1
16,2026-07-26 06:05:00,2
16,2026-07-26 22:06:00,1
16,2026-07-27 05:55:00,2
16,2026-07-27 21:49:00,1
16,2026-07-28 06:10:00,2
16,2026-07-28 21:49:00,1
16,2026-07-29 06:12:00,2
16,2026-07-29 21:59:00,1
16,2026-07-30 06:09:00,2
16,2026-07-30 21:54:00,1
16,2026-07-31 05:51:00,2
16,2026-07-31 22:00:00,1
16,2026-08-01 05:47:00,2
16,2026-08-01 21:45:00,1
16,2026-08-02 05:56:00,2
16,2026-08-02 22:00:00,1
16,2026-08-03 06:05:00,2
16,2026-08-03 21:47:00,1
16,2026-08-04 05:50:00,2
16,2026-08-04 21:49:00,1
16,2026-08-05 06:13:00,2
16,2026-08-05 21:58:00,1
16,2026-08-06 06:00:00,2
16,2026-08-06 22:01:00,1
16,2026-08-07 05:56:00,2
16,2026-08-07 21:53:00,1
16,2026-08-08 05:53:00,2
