dni,fechaHora
32427849,2026-03-21 19:58:20
32427849,2026-03-22 18:44:14
32427849,2026-03-23 17:42:10
32427849,2026-03-24 16:13:39
32427849,2026-03-27 06:43:15
32427849,2026-03-31 08:10:01
32427849,2026-04-03 10:14:01
32427849,2026-04-04 07:08:47
32427849,2026-04-06 14:04:38
32427849,2026-04-07 11:00:55
32427849,2026-04-13 20:32:11
32427849,2026-04-16 14:30:46
32427849,2026-04-17 17:21:02
32427849,2026-04-18 08:09:06
32427849,2026-04-21 08:54:05
32427849,2026-04-25 20:16:28
32427849,2026-04-27 19:00:11
32427849,2026-04-28 06:48:05
32427849,2026-05-02 11:38:36
32427849,2026-05-05 15:03:07
32427849,2026-05-06 17:56:27
32427849,2026-05-10 15:48:52
32427849,2026-05-13 19:39:53
32427849,2026-05-17 18:39:00
32427849,2026-05-19 13:06:16
32427849,2026-05-23 20:02:20
32427849,2026-05-30 08:14:54
32427849,2026-06-01 21:25:03
32427849,2026-06-03 18:45:34
32427849,2026-06-04 18:46:38
32427849,2026-06-10 17:51:44
32427849,2026-06-13 12:39:15
32427849,2026-06-15 08:57:29
32427849,2026-06-17 12:41:49
32427849,2026-06-17 19:29:09
32427849,2026-06-22 19:32:03
32427849,2026-06-24 21:51:55
32427849,2026-06-25 07:51:27
32427849,2026-06-26 15:07:04
32427849,2026-07-02 07:36:43
32427849,2026-07-08 11:25:12
32427849,2026-07-16 09:02:49
32427849,2026-07-17 06:41:49
32427849,2026-07-18 17:18:25
32427849,2026-07-19 17:49:04
32427849,2026-07-29 11:30:22
32427849,2026-07-30 10:06:11
32427849,2026-08-03 16:51:30
32427849,2026-08-06 12:52:06
32427849,2026-08-07 18:10:27
32427849,2026-08-10 18:29:16
32427849,2026-08-11 09:38:58
32427849,2026-08-14 15:58:48
32427849,2026-08-16 18:41:59
34261773,2026-02-18 17:13:04
34261773,2026-02-27 08:54:27
34261773,2026-03-03 10:36:52
34261773,2026-03-04 18:04:14
34261773,2026-03-06 16:31:52
34261773,2026-03-07 15:41:00
34261773,2026-03-11 16:29:22
34261773,2026-03-14 18:13:50
34261773,2026-03-20 20:56:35
34261773,2026-03-25 17:25:01
34261773,2026-03-29 20:26:17
34261773,2026-03-30 14:33:55
34261773,2026-04-07 13:49:37
34261773,2026-04-15 21:45:58
34261773,2026-04-22 15:35:56
34261773,2026-04-24 18:19:03
34261773,2026-04-28 09:27:25
34261773,2026-05-10 11:53:47
34261773,2026-05-11 15:35:53
34261773,2026-05-15 18:23:49
34261773,2026-05-16 20:40:17
34261773,2026-05-24 12:25:56
34261773,2026-05-30 17:13:35
34261773,2026-06-06 17:43:37
34261773,2026-06-14 08:54:44
34261773,2026-06-19 18:58:28
34261773,2026-06-25 15:24:30
34261773,2026-07-01 09:57:40
34261773,2026-07-03 14:13:51
34261773,2026-07-10 16:17:29
34261773,2026-07-11 21:13:25
34261773,2026-07-12 08:18:34
34261773,2026-07-15 20:34:36
34261773,2026-07-18 20:20:57
34261773,2026-07-24 18:39:46
34261773,2026-07-31 07:00:47
34261773,2026-08-07 15:47:07
34261773,2026-08-11 10:00:17
43809676,2026-04-17 07:08:59
43809676,2026-04-19 06:00:56
43809676,2026-04-20 09:09:38
43809676,2026-04-21 12:44:36
43809676,2026-04-22 11:57:16
43809676,2026-04-23 12:02:22
43809676,2026-04-25 18:39:52
43809676,2026-04-26 11:54:49
43809676,2026-04-27 07:13:06
43809676,2026-04-28 06:34:25
43809676,2026-04-29 13:42:49
43809676,2026-04-30 11:16:44
43809676,2026-05-01 10:52:41
43809676,2026-05-01 09:37:50
43809676,2026-05-05 11:50:37
43809676,2026-05-08 16:21:35
43809676,2026-05-13 09:36:25
43809676,2026-05-16 17:12:39
43809676,2026-05-25 08:08:51
43809676,2026-05-26 19:32:01
43809676,2026-05-28 12:43:48
43809676,2026-06-01 07:38:40
43809676,2026-06-02 16:22:51
43809676,2026-06-03 07:03:56
43809676,2026-06-04 13:38:33
43809676,2026-06-08 19:08:49
43809676,2026-06-14 18:34:07
43809676,2026-06-18 13:06:25
43809676,2026-06-19 21:05:46
43809676,2026-06-22 20:16:51
43809676,2026-06-24 12:24:25
43809676,2026-06-28 20:54:27
43809676,2026-06-30 16:44:27
43809676,2026-07-01 21:46:44
43809676,2026-07-05 21:31:59
43809676,2026-07-11 09:25:36
43809676,2026-07-12 20:41:03
43809676,2026-07-13 15:39:34
43809676,2026-07-18 08:30:40
43809676,2026-07-22 10:08:44
43809676,2026-07-23 09:07:48
43809676,2026-07-26 18:28:32
43809676,2026-07-27 10:29:16
43809676,2026-08-01 09:02:34
39885241,2026-06-21 12:46:32
39885241,2026-06-24 21:38:26
39885241,2026-06-28 08:04:36
39885241,2026-07-04 14:39:54
39885241,2026-07-06 07:23:27
39885241,2026-07-09 14:33:46
39885241,2026-07-14 14:47:03
39885241,2026-07-15 09:09:08
39885241,2026-07-21 18:01:18
39885241,2026-07-23 06:10:35
39885241,2026-07-27 08:58:43
39885241,2026-07-29 06:40:07
39885241,2026-08-07 14:54:48
39885241,2026-08-10 17:38:14
39885241,2026-08-28 06:58:32
39885241,2026-08-31 14:03:11
30319953,2026-02-21 15:08:55
30319953,2026-02-22 16:45:23
30319953,2026-02-23 17:36:48
30319953,2026-02-27 19:49:40
30319953,2026-03-03 16:44:07
30319953,2026-03-05 09:09:06
30319953,2026-03-07 17:12:37
30319953,2026-03-11 13:02:39
30319953,2026-03-12 08:13:25
30319953,2026-03-19 18:55:48
30319953,2026-03-20 20:07:11
30319953,2026-03-30 08:28:40
30319953,2026-04-01 19:22:17
30319953,2026-04-03 12:53:14
30319953,2026-04-06 20:05:46
30319953,2026-04-09 06:08:03
30319953,2026-04-11 17:51:09
30319953,2026-04-13 15:08:12
30319953,2026-04-18 21:51:47
32683340,2026-02-13 06:27:00
32683340,2026-02-14 12:39:55
32683340,2026-02-15 08:14:18
32683340,2026-02-16 13:37:32
32683340,2026-02-18 07:35:56
32683340,2026-02-19 19:24:32
32683340,2026-02-20 15:57:54
32683340,2026-02-23 07:52:10
32683340,2026-02-25 16:51:24
32683340,2026-02-26 09:59:56
32683340,2026-02-28 07:16:28
32683340,2026-03-01 09:15:32
32683340,2026-03-03 17:04:25
32683340,2026-03-06 15:28:24
32683340,2026-03-11 10:51:55
32683340,2026-03-12 19:04:43
32683340,2026-03-15 21:03:34
32683340,2026-03-17 17:22:24
32683340,2026-03-18 20:26:28
32683340,2026-03-21 16:21:43
32683340,2026-03-25 16:07:29
32683340,2026-03-27 21:06:25
32683340,2026-03-29 11:58:04
32683340,2026-04-02 20:02:23
32683340,2026-04-05 06:41:17
32683340,2026-04-07 11:26:26
32683340,2026-04-10 19:20:46
32683340,2026-04-16 11:07:26
32683340,2026-04-17 10:09:34
32683340,2026-04-24 19:00:29
32683340,2026-04-28 21:21:12
32683340,2026-04-29 14:21:34
32683340,2026-04-30 09:32:27
32683340,2026-05-02 19:02:09
32683340,2026-05-06 15:53:01
32683340,2026-05-11 19:50:44
32683340,2026-05-13 17:19:36
32683340,2026-05-19 19:48:38
32683340,2026-05-20 12:37:18
32683340,2026-05-25 16:16:04
32683340,2026-05-28 11:08:52
32683340,2026-06-01 18:54:25
32683340,2026-06-06 10:25:36
32683340,2026-06-07 17:43:38
32683340,2026-06-10 20:45:40
32683340,2026-06-12 20:43:34
32683340,2026-06-15 07:16:17
32683340,2026-06-18 13:49:57
32683340,2026-06-20 13:51:51
32683340,2026-06-22 21:43:57
32683340,2026-06-25 10:02:38
32683340,2026-06-27 08:56:34
32683340,2026-07-04 21:05:34
32683340,2026-07-05 18:18:44
32683340,2026-07-06 12:58:24
32683340,2026-07-07 12:17:15
32683340,2026-07-08 18:08:23
43700798,2026-03-02 12:36:35
43700798,2026-03-03 20:32:48
43700798,2026-03-04 09:25:22
43700798,2026-03-05 20:38:49
43700798,2026-03-06 14:01:58
43700798,2026-03-07 15:02:33
43700798,2026-03-08 15:27:10
43700798,2026-03-08 11:27:47
43700798,2026-03-09 10:50:39
43700798,2026-03-13 09:02:20
43700798,2026-03-15 21:02:19
43700798,2026-03-16 18:48:30
43700798,2026-03-17 10:06:50
43700798,2026-03-18 12:51:49
43700798,2026-03-25 12:46:13
43700798,2026-03-26 07:16:31
43700798,2026-03-27 19:27:50
43700798,2026-03-28 20:30:26
43700798,2026-04-04 12:51:49
43700798,2026-04-05 19:43:27
43700798,2026-04-09 13:02:41
43700798,2026-04-15 07:00:51
43700798,2026-04-18 18:18:56
43700798,2026-04-21 18:04:59
43700798,2026-04-22 16:13:56
43700798,2026-04-27 19:47:48
43700798,2026-04-28 14:10:53
43700798,2026-05-02 12:02:44
43700798,2026-05-07 09:51:15
43700798,2026-05-09 08:33:39
43700798,2026-05-10 18:08:50
43700798,2026-05-12 14:45:09
43700798,2026-05-21 11:33:29
43700798,2026-05-23 07:48:37
43700798,2026-05-24 09:44:04
43700798,2026-05-25 06:26:38
43700798,2026-05-27 09:56:43
43700798,2026-05-28 08:14:03
43700798,2026-05-31 16:26:43
43700798,2026-06-05 18:48:46
43700798,2026-06-07 18:54:24
43700798,2026-06-11 18:14:43
43700798,2026-06-15 20:43:11
43700798,2026-06-17 15:29:19
43700798,2026-06-19 16:59:34
43700798,2026-06-22 17:13:16
43700798,2026-06-23 14:16:01
43700798,2026-06-24 21:31:54
43700798,2026-06-26 16:18:26
43700798,2026-07-02 06:12:14
43700798,2026-07-05 18:27:21
43700798,2026-07-07 10:44:17
43700798,2026-07-11 20:02:06
43700798,2026-07-15 12:37:00
43700798,2026-07-18 20:01:52
43700798,2026-07-21 12:13:25
43700798,2026-07-23 09:54:23
43700798,2026-08-02 08:15:13
43700798,2026-08-04 17:29:41
43700798,2026-08-05 19:17:41
43700798,2026-08-06 17:24:44
43700798,2026-08-08 19:17:38
47386139,2026-01-02 13:33:51
47386139,2026-01-03 06:16:18
47386139,2026-01-09 19:52:35
47386139,2026-01-16 14:49:24
47386139,2026-01-17 12:24:02
47386139,2026-01-21 09:49:27
47386139,2026-01-26 17:38:59
47386139,2026-01-28 17:42:20
47386139,2026-01-29 11:37:08
47386139,2026-01-31 09:35:19
47386139,2026-02-01 06:20:40
47386139,2026-02-02 19:05:37
47386139,2026-02-04 16:09:44
47386139,2026-02-06 07:02:10
47386139,2026-02-08 09:01:00
47386139,2026-02-15 06:06:38
47386139,2026-02-17 15:25:59
47386139,2026-02-19 07:48:41
47386139,2026-02-20 12:31:36
47386139,2026-02-23 17:08:12
47386139,2026-02-24 10:08:23
47386139,2026-02-26 12:02:13
47386139,2026-02-28 18:19:39
47386139,2026-03-01 17:02:51
47386139,2026-03-04 12:18:21
47386139,2026-03-06 16:40:05
47386139,2026-03-07 08:31:40
47386139,2026-03-08 16:13:08
47386139,2026-03-13 15:41:39
47386139,2026-03-21 10:36:59
47386139,2026-03-22 20:30:06
47386139,2026-03-29 11:14:58
47386139,2026-03-31 20:12:24
47386139,2026-04-02 16:33:03
47386139,2026-04-03 20:56:23
47386139,2026-04-04 14:51:59
47386139,2026-04-06 17:41:29
47386139,2026-04-08 19:10:43
47386139,2026-04-11 10:58:48
47386139,2026-04-16 16:31:01
47386139,2026-04-17 18:41:35
47386139,2026-04-19 10:16:22
47386139,2026-04-21 11:05:52
47386139,2026-04-22 07:03:31
47386139,2026-04-25 09:57:02
47386139,2026-04-26 14:55:51
47386139,2026-04-29 09:28:22
47386139,2026-05-01 13:27:38
47386139,2026-05-12 18:57:16
47386139,2026-05-13 14:53:18
47386139,2026-05-15 15:49:52
47386139,2026-05-18 07:41:25
47386139,2026-05-20 16:11:38
47386139,2026-05-22 06:28:36
47386139,2026-06-01 13:47:02
47386139,2026-06-02 07:38:52
47386139,2026-06-03 10:41:30
47386139,2026-06-07 06:29:35
47386139,2026-06-09 14:49:22
47386139,2026-06-11 06:18:13
47386139,2026-06-14 09:22:10
47386139,2026-06-18 20:58:36
47386139,2026-06-19 09:18:23
47386139,2026-06-21 20:22:26
47386139,2026-06-24 15:17:32
47386139,2026-06-29 16:07:36
47386139,2026-06-30 10:13:20
47386139,2026-07-02 10:36:23
47386139,2026-07-07 19:03:43
47386139,2026-07-09 19:48:49
47386139,2026-07-15 14:43:42
47386139,2026-07-16 13:53:53
47386139,2026-07-17 09:48:51
47386139,2026-07-19 11:06:41
47386139,2026-07-21 12:19:35
47386139,2026-07-24 19:43:46
47386139,2026-07-31 14:14:41
34207866,2026-03-18 19:41:27
34207866,2026-03-19 17:18:13
34207866,2026-03-20 12:16:42
34207866,2026-03-23 20:02:59
34207866,2026-03-25 19:05:55
34207866,2026-03-28 14:40:22
34207866,2026-04-13 07:37:51
34207866,2026-04-17 20:46:43
34207866,2026-04-21 12:08:08
34207866,2026-04-23 17:05:22
34207866,2026-04-26 14:46:56
34207866,2026-04-29 13:03:29
34207866,2026-05-04 19:46:11
34207866,2026-05-06 20:47:58
34207866,2026-05-07 11:23:16
34207866,2026-05-09 08:58:56
34207866,2026-05-22 19:02:18
34207866,2026-05-27 08:06:06
34207866,2026-05-31 10:47:08
34207866,2026-06-02 20:16:26
32138648,2026-02-26 19:16:50
32138648,2026-02-27 09:43:42
32138648,2026-02-28 13:30:09
32138648,2026-03-01 12:03:31
32138648,2026-03-02 16:18:29
32138648,2026-03-02 10:10:27
32138648,2026-03-10 13:14:56
32138648,2026-03-13 14:44:29
32138648,2026-03-20 08:32:12
32138648,2026-03-21 19:21:15
32138648,2026-03-23 14:18:27
32138648,2026-03-25 09:40:53
32138648,2026-03-27 07:51:34
32138648,2026-03-28 07:50:37
32138648,2026-04-02 13:47:20
32138648,2026-04-04 19:35:25
32138648,2026-04-05 12:26:06
32138648,2026-04-06 19:02:40
32138648,2026-04-08 13:09:06
32138648,2026-04-11 16:58:23
32138648,2026-04-13 12:13:02
32138648,2026-04-20 15:19:27
32138648,2026-04-21 15:30:51
32138648,2026-04-22 08:15:04
32138648,2026-04-27 07:35:22
32138648,2026-05-03 20:38:29
32138648,2026-05-06 19:52:18
32138648,2026-05-07 12:56:38
32138648,2026-05-13 16:15:41
32138648,2026-05-17 10:40:23
32138648,2026-05-18 10:17:28
32138648,2026-05-19 19:37:46
32138648,2026-05-24 07:04:48
32138648,2026-05-27 08:57:32
32138648,2026-05-28 12:51:28
32138648,2026-05-30 11:08:50
32138648,2026-05-31 18:38:50
32138648,2026-06-04 17:51:47
32138648,2026-06-05 12:21:39
32138648,2026-06-06 17:23:20
32138648,2026-06-12 20:24:52
32138648,2026-06-14 11:54:39
32138648,2026-06-17 08:56:39
32138648,2026-06-24 17:22:27
32138648,2026-06-27 08:00:14
32138648,2026-07-02 16:19:24
32138648,2026-07-02 06:12:36
32138648,2026-07-03 09:16:38
32138648,2026-07-04 18:33:10
32138648,2026-07-06 20:50:09
32138648,2026-07-14 12:07:16
32138648,2026-07-15 09:35:44
32138648,2026-07-16 19:52:18
32138648,2026-07-17 18:12:35
32138648,2026-07-20 07:23:53
32138648,2026-07-22 21:44:28
32138648,2026-07-23 12:45:35
32138648,2026-07-26 12:26:05
32138648,2026-07-28 06:07:41
32138648,2026-08-02 09:07:49
32138648,2026-08-04 13:46:27
32138648,2026-08-07 09:27:00
32138648,2026-08-09 09:04:10
32138648,2026-08-11 18:47:21
32138648,2026-08-14 12:58:50
32138648,2026-08-15 15:13:23
32138648,2026-08-21 08:52:40
32138648,2026-08-25 18:50:54
32138648,2026-08-26 07:15:11
32138648,2026-08-28 11:47:43
32138648,2026-08-29 07:30:03
32138648,2026-08-30 12:02:51
32138648,2026-09-01 20:43:08
32138648,2026-09-02 21:01:08
44962483,2026-01-17 17:16:06
44962483,2026-01-18 14:15:40
44962483,2026-01-19 11:58:55
44962483,2026-01-19 09:07:49
44962483,2026-01-24 15:36:02
44962483,2026-01-25 20:02:22
44962483,2026-01-28 17:42:31
44962483,2026-01-31 20:47:08
44962483,2026-02-02 17:07:47
44962483,2026-02-08 12:13:39
44962483,2026-02-11 08:35:23
44962483,2026-02-14 10:41:51
44962483,2026-02-17 10:52:54
44962483,2026-02-19 20:44:00
44962483,2026-02-19 16:42:30
44962483,2026-02-20 18:32:02
44962483,2026-02-22 17:07:10
44962483,2026-02-27 21:12:53
44962483,2026-03-04 08:42:58
44962483,2026-03-05 21:35:36
44962483,2026-03-07 07:34:13
44962483,2026-03-08 14:20:14
44962483,2026-03-14 19:35:37
44962483,2026-03-18 11:32:14
44962483,2026-03-19 10:14:03
44962483,2026-03-21 09:40:47
44962483,2026-03-22 06:50:37
44962483,2026-03-24 08:50:36
44962483,2026-03-31 18:46:39
44962483,2026-04-01 14:43:42
44962483,2026-04-05 16:34:34
44962483,2026-04-09 21:06:38
44962483,2026-04-11 09:04:16
44962483,2026-04-12 10:42:39
44962483,2026-04-13 19:33:04
44962483,2026-04-14 13:24:19
44962483,2026-04-18 10:01:48
44962483,2026-04-19 13:19:28
44962483,2026-04-21 20:30:27
44962483,2026-04-22 10:37:59
44962483,2026-04-23 06:02:19
44962483,2026-04-27 07:56:17
44962483,2026-05-01 08:42:46
44962483,2026-05-04 11:27:53
44962483,2026-05-06 16:11:20
44962483,2026-05-08 21:05:14
44962483,2026-05-16 20:02:33
44962483,2026-05-17 21:14:32
44962483,2026-05-19 13:33:20
44962483,2026-05-20 19:32:20
44962483,2026-05-22 18:22:27
44962483,2026-05-26 14:44:08
44962483,2026-05-27 15:29:30
44962483,2026-05-30 13:02:35
44962483,2026-06-01 12:08:20
44962483,2026-06-02 20:59:14
44962483,2026-06-04 10:22:25
44962483,2026-06-06 10:19:22
44962483,2026-06-12 18:03:03
44962483,2026-06-13 09:07:46
44962483,2026-06-17 07:15:45
44962483,2026-06-19 13:13:44
44962483,2026-06-19 19:48:12
44962483,2026-06-20 07:31:11
44962483,2026-06-21 12:50:00
44962483,2026-06-26 14:26:57
44962483,2026-06-28 08:46:40
44962483,2026-06-29 09:16:26
44962483,2026-07-01 11:08:17
44962483,2026-07-04 07:55:00
44962483,2026-07-07 12:12:07
44962483,2026-07-11 13:26:44
44962483,2026-07-13 19:38:32
44962483,2026-07-19 12:19:59
44962483,2026-07-21 15:01:38
44962483,2026-07-22 15:01:41
44962483,2026-07-24 06:10:00
44962483,2026-07-26 07:01:16
44962483,2026-07-31 12:33:19
44962483,2026-08-02 15:02:58
44962483,2026-08-04 19:19:25
44962483,2026-08-06 07:16:47
44962483,2026-08-07 07:22:44
44962483,2026-08-08 12:17:55
44962483,2026-08-11 20:08:25
44962483,2026-08-15 08:08:58
31083433,2025-12-22 11:19:55
31083433,2025-12-24 06:37:20
31083433,2025-12-25 19:56:34
31083433,2025-12-26 07:48:22
31083433,2025-12-27 08:50:57
31083433,2025-12-28 11:35:48
31083433,2025-12-29 19:58:32
31083433,2025-12-30 21:09:54
31083433,2025-12-31 08:14:36
31083433,2026-01-01 06:55:30
31083433,2026-01-02 10:36:58
31083433,2026-01-03 16:25:05
31083433,2026-01-04 13:20:10
31083433,2026-01-11 18:38:21
31083433,2026-01-12 14:18:25
31083433,2026-01-14 15:52:41
31083433,2026-01-19 07:53:20
31083433,2026-01-20 10:45:44
31083433,2026-01-24 07:52:42
31083433,2026-01-25 07:12:13
31083433,2026-01-28 12:29:22
31083433,2026-01-31 13:43:56
31083433,2026-02-04 12:05:36
31083433,2026-02-08 09:46:16
31083433,2026-02-09 17:32:49
31083433,2026-02-11 18:42:29
31083433,2026-02-14 06:09:20
31083433,2026-02-16 13:57:41
31083433,2026-02-17 18:05:30
31083433,2026-02-19 08:26:18
31083433,2026-02-22 07:27:26
31083433,2026-02-26 07:07:02
31083433,2026-02-27 06:12:40
31083433,2026-03-01 12:09:32
31083433,2026-03-03 09:02:15
31083433,2026-03-04 17:40:08
31083433,2026-03-05 19:50:47
31083433,2026-03-06 12:58:09
31083433,2026-03-12 21:16:57
31083433,2026-03-15 16:34:07
31083433,2026-03-16 19:50:09
31083433,2026-03-18 13:04:07
31083433,2026-03-20 16:04:45
31083433,2026-03-29 17:31:58
31083433,2026-03-30 10:26:06
31083433,2026-04-03 12:53:48
40058520,2026-01-15 17:13:11
40058520,2026-01-16 15:08:52
40058520,2026-01-17 12:03:01
40058520,2026-01-19 16:18:03
40058520,2026-01-20 06:41:16
40058520,2026-01-21 12:43:57
40058520,2026-01-22 11:01:34
40058520,2026-01-23 14:16:55
40058520,2026-01-25 08:26:21
40058520,2026-01-27 12:59:36
40058520,2026-01-30 19:49:39
40058520,2026-01-31 09:22:35
30605668,2026-01-17 11:16:16
30605668,2026-01-19 11:51:07
30605668,2026-01-20 07:53:12
30605668,2026-01-26 12:09:46
30605668,2026-01-28 21:40:36
30605668,2026-02-01 20:54:09
30605668,2026-02-03 12:01:44
30605668,2026-02-05 19:04:20
30605668,2026-02-06 14:59:04
30605668,2026-02-07 18:37:28
30605668,2026-02-23 06:47:45
30605668,2026-02-27 11:56:22
33188844,2026-07-21 17:38:12
33188844,2026-07-22 21:01:46
33188844,2026-07-25 15:11:29
33188844,2026-07-27 07:56:22
33188844,2026-07-28 14:45:05
33188844,2026-07-29 12:13:56
33188844,2026-08-01 16:57:21
33188844,2026-08-04 06:39:00
33188844,2026-08-04 09:29:51
33188844,2026-08-05 08:34:30
33188844,2026-08-06 08:33:26
33188844,2026-08-20 09:53:07
33188844,2026-08-24 06:24:35
33188844,2026-08-28 19:03:13
33188844,2026-09-02 18:33:42
33188844,2026-09-03 18:04:41
31060603,2026-01-29 14:04:09
31060603,2026-01-30 15:57:06
31060603,2026-01-31 08:50:09
31060603,2026-02-01 14:20:49
31060603,2026-02-02 12:52:31
31060603,2026-02-03 20:30:37
31060603,2026-02-04 19:48:56
31060603,2026-02-05 13:31:47
31060603,2026-02-09 16:54:03
31060603,2026-02-10 18:23:01
31060603,2026-02-17 12:38:19
31060603,2026-02-18 14:13:05
31060603,2026-02-22 10:14:31
31060603,2026-02-25 20:04:53
31060603,2026-03-01 11:58:48
31060603,2026-03-02 21:07:26
31060603,2026-03-04 08:16:53
31060603,2026-03-07 14:13:57
31060603,2026-03-11 12:04:38
31060603,2026-03-15 15:51:35
31060603,2026-03-16 06:40:09
31060603,2026-03-17 09:43:37
31060603,2026-03-18 10:33:58
31060603,2026-03-21 08:40:32
31060603,2026-03-22 19:29:09
31060603,2026-03-23 15:39:06
31060603,2026-03-24 18:00:33
31060603,2026-03-29 16:47:17
31060603,2026-03-30 06:51:36
31060603,2026-04-05 06:09:32
31060603,2026-04-09 07:41:06
31060603,2026-04-14 20:58:07
31060603,2026-04-15 18:38:20
31060603,2026-04-22 16:21:48
31060603,2026-04-23 08:14:14
31060603,2026-04-24 15:08:28
31060603,2026-05-01 21:46:08
31060603,2026-05-02 06:43:11
31060603,2026-05-03 16:38:50
31060603,2026-05-05 21:59:51
31060603,2026-05-07 08:37:22
31060603,2026-05-08 12:37:09
31060603,2026-05-10 13:57:45
31060603,2026-05-11 14:34:01
31060603,2026-05-22 16:08:37
31060603,2026-05-26 10:57:36
31060603,2026-05-28 15:27:12
31060603,2026-06-01 21:58:25
31060603,2026-06-03 06:34:48
31060603,2026-06-10 17:27:08
31060603,2026-06-11 10:38:19
31060603,2026-06-12 12:19:21
31060603,2026-06-14 12:01:44
31060603,2026-06-21 07:11:46
31060603,2026-06-22 14:44:29
31060603,2026-06-25 15:19:27
31060603,2026-06-26 13:14:28
31060603,2026-06-28 17:08:10
31060603,2026-07-01 20:48:44
31060603,2026-07-03 08:06:54
31060603,2026-07-04 14:02:08
31060603,2026-07-06 17:30:03
31060603,2026-07-09 16:10:59
31060603,2026-07-12 14:10:22
31060603,2026-07-18 12:11:53
31060603,2026-07-21 15:37:43
31060603,2026-07-22 10:12:09
31060603,2026-07-24 18:59:13
31060603,2026-07-26 20:36:59
31060603,2026-07-27 11:08:44
31060603,2026-08-01 07:46:06
31060603,2026-08-03 10:35:05
31060603,2026-08-05 20:19:29
31060603,2026-08-08 17:07:57
31060603,2026-08-11 20:18:40
31060603,2026-08-13 16:33:00
31060603,2026-08-15 16:37:04
31060603,2026-08-16 11:20:33
31060603,2026-08-26 16:21:15
31060603,2026-08-28 09:58:20
31060603,2026-08-29 13:59:20
31060603,2026-08-30 11:03:17
31060603,2026-09-02 08:39:54
30601612,2026-01-11 21:35:57
30601612,2026-01-15 10:42:02
30601612,2026-01-25 18:38:36
30601612,2026-01-26 13:28:19
30601612,2026-01-29 16:51:36
30601612,2026-02-04 17:32:36
30601612,2026-02-11 12:33:43
30601612,2026-02-16 19:44:51
30601612,2026-02-17 20:57:30
30601612,2026-03-03 17:01:00
30601612,2026-03-26 21:57:31
30601612,2026-03-29 21:07:12
30601612,2026-04-01 09:38:06
30601612,2026-04-09 20:41:07
30601612,2026-04-25 21:25:57
30601612,2026-04-26 15:48:45
30601612,2026-05-01 13:36:40
30601612,2026-05-14 18:15:53
30601612,2026-05-25 07:12:26
30601612,2026-05-31 14:49:43
30601612,2026-06-02 21:08:36
30601612,2026-06-04 18:10:08
30601612,2026-06-05 08:54:01
30601612,2026-06-09 20:46:46
30601612,2026-06-19 20:18:49
30601612,2026-07-05 12:36:25
30601612,2026-07-06 08:33:59
30601612,2026-07-11 17:16:55
30601612,2026-07-16 13:30:15
30601612,2026-07-18 20:19:36
30601612,2026-07-27 10:24:25
30601612,2026-07-28 08:40:49
30601612,2026-07-31 16:00:43
30601612,2026-08-06 06:22:59
30601612,2026-08-09 06:49:49
30601612,2026-08-13 15:57:10
30601612,2026-08-19 14:31:58
30601612,2026-08-20 11:16:38
30601612,2026-08-26 19:50:04
35745471,2026-03-06 10:07:40
35745471,2026-03-07 11:00:20
35745471,2026-03-07 19:13:48
35745471,2026-03-12 21:33:13
35745471,2026-03-14 08:48:14
35745471,2026-03-17 17:32:49
35745471,2026-03-19 09:10:50
35745471,2026-03-20 10:04:07
35745471,2026-03-22 10:57:19
35745471,2026-03-24 15:15:49
35745471,2026-03-26 07:44:05
35745471,2026-03-31 08:28:14
35745471,2026-04-03 09:06:40
35745471,2026-04-05 19:00:35
35745471,2026-04-12 06:53:37
35745471,2026-04-14 09:55:22
35745471,2026-04-16 11:02:50
35745471,2026-04-17 15:56:49
35745471,2026-04-18 14:22:45
35745471,2026-04-20 21:56:28
35745471,2026-04-22 14:59:16
35745471,2026-04-30 06:57:43
35745471,2026-05-02 15:40:03
35745471,2026-05-07 15:36:32
35745471,2026-05-10 17:20:26
35745471,2026-05-13 17:51:20
35745471,2026-05-18 09:00:30
35745471,2026-05-19 07:24:49
35745471,2026-05-20 09:30:56
35745471,2026-05-22 14:42:12
35745471,2026-05-23 08:11:19
35745471,2026-05-29 16:11:24
35745471,2026-06-03 11:28:24
35745471,2026-06-06 20:06:50
35745471,2026-06-11 17:55:48
35745471,2026-06-17 16:21:18
35745471,2026-06-18 15:52:52
35745471,2026-06-22 17:15:19
35745471,2026-06-27 13:10:07
35745471,2026-06-29 07:22:34
35745471,2026-06-30 08:48:45
35745471,2026-07-01 20:21:18
35745471,2026-07-02 13:40:14
35745471,2026-07-11 19:00:57
35745471,2026-07-12 11:45:48
35745471,2026-07-13 12:03:24
35745471,2026-07-17 12:42:55
35745471,2026-07-21 07:41:00
35745471,2026-07-22 13:34:46
35745471,2026-07-27 21:22:17
35745471,2026-07-30 11:16:32
35745471,2026-08-01 12:01:06
35745471,2026-08-05 10:35:20
35745471,2026-08-07 17:08:20
35745471,2026-08-07 08:45:46
35745471,2026-08-12 06:40:30
35745471,2026-08-13 17:44:06
35745471,2026-08-14 08:54:21
35745471,2026-08-21 08:40:37
35745471,2026-08-22 12:02:11
35745471,2026-08-25 12:52:52
35745471,2026-08-31 21:58:22
35745471,2026-09-06 10:09:51
35745471,2026-09-07 09:41:41
42937942,2026-01-24 18:00:16
42937942,2026-01-25 16:11:04
42937942,2026-01-26 08:03:27
42937942,2026-01-27 17:53:17
42937942,2026-01-28 20:06:18
42937942,2026-01-29 09:23:26
42937942,2026-01-30 09:10:05
42937942,2026-01-31 14:59:42
42937942,2026-02-02 20:44:17
42937942,2026-02-06 17:04:51
42937942,2026-02-08 08:34:58
42937942,2026-02-09 21:10:05
42937942,2026-02-10 08:59:15
42937942,2026-02-11 18:16:22
42937942,2026-02-12 14:36:19
42937942,2026-02-13 14:51:18
42937942,2026-02-15 13:42:03
42937942,2026-02-17 14:48:45
42937942,2026-02-18 16:57:44
42937942,2026-02-20 16:12:43
42937942,2026-02-21 21:06:58
42937942,2026-02-22 12:16:50
42937942,2026-02-26 17:45:32
42937942,2026-02-27 17:47:59
42937942,2026-02-28 08:58:47
42937942,2026-03-01 20:59:50
42937942,2026-03-03 08:18:10
42937942,2026-03-04 06:18:29
42937942,2026-03-08 08:20:49
42937942,2026-03-10 13:30:44
42937942,2026-03-12 07:47:02
42937942,2026-03-15 08:44:15
42937942,2026-03-16 08:01:48
42937942,2026-03-17 06:17:20
42937942,2026-03-19 12:27:29
38351164,2026-05-03 20:20:01
38351164,2026-05-04 09:42:25
38351164,2026-05-05 12:25:18
38351164,2026-05-06 21:59:19
43013693,2026-02-02 14:21:37
43013693,2026-02-03 15:40:21
43013693,2026-02-05 16:33:52
43013693,2026-02-06 13:27:03
43013693,2026-02-07 13:53:07
43013693,2026-02-08 11:25:32
43013693,2026-02-09 14:45:47
43013693,2026-02-10 17:17:06
43013693,2026-02-19 06:11:03
43013693,2026-02-25 11:32:39
43013693,2026-02-27 08:45:53
43013693,2026-03-05 15:14:32
43013693,2026-03-09 21:10:36
43013693,2026-03-14 17:21:58
43013693,2026-03-29 21:34:11
43013693,2026-03-31 07:33:44
43013693,2026-04-08 17:25:00
43013693,2026-04-10 06:30:52
43013693,2026-04-16 15:59:44
43013693,2026-04-17 07:15:18
43013693,2026-04-18 18:17:20
43013693,2026-04-19 11:08:08
43013693,2026-05-12 07:37:08
43013693,2026-05-13 15:18:03
43013693,2026-05-17 09:28:10
43013693,2026-05-18 12:33:41
43013693,2026-05-20 17:21:54
43013693,2026-05-21 11:00:14
43013693,2026-05-26 09:27:58
43013693,2026-05-27 19:53:01
43013693,2026-06-11 07:21:28
43013693,2026-06-14 17:10:54
43013693,2026-06-16 08:13:33
43013693,2026-06-22 06:12:29
43013693,2026-06-23 07:25:05
43013693,2026-06-27 08:44:00
43013693,2026-07-07 18:04:38
43013693,2026-07-09 12:22:30
43013693,2026-07-12 12:22:13
43013693,2026-07-20 15:13:13
43013693,2026-07-26 06:44:57
43013693,2026-07-29 10:48:13
43013693,2026-08-04 08:45:21
43013693,2026-08-05 15:21:59
43013693,2026-08-06 10:50:43
43013693,2026-08-08 12:47:39
31886111,2025-11-27 18:48:07
31886111,2025-11-29 14:35:46
31886111,2025-11-30 21:11:20
31886111,2025-12-01 08:59:19
31886111,2025-12-03 21:14:34
31886111,2025-12-04 08:21:07
31886111,2025-12-06 09:59:36
31886111,2025-12-07 11:23:02
31886111,2025-12-08 12:08:58
31886111,2025-12-09 15:41:57
31886111,2025-12-10 12:06:13
31886111,2025-12-12 08:39:25
31886111,2025-12-13 13:01:17
31886111,2025-12-14 19:33:07
31886111,2025-12-16 10:59:26
31886111,2025-12-23 18:50:52
31886111,2025-12-25 15:14:54
31886111,2025-12-27 21:57:31
31886111,2025-12-29 20:47:22
31886111,2026-01-01 17:11:36
31886111,2026-01-02 21:26:19
31886111,2026-01-06 13:58:06
31886111,2026-01-08 07:11:18
31886111,2026-01-09 11:06:19
31886111,2026-01-10 20:56:43
31886111,2026-01-11 10:46:46
31886111,2026-01-14 14:58:09
31886111,2026-01-16 21:22:38
31886111,2026-01-20 10:18:18
31886111,2026-01-24 08:32:33
31886111,2026-01-26 08:08:07
31886111,2026-01-27 18:07:22
31886111,2026-01-31 09:48:43
31886111,2026-02-04 19:29:10
31886111,2026-02-05 18:30:41
31886111,2026-02-08 12:26:09
31886111,2026-02-10 18:09:02
31886111,2026-02-12 21:13:35
31886111,2026-02-13 20:04:49
31886111,2026-02-14 09:15:53
31886111,2026-02-16 11:16:18
31886111,2026-02-17 17:36:22
31886111,2026-02-19 11:06:15
31886111,2026-02-24 13:19:56
31886111,2026-02-26 06:28:24
31886111,2026-02-27 14:44:21
31886111,2026-03-03 20:08:44
31886111,2026-03-05 17:08:43
31886111,2026-03-09 10:11:37
31886111,2026-03-10 12:21:39
31886111,2026-03-12 16:32:31
31886111,2026-03-17 15:37:48
31886111,2026-03-18 13:37:53
31886111,2026-03-19 11:37:56
31886111,2026-03-25 10:04:29
31886111,2026-03-28 17:13:57
31886111,2026-03-30 08:12:42
31886111,2026-04-01 10:11:48
31886111,2026-04-02 09:04:28
42250525,2026-01-22 16:31:22
42250525,2026-01-24 12:35:02
42250525,2026-01-25 09:58:01
42250525,2026-01-26 18:19:04
42250525,2026-01-27 07:57:30
42250525,2026-01-29 21:12:41
42250525,2026-02-01 13:16:11
42250525,2026-02-02 14:23:09
42250525,2026-02-05 08:24:33
42250525,2026-02-07 12:23:14
42250525,2026-02-10 15:29:23
42250525,2026-02-11 20:22:39
42250525,2026-02-12 14:30:10
42250525,2026-02-14 20:14:49
42250525,2026-02-15 13:53:01
42250525,2026-02-16 18:15:21
42250525,2026-02-17 12:01:51
42250525,2026-02-19 15:38:52
42250525,2026-02-20 07:46:33
42250525,2026-02-21 16:36:38
42250525,2026-02-24 08:46:38
42250525,2026-02-25 19:27:13
42250525,2026-02-27 20:09:45
42250525,2026-02-28 13:25:42
42250525,2026-03-01 07:44:24
42250525,2026-03-03 09:14:32
42250525,2026-03-07 20:03:44
42250525,2026-03-08 10:22:07
42250525,2026-03-09 09:13:18
42250525,2026-03-10 11:47:10
42250525,2026-03-11 06:01:31
42250525,2026-03-13 15:08:48
42250525,2026-03-16 15:07:14
42250525,2026-03-19 06:40:26
42250525,2026-03-20 12:58:52
42250525,2026-03-21 12:18:18
42250525,2026-03-22 21:14:10
42250525,2026-03-23 12:51:15
42250525,2026-03-24 13:54:06
42250525,2026-03-25 20:57:08
42250525,2026-03-27 13:44:10
42250525,2026-03-28 07:25:32
42250525,2026-03-29 18:42:45
42250525,2026-03-30 19:55:34
42250525,2026-04-03 14:08:47
42250525,2026-04-06 20:29:11
42250525,2026-04-12 06:35:07
42250525,2026-04-13 18:35:00
42250525,2026-04-15 21:52:23
42250525,2026-04-17 17:45:17
42250525,2026-04-20 14:43:39
42250525,2026-04-22 09:00:22
42250525,2026-04-24 12:00:57
42250525,2026-04-25 15:38:27
42250525,2026-04-26 10:05:03
42250525,2026-04-27 11:46:03
42250525,2026-04-28 19:08:14
42250525,2026-05-02 09:19:47
42250525,2026-05-04 13:28:13
42250525,2026-05-07 08:15:40
42250525,2026-05-09 16:33:09
42250525,2026-05-11 13:43:02
42250525,2026-05-12 16:43:36
42250525,2026-05-13 19:44:19
42250525,2026-05-14 21:17:20
42250525,2026-05-15 12:05:08
42250525,2026-05-21 13:39:56
42250525,2026-05-22 16:37:02
42250525,2026-05-23 10:02:48
42250525,2026-05-24 14:20:55
42250525,2026-05-25 20:02:13
42250525,2026-05-26 14:58:18
42250525,2026-05-27 13:38:10
42250525,2026-05-29 09:45:45
42250525,2026-05-30 12:48:09
42250525,2026-06-01 16:30:08
42250525,2026-06-02 10:17:10
42250525,2026-06-03 17:54:53
42250525,2026-06-06 13:23:23
42250525,2026-06-07 20:45:53
42250525,2026-06-08 10:49:25
42250525,2026-06-09 09:07:17
42250525,2026-06-10 10:55:35
42250525,2026-06-13 10:15:53
42250525,2026-06-16 06:40:50
42250525,2026-06-17 16:01:56
42250525,2026-06-19 11:05:33
42250525,2026-06-20 15:53:06
42250525,2026-06-21 15:43:52
42250525,2026-06-23 06:55:46
42250525,2026-06-24 18:41:07
42250525,2026-06-27 06:59:56
42250525,2026-06-28 18:00:14
42250525,2026-06-29 07:37:38
42250525,2026-06-30 15:57:08
42250525,2026-07-02 13:48:41
42250525,2026-07-03 15:26:05
42250525,2026-07-04 14:30:18
42250525,2026-07-05 14:21:51
42250525,2026-07-07 18:36:09
42250525,2026-07-09 14:22:32
42250525,2026-07-11 19:41:45
42250525,2026-07-12 09:29:25
42250525,2026-07-13 10:30:10
42250525,2026-07-14 19:14:50
42250525,2026-07-16 16:23:48
42250525,2026-07-17 15:35:37
42250525,2026-07-18 07:57:37
42250525,2026-07-19 21:19:28
42250525,2026-07-20 17:04:49
42044402,2026-04-26 18:20:48
42044402,2026-04-27 08:50:53
42044402,2026-04-28 15:55:39
42044402,2026-04-29 11:24:20
42044402,2026-05-01 14:56:16
42044402,2026-05-02 11:05:08
42044402,2026-05-03 21:01:51
42044402,2026-05-04 09:07:17
42044402,2026-05-05 08:29:45
42044402,2026-05-08 09:21:47
42044402,2026-05-09 09:18:02
42044402,2026-05-10 14:36:36
42483063,2026-01-13 16:52:04
42483063,2026-01-14 06:25:17
42483063,2026-01-15 08:32:22
42483063,2026-01-16 11:34:17
42483063,2026-01-22 16:50:32
42483063,2026-01-23 21:51:30
42483063,2026-01-29 16:07:53
42483063,2026-02-03 13:40:51
42483063,2026-02-04 20:10:30
42483063,2026-02-05 15:22:44
42483063,2026-02-09 07:44:53
42483063,2026-02-11 13:59:43
42483063,2026-02-12 17:52:23
42483063,2026-02-13 16:11:33
42483063,2026-02-14 13:45:31
42483063,2026-02-15 08:46:03
42483063,2026-02-18 18:34:22
42483063,2026-02-24 20:31:21
42483063,2026-02-26 18:51:25
42483063,2026-02-27 07:16:27
42483063,2026-03-05 19:37:33
42483063,2026-03-11 07:30:59
42483063,2026-03-19 12:59:54
42483063,2026-03-22 17:16:53
42483063,2026-03-23 10:46:14
42483063,2026-03-27 09:07:50
42483063,2026-03-29 16:25:08
42483063,2026-03-31 20:53:13
42483063,2026-04-01 19:00:14
42483063,2026-04-04 06:49:54
35563244,2026-03-18 06:11:49
35563244,2026-03-19 16:52:07
35563244,2026-03-20 07:04:39
35563244,2026-03-21 20:01:32
35563244,2026-03-22 15:50:55
35563244,2026-03-23 17:00:56
35563244,2026-03-24 20:52:43
35563244,2026-03-27 07:36:43
35563244,2026-03-29 16:53:58
35563244,2026-04-01 17:29:01
35563244,2026-04-04 15:22:51
35563244,2026-04-06 11:42:35
35563244,2026-04-08 07:41:15
35563244,2026-04-10 08:48:33
35563244,2026-04-11 12:32:21
35563244,2026-04-12 12:33:09
35563244,2026-04-15 17:11:56
35563244,2026-04-16 08:52:30
35563244,2026-04-20 08:17:47
35563244,2026-04-21 21:11:25
35563244,2026-04-22 17:54:23
35563244,2026-04-26 07:12:35
35563244,2026-05-01 12:52:29
35563244,2026-05-02 11:22:53
35563244,2026-05-04 07:14:37
35563244,2026-05-12 21:23:47
35563244,2026-05-17 17:54:56
35563244,2026-05-19 19:49:10
35563244,2026-05-20 08:28:41
35563244,2026-05-21 18:57:47
35563244,2026-05-27 14:02:13
35563244,2026-05-31 07:39:48
35563244,2026-06-01 13:08:08
35563244,2026-06-03 14:19:56
35563244,2026-06-06 20:56:24
35563244,2026-06-09 13:35:55
35563244,2026-06-11 06:48:29
35563244,2026-06-17 19:52:28
35563244,2026-06-20 07:25:14
35563244,2026-06-22 11:54:23
35563244,2026-06-24 10:46:28
35563244,2026-06-25 18:56:56
35563244,2026-06-28 07:51:07
35563244,2026-06-30 16:53:42
35563244,2026-07-01 08:29:52
35563244,2026-07-02 15:56:24
35563244,2026-07-04 10:14:53
35563244,2026-07-07 09:46:10
35563244,2026-07-09 11:39:07
35563244,2026-07-10 10:09:41
35563244,2026-07-11 20:43:33
35563244,2026-07-13 12:59:05
35563244,2026-07-14 06:03:02
35563244,2026-07-16 20:40:51
35563244,2026-07-20 16:29:46
35563244,2026-07-25 19:29:43
35563244,2026-07-26 19:33:09
35563244,2026-08-02 10:31:59
35563244,2026-08-02 09:23:20
35563244,2026-08-03 16:58:14
35563244,2026-08-05 19:51:13
35563244,2026-08-06 10:35:27
35563244,2026-08-10 17:28:37
35563244,2026-08-18 11:13:34
35563244,2026-08-20 14:16:32
35563244,2026-08-22 07:40:16
35563244,2026-08-28 13:22:17
35563244,2026-08-30 12:09:51
35563244,2026-08-31 12:23:08
35563244,2026-09-02 18:12:38
35505962,2025-12-17 16:41:37
35505962,2025-12-20 09:27:17
35505962,2025-12-22 21:39:50
35505962,2025-12-23 06:56:49
35505962,2025-12-24 08:11:29
35505962,2025-12-25 07:21:47
35505962,2025-12-27 13:37:08
35505962,2025-12-31 10:25:31
35505962,2026-01-02 09:27:28
35505962,2026-01-04 13:12:08
35505962,2026-01-07 15:06:32
43797588,2025-12-04 18:24:57
43797588,2025-12-08 08:28:22
43797588,2025-12-10 18:52:30
43797588,2025-12-16 21:03:14
43797588,2025-12-18 15:17:55
43797588,2025-12-23 20:42:37
43797588,2025-12-26 13:36:22
43797588,2025-12-27 11:14:33
43797588,2025-12-28 08:36:21
43797588,2025-12-29 10:30:31
43797588,2025-12-30 18:11:31
43797588,2025-12-31 17:31:44
43797588,2026-01-02 14:32:07
43797588,2026-01-03 07:02:11
43797588,2026-01-04 11:13:25
43797588,2026-01-05 19:08:10
43797588,2026-01-08 13:59:21
43797588,2026-01-12 10:48:59
43797588,2026-01-13 20:43:36
43797588,2026-01-14 12:23:36
43797588,2026-01-15 14:58:46
43797588,2026-01-16 17:48:48
43797588,2026-01-18 16:38:00
43797588,2026-01-21 13:31:36
43797588,2026-01-25 11:09:34
43797588,2026-01-26 12:42:48
43797588,2026-01-27 14:15:36
43797588,2026-01-28 12:00:38
43797588,2026-02-04 16:45:38
43797588,2026-02-07 17:40:59
43797588,2026-02-10 15:09:06
43797588,2026-02-12 10:28:40
43797588,2026-02-14 10:09:21
43797588,2026-02-20 18:48:53
43797588,2026-02-22 13:14:10
43797588,2026-02-28 21:05:17
43797588,2026-03-01 17:39:09
43797588,2026-03-04 20:08:18
43797588,2026-03-05 16:12:44
43797588,2026-03-07 17:38:31
43797588,2026-03-08 16:47:19
43797588,2026-03-12 21:51:27
43797588,2026-03-16 10:35:03
43797588,2026-03-17 06:23:58
43797588,2026-03-23 18:11:44
43797588,2026-03-25 07:46:17
43797588,2026-03-28 15:53:40
43797588,2026-03-29 14:15:58
43797588,2026-03-30 12:33:44
43797588,2026-04-02 15:19:35
43797588,2026-04-09 09:19:04
43797588,2026-04-12 07:13:00
43797588,2026-04-13 17:58:11
43797588,2026-04-16 11:21:12
43797588,2026-04-18 10:09:50
43797588,2026-04-19 14:43:08
43797588,2026-04-20 19:27:46
43797588,2026-04-22 18:30:37
43797588,2026-04-29 12:41:37
43797588,2026-05-04 14:11:14
39780814,2025-11-29 07:14:50
39780814,2025-11-30 18:44:48
39780814,2025-12-02 14:35:46
39780814,2025-12-05 07:32:47
39780814,2025-12-06 06:39:29
39780814,2025-12-07 15:56:43
39780814,2025-12-08 17:02:31
39780814,2025-12-11 13:11:14
39780814,2025-12-13 18:26:00
39780814,2025-12-24 12:18:18
39780814,2025-12-29 06:14:32
39780814,2025-12-31 20:39:33
39780814,2026-01-03 09:11:16
39780814,2026-01-05 13:13:22
39780814,2026-01-11 11:37:24
39780814,2026-01-13 17:21:23
39780814,2026-01-16 19:09:30
39780814,2026-01-17 09:11:43
39780814,2026-01-20 13:49:37
39780814,2026-01-23 17:50:08
39780814,2026-01-31 21:37:40
39780814,2026-02-01 17:42:34
39780814,2026-02-15 15:18:50
39780814,2026-02-25 20:06:55
39780814,2026-02-26 07:10:30
39780814,2026-03-03 16:04:32
39780814,2026-03-09 15:01:00
39780814,2026-03-17 21:56:50
39780814,2026-03-23 14:15:32
39780814,2026-03-26 11:00:19
39780814,2026-03-30 13:26:43
39780814,2026-03-31 11:08:55
39780814,2026-04-05 15:32:17
39780814,2026-04-07 16:20:41
39780814,2026-04-08 19:05:19
39780814,2026-04-24 18:29:45
39780814,2026-04-25 17:57:17
39780814,2026-04-30 15:28:16
39780814,2026-05-06 12:29:48
39780814,2026-05-16 08:08:42
39780814,2026-05-22 17:43:32
39780814,2026-05-23 17:42:39
39780814,2026-06-04 17:25:08
39780814,2026-06-09 16:30:48
39780814,2026-06-17 17:05:45
39780814,2026-06-19 21:51:33
39780814,2026-07-03 10:20:04
39780814,2026-07-06 21:31:41
39780814,2026-07-15 19:12:54
39780814,2026-07-18 06:48:41
39780814,2026-07-20 12:09:04
39780814,2026-07-21 08:15:07
39780814,2026-07-29 08:39:02
39780814,2026-07-31 13:43:35
39780814,2026-08-07 13:51:02
39780814,2026-08-09 19:05:30
33220726,2026-01-25 09:57:30
33220726,2026-01-26 16:11:45
33220726,2026-01-27 13:43:59
33220726,2026-01-30 09:24:36
33220726,2026-02-01 19:55:19
33220726,2026-02-02 06:22:00
33220726,2026-02-04 13:37:12
33220726,2026-02-05 16:31:14
33220726,2026-02-06 14:36:47
33533977,2026-03-16 16:31:46
33533977,2026-03-17 11:48:22
33533977,2026-03-18 20:08:11
33533977,2026-03-19 13:04:30
33533977,2026-03-20 06:09:07
33533977,2026-03-21 12:04:20
33533977,2026-03-22 11:31:42
33533977,2026-03-24 07:49:12
33533977,2026-03-25 19:09:55
33533977,2026-04-03 15:57:04
33533977,2026-04-04 06:46:46
33533977,2026-04-05 06:02:49
33533977,2026-04-15 16:59:15
33533977,2026-04-16 19:44:24
33533977,2026-04-17 19:28:09
33533977,2026-04-19 15:35:49
33533977,2026-04-22 13:54:34
33533977,2026-04-23 12:48:00
33533977,2026-04-28 13:36:53
33533977,2026-04-29 17:56:15
33533977,2026-05-02 06:05:12
33533977,2026-05-03 20:06:59
33533977,2026-05-04 13:18:31
33533977,2026-05-09 11:58:11
33533977,2026-05-12 16:26:09
33533977,2026-05-20 09:50:05
33533977,2026-05-20 19:21:01
33533977,2026-05-30 19:25:31
33533977,2026-06-02 09:55:20
33533977,2026-06-03 11:24:44
33533977,2026-06-04 11:45:38
33533977,2026-06-12 06:39:23
33533977,2026-06-13 08:02:27
33533977,2026-06-19 18:31:41
33533977,2026-06-20 06:05:14
33533977,2026-06-20 20:18:03
33533977,2026-06-22 18:00:43
33533977,2026-06-24 14:42:56
33533977,2026-06-27 10:32:18
33533977,2026-06-28 17:48:52
33533977,2026-06-29 19:35:36
33533977,2026-06-30 11:52:33
33533977,2026-07-01 21:52:56
33533977,2026-07-02 21:44:23
33533977,2026-07-05 15:59:35
33533977,2026-07-08 11:52:07
33533977,2026-07-20 17:22:20
33533977,2026-07-23 12:39:33
33533977,2026-07-25 14:10:20
33533977,2026-08-02 11:42:07
33533977,2026-08-03 17:26:17
33533977,2026-08-06 16:01:02
33533977,2026-08-08 19:50:44
33533977,2026-08-09 06:58:34
33533977,2026-08-15 17:25:37
33533977,2026-08-16 08:32:01
33533977,2026-08-17 12:42:44
44220085,2026-01-25 19:40:45
44220085,2026-01-26 17:46:14
44220085,2026-01-27 07:33:47
44220085,2026-01-28 08:52:43
44220085,2026-01-29 12:05:24
44220085,2026-01-30 07:31:37
44220085,2026-01-31 21:51:13
44220085,2026-02-01 16:38:24
44220085,2026-02-02 11:03:38
44220085,2026-02-03 11:26:09
44220085,2026-02-04 21:06:03
44220085,2026-02-05 16:25:29
44220085,2026-02-05 18:36:18
44220085,2026-02-09 09:24:49
44220085,2026-02-10 14:37:01
44220085,2026-02-11 13:35:41
44220085,2026-02-13 16:34:18
44220085,2026-02-14 21:21:40
44220085,2026-02-15 20:40:15
44220085,2026-02-17 14:35:24
44220085,2026-02-18 15:29:48
44220085,2026-02-19 06:53:06
44220085,2026-02-20 17:19:52
44220085,2026-02-21 08:21:26
44220085,2026-02-22 17:10:00
44220085,2026-02-23 19:04:23
44220085,2026-02-24 11:54:29
44220085,2026-02-26 16:07:53
44220085,2026-03-01 09:27:04
44220085,2026-03-04 10:56:45
44220085,2026-03-05 13:18:15
44220085,2026-03-05 08:15:42
44220085,2026-03-06 19:31:53
44220085,2026-03-10 07:50:32
44220085,2026-03-11 14:05:11
44220085,2026-03-14 08:55:57
44220085,2026-03-15 20:07:04
44220085,2026-03-16 18:13:58
44220085,2026-03-17 15:07:01
44220085,2026-03-19 18:11:14
44220085,2026-03-21 10:25:56
44220085,2026-03-23 19:55:59
44220085,2026-03-25 21:33:09
44220085,2026-03-27 18:14:49
44220085,2026-03-29 12:35:52
44220085,2026-03-30 06:55:15
44220085,2026-03-31 13:01:33
44220085,2026-04-03 18:02:23
44220085,2026-04-06 21:13:50
44220085,2026-04-07 14:36:20
44220085,2026-04-09 10:32:21
44220085,2026-04-10 13:42:34
44220085,2026-04-11 15:45:30
44220085,2026-04-13 11:36:55
44220085,2026-04-16 12:04:08
44220085,2026-04-17 09:37:24
44220085,2026-04-19 18:02:54
44220085,2026-04-21 06:10:12
44220085,2026-04-24 10:03:18
44220085,2026-04-26 10:12:11
44220085,2026-04-28 18:45:47
44220085,2026-05-01 15:04:41
44220085,2026-05-02 20:30:23
44220085,2026-05-03 21:52:26
44220085,2026-05-04 08:29:52
44220085,2026-05-05 19:46:32
44220085,2026-05-06 19:02:35
44220085,2026-05-07 21:06:34
44220085,2026-05-09 19:17:58
44220085,2026-05-11 17:18:52
44220085,2026-05-12 14:13:01
44220085,2026-05-13 07:18:33
44220085,2026-05-14 10:47:03
44220085,2026-05-15 14:13:09
44220085,2026-05-17 08:24:16
44220085,2026-05-18 16:23:52
44220085,2026-05-19 08:36:25
44220085,2026-05-20 21:03:27
44220085,2026-05-21 18:00:23
44220085,2026-05-23 12:23:49
44220085,2026-05-28 10:41:58
44220085,2026-05-31 19:29:34
44220085,2026-06-01 07:27:55
44220085,2026-06-03 15:16:29
44220085,2026-06-05 19:33:26
44220085,2026-06-06 18:06:49
44220085,2026-06-07 21:50:05
44220085,2026-06-08 15:11:25
44220085,2026-06-09 07:40:35
44220085,2026-06-11 16:36:21
44220085,2026-06-12 07:49:36
44220085,2026-06-13 16:14:42
44220085,2026-06-14 21:43:41
44220085,2026-06-15 11:19:33
44220085,2026-06-16 19:19:47
44220085,2026-06-17 13:28:34
44220085,2026-06-18 08:14:44
44220085,2026-06-21 10:56:18
44220085,2026-06-23 16:00:20
44220085,2026-06-25 14:02:13
44220085,2026-06-27 16:21:21
44220085,2026-06-29 10:35:51
44220085,2026-07-02 20:53:49
44220085,2026-07-03 10:13:33
44220085,2026-07-04 09:16:10
44220085,2026-07-05 09:14:35
44220085,2026-07-05 08:01:05
44220085,2026-07-06 13:37:33
44220085,2026-07-08 14:48:22
44220085,2026-07-10 16:15:00
44220085,2026-07-11 07:36:40
44220085,2026-07-13 11:40:56
44220085,2026-07-14 09:59:50
44220085,2026-07-15 08:43:05
44220085,2026-07-17 21:03:14
44220085,2026-07-20 19:03:18
44220085,2026-07-21 17:50:55
44220085,2026-07-22 10:43:22
44220085,2026-07-24 16:56:26
44220085,2026-07-25 19:11:52
44220085,2026-07-26 10:18:47
44220085,2026-08-02 18:27:59
44220085,2026-08-03 11:06:33
44220085,2026-08-04 16:05:14
44220085,2026-08-05 13:40:18
44220085,2026-08-06 16:36:49
44220085,2026-08-08 15:23:14
44220085,2026-08-10 12:08:06
44220085,2026-08-13 11:17:19
44220085,2026-08-14 17:34:39
44220085,2026-08-18 11:22:33
44220085,2026-08-19 12:54:57
44220085,2026-08-20 10:31:14
44220085,2026-08-25 07:00:58
44220085,2026-08-26 19:58:20
44220085,2026-08-27 09:47:02
44220085,2026-08-29 21:43:45
44220085,2026-09-02 07:27:15
44220085,2026-09-03 12:25:36
44220085,2026-09-04 21:42:49
35579881,2026-01-29 14:30:11
35579881,2026-01-30 09:25:42
35579881,2026-01-31 10:35:37
35579881,2026-02-01 07:48:39
35579881,2026-02-02 13:44:04
35579881,2026-02-04 13:14:59
35579881,2026-02-05 21:09:44
35579881,2026-02-06 14:04:15
35579881,2026-02-07 13:39:21
35579881,2026-02-08 17:56:11
35579881,2026-02-09 14:01:38
35579881,2026-02-10 20:19:18
35579881,2026-02-11 11:04:33
35579881,2026-02-12 19:24:52
35579881,2026-02-13 09:30:50
35579881,2026-02-14 06:38:25
35579881,2026-02-16 21:48:37
35579881,2026-02-17 16:33:38
35579881,2026-02-18 09:43:41
35579881,2026-02-19 08:06:42
35579881,2026-02-21 12:56:47
35579881,2026-02-21 10:51:45
35579881,2026-02-22 12:36:20
35579881,2026-02-24 08:54:34
35579881,2026-02-26 11:43:24
35579881,2026-02-27 12:30:13
35579881,2026-02-28 10:12:34
35579881,2026-03-03 20:34:00
35579881,2026-03-07 09:34:17
35579881,2026-03-08 08:55:44
35579881,2026-03-10 21:46:42
35579881,2026-03-11 21:34:26
35579881,2026-03-13 10:32:17
35579881,2026-03-16 10:22:28
35579881,2026-03-18 18:27:49
35579881,2026-03-20 08:01:12
35579881,2026-03-21 12:05:39
35579881,2026-03-22 11:15:00
35579881,2026-03-23 10:18:00
35579881,2026-03-25 11:48:15
35579881,2026-03-26 11:56:52
35579881,2026-03-27 15:11:11
35579881,2026-03-30 08:49:31
35579881,2026-04-02 14:55:19
35579881,2026-04-03 15:52:12
35579881,2026-04-05 06:27:59
35579881,2026-04-06 08:21:13
35579881,2026-04-10 09:12:09
35579881,2026-04-13 19:19:03
35579881,2026-04-15 13:50:28
35579881,2026-04-17 09:16:00
35579881,2026-04-20 13:24:57
35579881,2026-04-22 07:45:00
35579881,2026-04-23 18:52:46
35579881,2026-04-24 20:22:58
35579881,2026-04-25 19:09:36
35579881,2026-04-26 06:34:19
35579881,2026-04-28 08:17:43
35579881,2026-04-29 09:34:26
35579881,2026-04-30 17:29:00
35579881,2026-05-01 20:55:14
35579881,2026-05-03 12:38:02
35579881,2026-05-07 06:09:03
35579881,2026-05-13 21:25:23
35579881,2026-05-14 15:39:53
35579881,2026-05-15 17:29:50
35579881,2026-05-18 16:08:00
35579881,2026-05-19 07:16:26
35579881,2026-05-20 17:14:46
44674576,2026-04-25 10:58:00
44674576,2026-04-26 08:58:57
44674576,2026-04-27 20:19:09
44674576,2026-04-28 17:30:21
44674576,2026-04-29 21:12:15
44674576,2026-04-29 19:26:07
44674576,2026-04-30 21:23:50
44674576,2026-05-01 09:11:39
44674576,2026-05-04 06:49:40
44674576,2026-05-05 21:53:57
44674576,2026-05-06 17:54:24
44674576,2026-05-07 17:06:24
44674576,2026-05-09 13:33:40
44674576,2026-05-11 21:21:05
44674576,2026-05-12 18:44:02
44674576,2026-05-14 09:00:04
44674576,2026-05-17 10:54:13
44674576,2026-05-18 19:09:13
44674576,2026-05-23 21:19:47
44674576,2026-05-28 15:39:40
44674576,2026-05-29 12:12:09
44674576,2026-05-29 13:55:35
44674576,2026-05-31 14:36:49
44674576,2026-06-01 10:13:43
44674576,2026-06-02 19:31:13
44674576,2026-06-06 06:54:51
44674576,2026-06-12 15:39:37
44674576,2026-06-14 18:09:26
44674576,2026-06-16 13:52:20
44674576,2026-06-17 16:04:09
44674576,2026-06-20 13:06:30
44674576,2026-06-21 06:10:40
44674576,2026-06-23 06:04:11
44674576,2026-06-24 10:33:12
44674576,2026-06-25 10:17:56
44674576,2026-06-27 10:47:56
44674576,2026-06-28 15:30:12
44674576,2026-06-30 14:48:25
44674576,2026-07-01 21:43:42
44674576,2026-07-04 17:22:04
44674576,2026-07-08 18:33:36
44674576,2026-07-09 15:50:57
44674576,2026-07-11 07:34:56
44674576,2026-07-12 14:34:50
44674576,2026-07-13 11:45:17
44674576,2026-07-15 13:28:28
44674576,2026-07-17 13:05:16
44674576,2026-07-18 13:38:46
44674576,2026-07-19 21:26:58
44674576,2026-07-20 11:38:15
44674576,2026-07-21 14:07:50
44674576,2026-07-22 18:18:02
44674576,2026-07-24 13:20:32
44674576,2026-07-25 20:04:35
44674576,2026-07-29 20:18:58
44674576,2026-07-30 06:37:48
44674576,2026-07-31 17:46:23
44674576,2026-08-02 06:35:01
44674576,2026-08-03 18:42:23
44674576,2026-08-07 07:21:14
44674576,2026-08-09 06:07:27
44674576,2026-08-13 12:15:26
44674576,2026-08-16 21:08:42
44674576,2026-08-17 10:41:25
44674576,2026-08-18 14:29:16
44674576,2026-08-19 08:09:04
44674576,2026-08-21 15:17:39
44674576,2026-08-22 15:58:25
44674576,2026-08-24 12:49:44
44674576,2026-08-25 17:23:15
44674576,2026-08-29 13:53:43
39005282,2026-03-07 20:22:27
39005282,2026-03-08 09:35:27
39005282,2026-03-09 16:21:08
39005282,2026-03-10 18:40:49
39005282,2026-03-10 12:19:04
39005282,2026-03-11 10:02:33
39005282,2026-03-12 08:54:48
39005282,2026-03-13 10:46:02
39005282,2026-03-16 10:39:02
39005282,2026-03-19 09:22:35
39005282,2026-03-21 09:35:06
39005282,2026-03-23 13:23:53
39005282,2026-03-25 10:19:36
39005282,2026-03-28 06:01:34
39005282,2026-04-05 15:26:24
39005282,2026-04-06 13:50:45
39005282,2026-04-09 08:41:14
39005282,2026-04-13 15:13:58
39005282,2026-04-15 06:57:22
39005282,2026-04-18 11:52:45
39005282,2026-04-19 12:21:43
39005282,2026-04-22 15:50:33
39005282,2026-04-25 19:05:38
39005282,2026-04-26 09:48:12
39005282,2026-04-27 09:20:30
39005282,2026-05-03 14:20:39
39005282,2026-05-07 20:18:10
39005282,2026-05-10 07:07:52
39005282,2026-05-11 06:48:57
39005282,2026-05-12 12:59:07
39005282,2026-05-13 21:16:37
39005282,2026-05-14 20:41:47
39005282,2026-05-15 09:01:41
39005282,2026-05-19 13:52:30
39005282,2026-05-21 16:53:05
39005282,2026-05-22 06:04:26
39005282,2026-05-25 12:02:33
39005282,2026-05-26 17:24:56
39005282,2026-06-01 16:10:03
39005282,2026-06-05 18:53:50
39005282,2026-06-10 10:57:20
39005282,2026-06-13 19:35:18
39005282,2026-06-14 21:13:22
39005282,2026-06-15 20:39:36
39005282,2026-06-19 09:34:13
39005282,2026-06-24 21:10:44
39005282,2026-06-26 14:33:31
39005282,2026-06-28 11:27:57
39005282,2026-06-29 13:03:48
39005282,2026-07-02 12:10:13
39005282,2026-07-03 17:07:15
39005282,2026-07-07 09:19:56
39005282,2026-07-14 17:45:50
39005282,2026-07-19 07:29:06
39005282,2026-07-22 08:49:09
39005282,2026-07-28 15:36:44
39005282,2026-07-29 17:29:23
39005282,2026-08-02 10:03:11
39005282,2026-08-06 09:22:41
39005282,2026-08-08 14:55:48
39005282,2026-08-10 21:28:49
47775011,2026-03-23 21:26:01
47775011,2026-03-24 12:58:49
47775011,2026-03-25 18:23:18
47775011,2026-03-26 07:50:09
47775011,2026-03-27 14:19:11
47775011,2026-03-28 09:57:53
47775011,2026-03-29 07:32:41
47775011,2026-03-31 18:04:09
47775011,2026-04-01 21:01:03
47775011,2026-04-03 13:00:35
47775011,2026-04-05 09:04:53
47775011,2026-04-06 15:16:58
47775011,2026-04-07 07:13:54
47775011,2026-04-10 08:28:40
47775011,2026-04-12 17:23:52
47775011,2026-04-14 09:07:24
47775011,2026-04-21 07:06:02
47775011,2026-04-30 08:07:19
47775011,2026-05-01 06:06:37
47775011,2026-05-01 13:50:06
47775011,2026-05-02 20:07:52
47775011,2026-05-05 13:02:38
47775011,2026-05-07 19:37:37
47775011,2026-05-09 14:19:01
47775011,2026-05-10 13:10:31
47775011,2026-05-18 09:28:00
47775011,2026-05-19 09:57:38
47775011,2026-05-20 10:04:31
47775011,2026-05-21 09:08:38
47775011,2026-05-22 11:45:10
47775011,2026-05-24 20:43:51
47775011,2026-05-31 13:03:29
47775011,2026-06-06 07:09:58
47775011,2026-06-07 10:28:11
47775011,2026-06-09 20:46:02
47775011,2026-06-16 16:49:28
47775011,2026-06-20 18:09:09
47775011,2026-06-21 20:00:32
47775011,2026-06-25 14:14:49
47775011,2026-06-26 21:03:13
47775011,2026-06-27 18:35:36
47775011,2026-07-02 18:18:34
47775011,2026-07-04 10:01:27
47775011,2026-07-05 08:02:52
47775011,2026-07-06 19:35:41
47775011,2026-07-10 09:25:35
47775011,2026-07-11 17:23:12
47775011,2026-07-18 10:21:20
47775011,2026-07-19 16:06:22
47775011,2026-07-20 13:20:54
47775011,2026-07-24 12:00:22
47775011,2026-07-28 10:20:30
47775011,2026-07-29 18:38:39
47775011,2026-08-03 08:50:13
47775011,2026-08-04 06:23:23
47775011,2026-08-07 15:15:43
47775011,2026-08-08 10:29:54
47775011,2026-08-11 13:58:21
47775011,2026-08-14 13:52:26
47775011,2026-08-15 09:13:12
47775011,2026-08-20 14:07:28
47775011,2026-08-30 12:24:57
47775011,2026-08-31 16:37:18
47775011,2026-09-01 15:29:49
30008181,2026-02-05 09:44:04
30008181,2026-02-06 17:57:59
30008181,2026-02-07 13:14:08
30008181,2026-02-08 19:00:38
30008181,2026-02-10 06:39:40
30008181,2026-02-12 10:48:47
30008181,2026-02-13 09:05:38
30008181,2026-02-14 17:50:19
30008181,2026-02-17 17:07:48
30008181,2026-02-18 20:08:41
30008181,2026-02-19 08:42:20
30008181,2026-02-21 15:17:50
30008181,2026-02-22 08:01:40
30008181,2026-02-27 10:31:01
30008181,2026-03-02 19:56:34
30008181,2026-03-05 11:30:54
30008181,2026-03-07 06:33:46
30008181,2026-03-09 19:51:33
30008181,2026-03-10 06:59:55
30008181,2026-03-11 12:07:34
30008181,2026-03-16 19:51:13
46988479,2026-04-13 16:18:07
46988479,2026-04-14 07:31:20
46988479,2026-04-18 13:22:18
46988479,2026-04-19 08:13:49
46988479,2026-04-20 21:58:24
46988479,2026-04-22 13:36:49
46988479,2026-04-24 10:50:45
46988479,2026-04-26 10:27:09
46988479,2026-04-28 07:03:03
46988479,2026-04-29 19:36:29
46988479,2026-05-02 18:58:53
46988479,2026-05-03 19:07:58
46988479,2026-05-05 21:39:19
46988479,2026-05-06 06:10:25
46988479,2026-05-07 12:41:25
46988479,2026-05-08 09:39:20
46988479,2026-05-13 18:24:32
46988479,2026-05-15 10:52:34
46988479,2026-05-19 16:36:00
46988479,2026-05-26 07:51:57
46988479,2026-05-28 11:43:42
46988479,2026-05-29 19:32:00
46988479,2026-05-30 08:49:00
46988479,2026-05-31 06:24:24
46988479,2026-06-03 16:30:36
46988479,2026-06-04 07:46:17
46988479,2026-06-08 07:04:58
46988479,2026-06-11 14:40:15
46988479,2026-06-20 09:52:15
46988479,2026-06-22 08:22:21
46988479,2026-06-25 13:10:15
46988479,2026-06-30 15:39:37
46988479,2026-07-02 09:26:07
46988479,2026-07-05 10:40:17
46988479,2026-07-06 06:47:20
46988479,2026-07-09 13:18:26
46988479,2026-07-11 17:11:25
46988479,2026-07-12 20:55:29
46988479,2026-07-21 18:41:48
46988479,2026-07-22 06:49:57
46988479,2026-07-23 13:03:11
46988479,2026-07-28 10:01:18
46988479,2026-07-31 19:15:20
46988479,2026-08-03 12:24:02
46988479,2026-08-04 15:45:26
46988479,2026-08-05 11:34:22
46988479,2026-08-08 08:19:46
46988479,2026-08-11 12:04:35
46988479,2026-08-14 07:42:13
46988479,2026-08-21 14:10:44
46988479,2026-08-25 10:22:25
46988479,2026-08-26 16:10:10
46988479,2026-09-02 14:10:19
41472576,2026-02-14 19:33:45
41472576,2026-02-15 13:30:52
41472576,2026-02-20 09:50:10
41472576,2026-02-21 09:19:18
41472576,2026-02-25 09:20:20
41472576,2026-02-26 17:42:50
41472576,2026-02-27 08:37:20
41472576,2026-03-02 06:59:30
41472576,2026-03-05 07:28:20
41472576,2026-03-19 21:26:43
41472576,2026-03-28 16:10:46
41472576,2026-03-31 19:54:26
41472576,2026-04-02 14:55:12
41472576,2026-04-08 14:31:11
41472576,2026-04-15 13:40:19
41472576,2026-04-22 19:02:19
41472576,2026-04-23 13:14:22
39143728,2025-11-17 20:39:36
39143728,2025-11-19 14:36:07
39143728,2025-11-21 13:10:23
39143728,2025-11-22 07:54:53
39143728,2025-11-25 15:14:04
39143728,2025-11-26 09:36:50
39143728,2025-11-27 10:39:58
39143728,2025-11-29 13:34:05
39143728,2025-11-30 09:41:42
39143728,2025-11-30 15:38:55
39143728,2025-12-06 16:23:15
39143728,2025-12-09 09:13:48
39143728,2025-12-13 06:30:20
39143728,2025-12-14 19:49:57
39143728,2025-12-15 20:04:08
39143728,2025-12-18 09:19:53
39143728,2025-12-19 17:19:23
39143728,2025-12-21 12:43:53
39143728,2026-01-01 20:43:55
39143728,2026-01-05 09:20:11
39143728,2026-01-06 15:00:32
39143728,2026-01-07 12:15:51
39143728,2026-01-12 11:20:37
39143728,2026-01-13 13:02:39
39143728,2026-01-14 13:03:40
39143728,2026-01-15 12:16:48
39143728,2026-01-16 14:46:13
39143728,2026-01-17 16:39:02
39143728,2026-01-18 15:32:14
39143728,2026-01-22 20:14:34
39143728,2026-01-26 06:09:48
39143728,2026-01-31 13:48:57
39143728,2026-02-05 07:08:52
39143728,2026-02-06 12:34:58
39143728,2026-02-08 06:53:33
39143728,2026-02-11 13:03:15
39143728,2026-02-13 12:53:49
39143728,2026-02-17 06:36:35
39143728,2026-02-18 11:06:36
39143728,2026-02-19 10:21:48
39143728,2026-02-20 10:08:25
39143728,2026-02-27 15:38:14
39143728,2026-02-28 07:48:55
39143728,2026-03-03 16:41:30
39143728,2026-03-07 07:42:27
39143728,2026-03-09 10:54:02
39143728,2026-03-10 11:13:25
39143728,2026-03-11 18:17:07
39143728,2026-03-12 15:45:28
39143728,2026-03-14 07:33:21
39143728,2026-03-15 18:43:27
39143728,2026-03-19 08:12:58
39143728,2026-03-21 17:55:23
39143728,2026-03-24 09:34:00
39143728,2026-03-26 10:20:58
39143728,2026-03-27 12:07:25
39143728,2026-04-02 13:25:37
39143728,2026-04-07 14:26:13
39143728,2026-04-09 19:04:29
39143728,2026-04-15 13:10:00
39143728,2026-04-16 11:49:49
39143728,2026-04-17 07:47:09
39143728,2026-04-19 17:58:59
39143728,2026-04-22 19:16:49
39143728,2026-04-24 18:32:09
39143728,2026-04-25 15:51:32
39143728,2026-04-30 06:19:06
39143728,2026-05-01 09:17:57
39143728,2026-05-03 10:52:57
39143728,2026-05-06 15:01:19
39143728,2026-05-08 06:47:33
39143728,2026-05-09 21:39:03
39143728,2026-05-14 19:03:05
39143728,2026-05-16 09:35:15
39143728,2026-05-17 14:30:07
39143728,2026-05-18 13:43:50
39143728,2026-05-22 15:59:41
39143728,2026-05-23 18:02:04
39143728,2026-05-26 21:22:38
39143728,2026-05-28 16:36:57
39143728,2026-06-01 10:01:05
39143728,2026-06-02 09:05:34
39143728,2026-06-05 08:50:27
39143728,2026-06-08 20:18:08
39143728,2026-06-12 14:12:16
39143728,2026-06-16 17:02:25
39143728,2026-06-18 15:47:23
39143728,2026-06-21 16:59:12
39143728,2026-06-25 06:20:22
39143728,2026-06-28 15:28:50
39143728,2026-06-29 12:14:48
39143728,2026-07-02 14:14:31
39143728,2026-07-04 12:18:32
39143728,2026-07-10 08:14:22
39143728,2026-07-16 06:17:46
39143728,2026-07-22 09:54:37
39143728,2026-07-24 21:12:26
39143728,2026-07-25 11:14:25
39143728,2026-07-26 20:22:50
39143728,2026-07-28 09:06:40
39143728,2026-07-29 12:53:46
39143728,2026-07-31 06:27:09
39143728,2026-08-01 14:47:06
39143728,2026-08-06 19:46:38
39143728,2026-08-10 20:13:40
39143728,2026-08-12 16:37:42
39143728,2026-08-14 21:40:57
39143728,2026-08-15 14:21:38
39143728,2026-08-17 20:00:25
39143728,2026-08-19 20:03:17
39143728,2026-08-27 14:09:53
37894239,2026-03-22 13:04:51
37894239,2026-03-27 17:58:01
37894239,2026-03-28 11:37:47
37894239,2026-03-29 19:18:40
37894239,2026-04-01 08:57:14
37894239,2026-04-03 09:51:09
37894239,2026-04-09 15:43:21
37894239,2026-04-13 08:43:35
37894239,2026-04-14 13:25:30
37894239,2026-04-18 15:06:42
37894239,2026-04-19 17:23:10
37894239,2026-04-20 07:47:22
37894239,2026-04-23 12:58:48
37894239,2026-04-24 21:27:20
37894239,2026-04-27 13:36:51
37894239,2026-04-30 09:43:34
37894239,2026-05-01 17:16:08
37894239,2026-05-05 16:04:03
37894239,2026-05-07 06:51:37
37894239,2026-05-10 16:30:36
37894239,2026-05-12 10:53:20
37894239,2026-05-13 17:27:12
37894239,2026-05-16 17:09:09
37894239,2026-05-22 11:50:09
37894239,2026-05-24 17:40:10
37894239,2026-05-25 17:24:11
37894239,2026-05-29 16:19:32
37894239,2026-06-01 15:35:31
37894239,2026-06-07 08:13:50
37894239,2026-06-15 07:49:05
37894239,2026-06-16 16:19:39
37894239,2026-06-17 10:42:57
43412266,2026-05-11 15:39:55
43412266,2026-05-13 21:51:23
43412266,2026-05-14 16:18:15
43412266,2026-05-16 14:12:12
43412266,2026-05-19 11:42:15
43412266,2026-05-20 19:43:45
43412266,2026-05-22 15:38:12
43412266,2026-05-24 09:51:05
43412266,2026-05-25 20:50:29
43412266,2026-05-28 20:29:28
43412266,2026-06-02 10:04:01
43412266,2026-06-05 14:26:55
43412266,2026-06-06 15:48:42
43412266,2026-06-09 15:41:51
43412266,2026-06-13 17:44:47
43412266,2026-06-14 13:47:49
43412266,2026-06-16 17:22:00
43412266,2026-06-17 20:01:37
43412266,2026-06-20 19:31:07
43412266,2026-06-21 17:33:17
43412266,2026-06-23 17:17:27
43412266,2026-06-26 20:54:48
43412266,2026-06-29 18:35:42
43412266,2026-06-30 21:23:52
43412266,2026-07-02 11:59:32
43412266,2026-07-03 20:36:47
43412266,2026-07-06 18:46:48
43412266,2026-07-15 21:56:28
43412266,2026-07-17 14:44:08
43412266,2026-07-19 14:40:34
43412266,2026-07-24 08:21:57
43412266,2026-07-27 10:00:06
43412266,2026-07-28 13:15:41
43412266,2026-07-29 15:35:47
43412266,2026-07-31 15:36:12
43412266,2026-08-01 10:44:14
43412266,2026-08-02 17:32:55
43412266,2026-08-04 15:52:30
43412266,2026-08-05 09:11:13
43323619,2026-06-15 14:56:48
43323619,2026-06-16 15:38:00
43323619,2026-06-17 13:52:38
43323619,2026-06-19 21:45:31
43323619,2026-06-21 10:02:39
43323619,2026-06-22 16:15:24
43323619,2026-06-23 10:00:14
43323619,2026-06-25 14:02:09
43323619,2026-06-27 19:33:43
43323619,2026-06-28 14:52:23
43323619,2026-07-01 08:56:30
43323619,2026-07-04 21:49:31
43323619,2026-07-08 15:13:43
43323619,2026-07-09 19:26:45
43323619,2026-07-09 07:10:23
43323619,2026-07-16 12:22:22
43323619,2026-07-17 19:35:07
43323619,2026-07-22 06:20:07
43323619,2026-07-23 14:33:55
43323619,2026-07-30 14:29:47
43323619,2026-07-31 06:43:13
43323619,2026-08-03 17:23:49
43323619,2026-08-07 08:33:31
43323619,2026-08-09 20:03:43
44883900,2026-01-14 09:09:37
44883900,2026-01-15 07:54:02
44883900,2026-01-17 09:28:12
44883900,2026-01-21 16:26:37
44883900,2026-01-24 17:16:01
44883900,2026-01-26 21:13:47
44883900,2026-01-27 18:48:08
44883900,2026-02-01 06:16:34
44883900,2026-02-03 21:41:50
44883900,2026-02-04 18:56:33
44883900,2026-02-05 17:38:47
44883900,2026-02-06 12:17:59
44883900,2026-02-07 11:35:09
44883900,2026-02-08 20:13:49
44883900,2026-02-09 20:48:12
44883900,2026-02-10 12:51:42
44883900,2026-02-12 21:36:51
44883900,2026-02-13 10:26:30
44883900,2026-02-15 10:34:23
44883900,2026-02-16 07:56:26
44883900,2026-02-17 11:34:30
44883900,2026-02-19 15:40:43
44883900,2026-02-22 16:46:03
44883900,2026-02-28 13:39:12
44883900,2026-03-01 21:59:55
44883900,2026-03-02 20:47:39
44883900,2026-03-05 18:24:00
44883900,2026-03-08 06:12:11
44883900,2026-03-09 06:18:01
44883900,2026-03-14 15:21:33
44883900,2026-03-15 17:18:43
44883900,2026-03-16 19:15:49
44883900,2026-03-17 09:34:09
44883900,2026-03-18 18:59:28
44883900,2026-03-21 12:21:17
44883900,2026-03-25 16:41:35
44883900,2026-03-30 19:32:10
44883900,2026-03-31 13:47:44
44883900,2026-04-02 11:07:13
44883900,2026-04-11 19:37:30
44883900,2026-04-15 11:05:01
44883900,2026-04-16 12:17:41
44883900,2026-04-18 20:59:28
44883900,2026-04-19 16:53:42
44883900,2026-04-20 19:54:35
44883900,2026-04-24 14:28:40
44883900,2026-04-26 17:26:54
44883900,2026-04-29 06:42:15
44883900,2026-04-30 17:48:46
44883900,2026-05-03 13:01:34
44883900,2026-05-04 12:32:21
44883900,2026-05-08 09:21:44
44883900,2026-05-08 21:14:16
44883900,2026-05-11 15:09:25
44883900,2026-05-13 13:54:09
44883900,2026-05-16 18:10:27
44883900,2026-05-18 17:36:53
44883900,2026-05-19 15:28:12
44883900,2026-05-21 13:09:05
44883900,2026-05-22 08:07:40
44883900,2026-05-23 14:30:36
44883900,2026-05-26 08:13:02
44883900,2026-05-29 12:18:21
44883900,2026-05-30 14:59:12
44883900,2026-06-03 21:56:01
44883900,2026-06-08 17:17:14
44883900,2026-06-10 06:16:16
44883900,2026-06-14 19:59:36
44883900,2026-06-15 13:58:27
44883900,2026-06-16 12:00:50
44883900,2026-06-17 19:54:37
44883900,2026-06-18 16:03:10
44883900,2026-06-25 19:20:10
44883900,2026-06-27 17:51:35
44883900,2026-07-02 13:51:02
44883900,2026-07-03 13:57:17
44883900,2026-07-06 13:20:33
44883900,2026-07-08 13:11:04
44883900,2026-07-10 16:15:20
44883900,2026-07-13 06:07:16
44883900,2026-07-15 17:35:17
44883900,2026-07-18 20:26:25
44883900,2026-07-23 12:20:16
44883900,2026-08-03 14:41:45
44883900,2026-08-05 13:21:01
44883900,2026-08-07 13:58:14
44883900,2026-08-08 19:21:32
48996750,2026-02-07 17:23:35
48996750,2026-02-08 09:48:15
48996750,2026-02-08 11:46:58
48996750,2026-02-14 10:36:35
48996750,2026-02-22 15:39:53
48996750,2026-02-25 14:06:36
48996750,2026-03-01 08:53:05
48996750,2026-03-02 11:49:25
48996750,2026-03-04 17:19:00
48996750,2026-03-07 07:31:46
48996750,2026-03-08 15:10:19
48996750,2026-03-08 11:44:24
48996750,2026-03-10 07:18:01
48996750,2026-03-12 07:21:21
48996750,2026-03-13 09:53:36
48996750,2026-03-15 20:05:28
48996750,2026-03-16 06:56:05
48996750,2026-03-21 15:07:36
48996750,2026-03-24 18:29:42
48996750,2026-03-26 17:09:42
48996750,2026-04-02 17:09:00
48996750,2026-04-03 13:07:45
48996750,2026-04-05 08:19:20
34856327,2026-01-18 16:24:23
34856327,2026-01-20 21:20:53
34856327,2026-01-21 06:08:34
34856327,2026-01-24 18:18:11
34856327,2026-01-28 08:32:46
34856327,2026-01-29 16:26:56
34856327,2026-01-30 08:53:59
34856327,2026-01-31 12:22:46
34856327,2026-02-01 12:25:01
34856327,2026-02-02 09:13:10
34856327,2026-02-06 09:42:01
34856327,2026-02-08 13:52:31
34856327,2026-02-14 15:02:29
34856327,2026-02-15 17:24:33
34856327,2026-02-19 19:14:14
34856327,2026-02-22 12:14:26
34856327,2026-02-23 13:24:32
34856327,2026-02-25 21:01:43
34856327,2026-02-26 12:50:18
34856327,2026-02-28 21:30:48
34856327,2026-03-01 17:54:03
34856327,2026-03-05 11:57:58
34856327,2026-03-10 14:19:45
34856327,2026-03-12 07:56:56
34856327,2026-03-14 13:14:35
34856327,2026-03-16 21:19:55
34856327,2026-03-24 21:53:28
34856327,2026-03-28 19:59:13
34856327,2026-03-30 07:13:59
34856327,2026-03-31 20:38:51
34856327,2026-04-07 12:19:10
34856327,2026-04-08 15:03:03
34856327,2026-04-10 20:45:56
34856327,2026-04-12 17:25:10
34856327,2026-04-13 09:47:30
34856327,2026-04-15 10:34:35
34856327,2026-04-20 20:07:09
34856327,2026-04-24 15:18:41
34856327,2026-04-26 11:23:56
34856327,2026-04-27 14:29:07
34856327,2026-04-29 07:58:17
34856327,2026-05-01 21:29:03
34856327,2026-05-04 12:53:08
34856327,2026-05-09 09:33:26
34856327,2026-05-11 12:58:55
34856327,2026-05-23 21:12:58
34856327,2026-05-24 06:37:38
34856327,2026-05-25 14:50:33
34856327,2026-05-26 21:55:13
34856327,2026-05-29 17:21:59
34856327,2026-06-02 12:26:09
34856327,2026-06-05 12:27:37
34856327,2026-06-09 17:37:40
34856327,2026-06-10 16:46:05
34856327,2026-06-14 10:17:44
34856327,2026-06-18 17:34:19
34856327,2026-06-19 11:07:42
34856327,2026-06-20 12:03:03
34856327,2026-06-22 12:38:11
34856327,2026-06-25 11:19:56
34856327,2026-06-28 10:47:50
34856327,2026-06-29 07:15:24
34856327,2026-06-30 21:21:29
34856327,2026-07-04 06:02:01
34856327,2026-07-05 20:35:51
34856327,2026-07-07 09:28:50
34856327,2026-07-13 10:36:30
34856327,2026-07-15 06:50:24
34856327,2026-07-16 12:46:15
34856327,2026-07-17 08:47:31
34856327,2026-07-19 10:57:49
34856327,2026-07-20 13:04:28
34856327,2026-07-21 20:31:33
34856327,2026-07-25 10:12:30
34856327,2026-07-28 06:00:13
34856327,2026-08-03 15:31:41
34856327,2026-08-05 10:51:42
34856327,2026-08-07 10:04:43
34856327,2026-08-13 20:38:22
34856327,2026-08-14 12:37:11
34856327,2026-08-16 21:14:59
39013537,2026-03-05 07:24:28
39013537,2026-03-06 06:15:08
39013537,2026-03-07 16:27:24
39013537,2026-03-08 12:04:21
39013537,2026-03-09 11:39:52
39013537,2026-03-10 18:27:45
31841068,2026-05-19 08:20:50
31841068,2026-05-20 09:37:19
31841068,2026-05-22 07:33:35
31841068,2026-05-23 08:32:24
31841068,2026-05-24 15:40:54
31841068,2026-05-25 17:53:13
31841068,2026-05-26 11:15:35
31841068,2026-05-28 09:24:27
31841068,2026-05-31 21:11:12
31841068,2026-06-01 20:55:16
31841068,2026-06-04 12:54:45
31841068,2026-06-06 20:50:44
31841068,2026-06-07 12:47:09
31841068,2026-06-08 20:59:29
33199156,2026-02-14 07:42:53
33199156,2026-02-15 21:39:08
33199156,2026-02-16 08:06:51
33199156,2026-02-17 07:20:03
33199156,2026-02-18 20:02:40
33199156,2026-02-19 11:48:48
33199156,2026-02-21 11:21:13
33199156,2026-02-22 12:46:21
33199156,2026-02-23 20:38:26
33199156,2026-02-24 11:51:43
33199156,2026-02-26 08:40:03
33199156,2026-02-27 14:10:17
33199156,2026-02-28 06:59:35
33199156,2026-03-02 13:20:55
33199156,2026-03-03 09:49:57
33199156,2026-03-04 10:18:21
33199156,2026-03-05 08:20:20
33199156,2026-03-06 09:11:06
33199156,2026-03-07 17:29:39
33199156,2026-03-08 10:54:24
33199156,2026-03-12 06:08:06
33199156,2026-03-13 15:09:49
33199156,2026-03-14 20:57:44
33199156,2026-03-15 08:08:49
33199156,2026-03-16 14:24:55
33199156,2026-03-19 20:04:38
33199156,2026-03-20 06:42:34
33199156,2026-03-25 08:50:16
33199156,2026-03-27 14:37:42
33199156,2026-03-28 14:48:28
33199156,2026-03-30 18:51:29
33199156,2026-04-02 08:39:52
33199156,2026-04-04 10:18:30
33199156,2026-04-07 17:05:38
33199156,2026-04-08 14:54:58
33199156,2026-04-08 09:58:31
33199156,2026-04-10 19:03:17
33199156,2026-04-11 15:40:12
33199156,2026-04-12 14:03:28
33199156,2026-04-13 08:17:23
33199156,2026-04-15 20:59:00
33199156,2026-04-16 13:37:11
33199156,2026-04-17 16:17:29
33199156,2026-04-18 14:08:04
33199156,2026-04-19 07:35:58
33199156,2026-04-20 13:41:00
33199156,2026-04-21 18:27:36
33199156,2026-04-23 12:56:55
33199156,2026-04-25 21:19:26
33199156,2026-04-26 15:02:25
33199156,2026-04-27 16:37:25
33199156,2026-04-28 08:57:38
33199156,2026-04-29 06:13:02
33199156,2026-05-01 19:10:28
33199156,2026-05-03 19:53:35
33199156,2026-05-05 17:48:54
33199156,2026-05-06 13:24:44
33199156,2026-05-10 19:14:44
33199156,2026-05-13 19:55:47
33199156,2026-05-14 07:10:27
33199156,2026-05-18 13:20:56
33199156,2026-05-21 09:25:58
33199156,2026-05-22 07:20:17
33199156,2026-05-23 06:11:21
33199156,2026-05-24 15:46:01
33199156,2026-05-26 11:47:20
33199156,2026-05-27 19:27:31
33199156,2026-05-28 06:38:44
33199156,2026-05-31 11:52:04
33199156,2026-06-01 12:00:57
33199156,2026-06-02 15:30:58
33199156,2026-06-03 14:46:22
33199156,2026-06-06 20:33:11
33199156,2026-06-07 13:53:12
33199156,2026-06-08 18:26:56
33199156,2026-06-09 07:17:17
33199156,2026-06-12 08:59:11
33199156,2026-06-13 08:32:33
33199156,2026-06-15 20:15:11
33199156,2026-06-17 06:20:48
33199156,2026-06-18 09:00:10
33199156,2026-06-19 20:29:24
33199156,2026-06-21 12:17:26
33199156,2026-06-23 20:09:42
33199156,2026-06-25 10:29:48
33199156,2026-06-26 17:50:02
33199156,2026-06-27 20:47:46
33199156,2026-06-29 14:29:32
33199156,2026-06-30 19:48:26
33199156,2026-07-01 17:26:40
33199156,2026-07-03 09:10:53
33199156,2026-07-05 18:55:01
33199156,2026-07-06 14:04:30
33199156,2026-07-08 21:48:27
47245217,2026-02-25 09:54:55
47245217,2026-02-26 08:51:30
47245217,2026-02-27 10:15:35
47245217,2026-02-28 07:00:08
47245217,2026-03-01 20:42:25
47245217,2026-03-02 19:37:42
47245217,2026-03-03 18:54:05
47245217,2026-03-04 08:00:52
47245217,2026-03-05 09:31:20
47245217,2026-03-06 16:37:03
47245217,2026-03-07 14:22:35
47245217,2026-03-08 11:17:04
47245217,2026-03-08 19:22:03
47245217,2026-03-12 20:33:04
47245217,2026-03-19 09:33:33
47245217,2026-03-23 14:29:26
47245217,2026-03-24 13:28:39
47245217,2026-03-26 20:11:25
47245217,2026-03-27 19:31:21
47245217,2026-03-28 11:58:29
47245217,2026-04-03 18:58:58
47245217,2026-04-06 06:20:25
47245217,2026-04-07 17:29:15
47245217,2026-04-08 21:42:44
47245217,2026-04-18 09:16:27
47245217,2026-04-19 12:36:46
47245217,2026-04-20 11:30:39
47245217,2026-04-23 06:23:44
47245217,2026-04-26 16:35:46
47245217,2026-04-27 14:50:00
47245217,2026-04-28 18:10:49
47245217,2026-04-30 20:21:29
47245217,2026-05-05 07:14:37
47245217,2026-05-06 14:28:51
47245217,2026-05-08 20:54:52
47245217,2026-05-09 11:46:38
47245217,2026-05-12 19:06:34
47245217,2026-05-14 10:34:43
47245217,2026-05-21 20:51:08
47245217,2026-05-22 13:21:07
47245217,2026-05-25 21:27:22
47245217,2026-05-27 17:17:00
47245217,2026-06-01 07:00:05
47245217,2026-06-04 14:47:48
47245217,2026-06-08 19:45:26
47245217,2026-06-11 14:23:52
47245217,2026-06-14 10:35:20
47245217,2026-06-15 12:22:41
47245217,2026-06-17 19:48:01
47245217,2026-06-18 15:47:07
47245217,2026-06-22 18:05:43
47245217,2026-06-24 19:46:15
47245217,2026-06-27 17:44:12
47245217,2026-07-02 14:06:33
47245217,2026-07-06 11:20:50
47245217,2026-07-08 10:10:49
47245217,2026-07-09 16:35:53
47245217,2026-07-10 16:09:20
47245217,2026-07-13 13:00:03
47245217,2026-07-15 09:55:59
47245217,2026-07-24 20:53:32
47245217,2026-07-25 09:13:57
47245217,2026-07-29 16:42:48
47245217,2026-08-07 19:51:49
47245217,2026-08-08 15:33:25
40000902,2026-01-27 18:18:38
40000902,2026-01-28 13:55:35
40000902,2026-01-29 15:11:56
40000902,2026-01-31 12:55:30
40000902,2026-02-01 09:00:46
40000902,2026-02-02 14:05:27
40000902,2026-02-03 20:57:07
40000902,2026-02-05 16:58:43
40000902,2026-02-06 06:13:52
40000902,2026-02-07 12:39:26
40000902,2026-02-08 07:29:20
40000902,2026-02-09 11:44:38
40000902,2026-02-17 09:54:07
40000902,2026-02-18 07:29:17
40000902,2026-02-20 08:41:09
40000902,2026-02-23 20:05:59
40000902,2026-02-25 13:32:18
40000902,2026-02-28 16:19:27
40000902,2026-03-02 14:54:31
40000902,2026-03-03 14:22:22
40000902,2026-03-06 13:53:32
40000902,2026-03-07 08:37:55
40000902,2026-03-08 16:03:43
40000902,2026-03-09 10:42:38
40000902,2026-03-10 18:35:16
40000902,2026-03-18 07:02:16
40000902,2026-03-20 08:02:47
40000902,2026-03-23 21:38:47
40000902,2026-03-26 09:11:58
40000902,2026-03-27 14:17:47
40000902,2026-03-31 12:30:11
40000902,2026-04-01 11:01:23
40000902,2026-04-05 09:38:22
40000902,2026-04-07 20:33:59
40000902,2026-04-08 12:52:00
40000902,2026-04-09 15:24:00
40000902,2026-04-13 13:02:17
40000902,2026-04-20 13:26:12
40000902,2026-04-22 20:29:15
40000902,2026-04-25 16:36:10
40000902,2026-04-28 17:33:15
40000902,2026-04-29 08:12:25
40000902,2026-05-05 06:09:27
40000902,2026-05-07 19:18:48
40000902,2026-05-15 18:13:03
40000902,2026-05-17 10:56:15
40000902,2026-05-19 14:40:15
40000902,2026-05-20 21:30:38
40000902,2026-05-23 16:34:52
40000902,2026-05-28 07:01:23
40000902,2026-06-01 15:57:33
40000902,2026-06-07 08:08:30
40000902,2026-06-09 15:18:35
40000902,2026-06-14 12:51:07
40000902,2026-06-15 21:51:02
40000902,2026-06-19 07:15:29
40000902,2026-06-20 07:02:07
40000902,2026-06-22 17:41:50
40000902,2026-06-23 16:44:48
40000902,2026-06-25 20:22:41
40000902,2026-06-26 16:51:57
40000902,2026-06-27 07:34:47
40000902,2026-06-29 16:26:07
40000902,2026-07-04 06:04:20
40000902,2026-07-07 11:54:44
40000902,2026-07-08 08:16:30
40000902,2026-07-15 18:17:31
40000902,2026-07-16 17:28:53
40000902,2026-07-17 20:17:41
40000902,2026-07-19 10:45:07
40000902,2026-07-26 12:47:48
40000902,2026-07-27 10:11:55
40000902,2026-07-29 12:02:17
40000902,2026-07-30 18:28:14
40000902,2026-07-31 15:05:47
40000902,2026-08-03 06:27:10
40000902,2026-08-06 13:40:16
40000902,2026-08-10 20:37:24
40000902,2026-08-13 11:05:59
40000902,2026-08-15 21:49:40
40000902,2026-08-17 18:09:15
40000902,2026-08-22 11:55:10
40000902,2026-08-23 13:27:37
40000902,2026-08-24 15:49:15
40000902,2026-08-25 17:06:57
40000902,2026-08-27 06:56:27
40000902,2026-09-03 18:25:39
40000902,2026-09-05 12:01:44
32584391,2026-02-28 17:35:24
32584391,2026-03-01 21:53:18
32584391,2026-03-02 07:01:20
32584391,2026-03-03 17:13:37
32584391,2026-03-05 11:29:29
32584391,2026-03-06 20:40:49
32584391,2026-03-07 19:11:21
32584391,2026-03-13 08:25:22
32584391,2026-03-14 15:55:13
32584391,2026-03-14 17:31:02
32584391,2026-03-15 10:27:09
32584391,2026-03-17 12:40:27
32584391,2026-03-22 07:55:55
32584391,2026-03-23 10:49:42
32584391,2026-03-29 18:06:32
32584391,2026-04-01 20:22:31
32584391,2026-04-03 08:04:15
32584391,2026-04-04 17:59:01
32584391,2026-04-16 07:01:43
32584391,2026-04-19 17:55:10
32584391,2026-04-20 07:06:36
32584391,2026-04-22 14:58:47
32584391,2026-04-28 20:02:18
32584391,2026-05-01 21:47:21
32584391,2026-05-05 18:00:54
32584391,2026-05-08 18:17:07
32584391,2026-05-09 18:06:11
32584391,2026-05-14 09:47:09
32584391,2026-05-17 10:09:27
32584391,2026-05-19 11:47:15
32584391,2026-05-20 13:10:16
32584391,2026-05-21 11:13:30
32584391,2026-05-25 18:23:33
32584391,2026-05-27 09:31:31
32584391,2026-05-31 21:23:46
32584391,2026-06-01 20:13:37
32584391,2026-06-09 07:31:07
32584391,2026-06-14 10:48:28
32584391,2026-06-18 09:22:37
32584391,2026-06-20 11:37:49
32584391,2026-06-21 12:34:33
32584391,2026-06-23 13:24:52
32584391,2026-06-28 12:09:11
32584391,2026-06-29 12:49:51
32584391,2026-07-03 06:06:02
32584391,2026-07-06 10:08:51
32584391,2026-07-07 08:09:36
32584391,2026-07-09 06:29:48
32584391,2026-07-12 15:02:43
32584391,2026-07-14 13:13:51
32584391,2026-07-15 12:10:28
32584391,2026-07-16 20:03:59
32584391,2026-07-17 17:15:32
32584391,2026-07-19 20:26:06
32584391,2026-07-27 19:37:18
32584391,2026-07-28 17:35:49
32584391,2026-07-31 15:43:30
32584391,2026-08-02 16:32:18
32584391,2026-08-04 07:57:48
32584391,2026-08-05 09:14:44
32584391,2026-08-07 07:08:51
32584391,2026-08-10 11:12:50
32584391,2026-08-12 10:29:10
32584391,2026-08-13 18:58:53
43123939,2026-01-26 19:53:54
43123939,2026-01-27 09:05:59
43123939,2026-01-28 13:31:13
43123939,2026-01-31 18:39:10
43123939,2026-02-01 08:06:53
43123939,2026-02-06 20:58:10
43123939,2026-02-16 13:59:41
43123939,2026-02-17 09:34:45
43123939,2026-02-20 15:01:29
43123939,2026-02-22 09:52:40
43123939,2026-02-26 17:25:24
43123939,2026-02-28 16:32:09
43123939,2026-03-06 09:05:16
43123939,2026-03-17 08:01:32
43123939,2026-03-18 11:53:59
43123939,2026-03-21 15:27:42
43123939,2026-04-09 19:59:10
43123939,2026-04-19 06:31:51
43123939,2026-04-21 09:11:33
43123939,2026-04-29 08:43:45
43123939,2026-05-08 21:27:44
43123939,2026-05-21 21:58:59
43123939,2026-05-22 14:35:30
43123939,2026-05-24 13:15:51
43123939,2026-05-28 09:32:38
43123939,2026-05-30 20:31:50
43123939,2026-06-03 12:52:32
43123939,2026-06-04 09:55:19
43123939,2026-06-05 20:34:50
43123939,2026-06-15 20:19:39
43123939,2026-06-27 18:39:34
43123939,2026-06-28 10:36:58
43123939,2026-07-05 18:26:23
43123939,2026-07-06 21:05:42
43123939,2026-07-11 21:09:12
43123939,2026-07-12 06:09:41
43123939,2026-07-17 13:10:44
43123939,2026-07-18 18:51:16
43123939,2026-07-25 08:49:26
43123939,2026-07-28 09:44:21
43123939,2026-08-05 08:13:20
43123939,2026-08-11 10:35:36
43123939,2026-08-15 08:17:54
43123939,2026-08-22 14:59:09
38124201,2026-02-26 17:46:48
38124201,2026-02-27 10:46:51
38124201,2026-02-28 21:56:57
38124201,2026-03-01 15:16:31
38124201,2026-03-03 14:13:51
38124201,2026-03-06 06:33:29
38124201,2026-03-07 07:40:45
38124201,2026-03-10 13:33:45
38124201,2026-03-13 16:27:09
38124201,2026-03-15 12:36:04
38124201,2026-03-19 08:35:30
38124201,2026-03-30 19:43:26
38124201,2026-03-31 21:24:27
38124201,2026-04-01 07:44:10
38124201,2026-04-04 06:22:15
38124201,2026-04-05 11:48:00
38124201,2026-04-24 12:10:28
38124201,2026-04-29 20:33:39
38124201,2026-04-30 15:34:01
38124201,2026-05-03 16:58:05
38124201,2026-05-08 12:33:53
38124201,2026-05-10 07:06:07
38124201,2026-05-10 15:48:06
38124201,2026-05-14 09:08:18
38124201,2026-05-21 15:23:05
38124201,2026-05-26 09:13:38
38124201,2026-05-29 16:46:26
38124201,2026-05-31 10:20:13
38124201,2026-06-13 15:38:13
38124201,2026-06-25 14:37:27
38124201,2026-06-26 10:27:59
38124201,2026-06-27 14:42:55
38124201,2026-06-28 09:53:47
38124201,2026-07-06 06:21:55
38124201,2026-07-09 11:04:44
38124201,2026-07-10 09:59:04
38124201,2026-07-20 08:01:40
38124201,2026-07-27 09:26:19
38124201,2026-07-29 12:07:22
38124201,2026-07-31 07:36:27
38124201,2026-08-04 14:28:31
38124201,2026-08-07 21:28:50
42998600,2026-05-29 07:57:15
42998600,2026-05-30 06:46:53
30468435,2026-03-01 18:23:38
30468435,2026-03-02 09:28:31
30468435,2026-03-03 18:44:45
30468435,2026-03-04 16:52:49
30468435,2026-03-05 20:52:15
30468435,2026-03-06 12:34:29
30468435,2026-03-07 12:44:23
30468435,2026-03-08 08:20:54
30468435,2026-03-09 11:18:20
30468435,2026-03-09 19:39:20
30468435,2026-03-10 14:54:18
30468435,2026-03-12 10:56:58
30468435,2026-03-13 11:09:34
30468435,2026-03-16 13:12:56
30468435,2026-03-17 13:29:24
30468435,2026-03-18 17:13:30
30468435,2026-03-19 12:55:05
30468435,2026-03-21 09:40:53
30468435,2026-03-23 15:34:32
30468435,2026-03-24 08:28:24
30468435,2026-03-29 09:46:56
30468435,2026-03-30 14:40:15
30468435,2026-04-01 16:53:37
30468435,2026-04-02 07:39:07
30468435,2026-04-05 19:22:19
30468435,2026-04-06 08:56:20
30468435,2026-04-09 06:45:55
30468435,2026-04-12 12:34:18
30468435,2026-04-14 13:55:13
30468435,2026-04-15 07:18:48
30468435,2026-04-16 13:15:55
30468435,2026-04-19 16:14:17
30468435,2026-04-21 17:48:23
30468435,2026-04-25 06:01:29
30468435,2026-04-27 18:56:01
30468435,2026-04-28 08:34:56
30468435,2026-04-29 10:54:22
30468435,2026-05-01 17:57:44
30468435,2026-05-05 19:32:57
30468435,2026-05-06 19:49:23
30468435,2026-05-07 18:43:16
30468435,2026-05-09 18:20:47
30468435,2026-05-09 21:25:32
30468435,2026-05-11 13:38:30
30468435,2026-05-12 10:47:37
30468435,2026-05-13 16:49:48
30468435,2026-05-14 12:57:54
30468435,2026-05-15 13:34:10
30468435,2026-05-17 16:26:00
30468435,2026-05-18 07:14:47
30468435,2026-05-19 14:41:20
30468435,2026-05-20 09:58:47
30468435,2026-05-21 07:01:01
30468435,2026-05-26 08:31:32
30468435,2026-05-27 14:58:07
30468435,2026-05-29 18:35:46
30468435,2026-05-30 10:41:22
30468435,2026-05-31 10:15:07
30468435,2026-06-01 09:09:43
30468435,2026-06-04 15:34:06
30468435,2026-06-05 09:19:23
30468435,2026-06-06 18:41:05
30468435,2026-06-07 12:33:44
45084852,2026-04-21 07:07:19
45084852,2026-04-23 09:27:37
45084852,2026-04-27 10:14:32
45084852,2026-05-02 06:48:40
45084852,2026-05-03 07:30:04
45084852,2026-05-05 20:26:00
45084852,2026-05-07 11:34:20
45084852,2026-05-08 14:00:35
45084852,2026-05-10 20:17:19
45084852,2026-05-19 09:13:05
45084852,2026-05-20 06:47:58
45084852,2026-05-22 13:01:50
45084852,2026-05-23 18:02:02
45084852,2026-05-25 19:39:15
45084852,2026-05-28 17:19:38
45084852,2026-06-02 19:38:23
45084852,2026-06-03 21:55:43
45084852,2026-06-05 06:00:16
45084852,2026-06-06 09:03:42
45084852,2026-06-08 15:28:14
45084852,2026-06-11 07:14:02
45084852,2026-06-12 15:56:06
45084852,2026-06-17 15:30:08
45177812,2026-03-23 08:43:48
45177812,2026-03-24 07:27:41
45177812,2026-03-30 19:51:35
45177812,2026-03-31 12:04:47
45177812,2026-04-02 11:27:36
45177812,2026-04-03 20:30:22
45177812,2026-04-10 17:13:59
45177812,2026-04-17 07:13:31
45177812,2026-04-19 10:34:15
46154567,2026-01-21 07:52:48
46154567,2026-01-22 07:13:32
46154567,2026-01-23 14:56:19
46154567,2026-01-24 18:16:20
46154567,2026-01-25 12:40:59
46154567,2026-01-26 21:15:18
46154567,2026-01-27 17:27:54
46154567,2026-01-28 21:40:33
46154567,2026-01-29 07:26:00
46154567,2026-01-30 06:52:46
46154567,2026-01-31 21:28:41
46154567,2026-02-01 15:26:48
46154567,2026-02-02 11:04:20
46154567,2026-02-03 14:35:46
46154567,2026-02-04 09:45:55
46154567,2026-02-05 07:45:43
46154567,2026-02-06 16:26:34
46154567,2026-02-07 17:00:21
46154567,2026-02-08 10:54:48
46154567,2026-02-09 18:37:10
46154567,2026-02-11 20:36:02
46154567,2026-02-12 18:58:15
46154567,2026-02-13 15:48:24
46154567,2026-02-15 16:41:30
46154567,2026-02-17 17:56:44
46154567,2026-02-18 16:31:21
46154567,2026-02-19 21:02:51
46154567,2026-02-22 16:58:31
46154567,2026-02-23 11:10:11
46154567,2026-02-25 08:56:36
46154567,2026-02-26 09:35:59
46154567,2026-02-27 16:08:38
46154567,2026-02-28 17:56:07
46154567,2026-03-01 06:43:58
46154567,2026-03-03 21:59:16
46154567,2026-03-07 12:24:18
46154567,2026-03-08 19:52:31
46154567,2026-03-11 10:33:17
46154567,2026-03-14 16:19:12
46154567,2026-03-17 13:45:28
46154567,2026-03-19 20:31:13
46154567,2026-03-20 06:43:20
46154567,2026-03-22 15:38:01
46154567,2026-03-23 14:03:18
46154567,2026-03-25 11:30:31
46154567,2026-03-26 20:35:24
46154567,2026-03-27 08:14:17
46154567,2026-03-31 17:19:52
46154567,2026-04-01 20:25:09
46154567,2026-04-03 08:17:17
46154567,2026-04-05 16:37:54
46154567,2026-04-06 21:12:54
46154567,2026-04-07 06:05:51
46154567,2026-04-12 12:32:51
46154567,2026-04-14 12:00:14
46154567,2026-04-16 12:17:05
46154567,2026-04-17 08:39:40
46154567,2026-04-18 10:12:55
46154567,2026-04-19 11:50:13
46154567,2026-04-21 17:49:39
46154567,2026-04-22 09:56:39
46154567,2026-04-23 17:13:40
46154567,2026-04-24 14:59:45
46154567,2026-04-25 06:24:03
46154567,2026-04-26 16:01:36
46154567,2026-04-27 13:49:33
46154567,2026-04-28 20:59:40
46154567,2026-05-04 14:55:56
46154567,2026-05-05 09:14:32
46154567,2026-05-07 07:01:38
46154567,2026-05-08 14:27:13
46154567,2026-05-11 20:52:45
46154567,2026-05-12 14:38:59
46154567,2026-05-13 17:48:30
46154567,2026-05-14 12:09:01
46154567,2026-05-15 09:36:48
46154567,2026-05-17 19:02:18
46154567,2026-05-18 14:45:40
46154567,2026-05-20 16:17:32
46154567,2026-05-23 13:29:36
46154567,2026-05-25 14:35:26
46154567,2026-05-26 08:23:06
46154567,2026-05-27 11:38:05
46154567,2026-05-28 20:51:35
46154567,2026-05-31 18:45:11
46154567,2026-06-01 07:47:04
46154567,2026-06-03 21:42:30
46154567,2026-06-06 21:25:45
46154567,2026-06-08 10:26:18
46154567,2026-06-10 11:03:10
46154567,2026-06-14 08:39:37
46154567,2026-06-15 08:59:54
46154567,2026-06-16 20:01:54
46154567,2026-06-17 13:33:27
46154567,2026-06-20 16:07:51
46154567,2026-06-21 15:06:55
46154567,2026-06-24 10:06:17
46154567,2026-06-25 20:48:54
46154567,2026-06-26 09:15:55
46154567,2026-06-29 14:58:35
46154567,2026-06-30 19:27:45
46154567,2026-07-01 17:26:41
46154567,2026-07-02 06:45:14
46154567,2026-07-04 09:36:56
46154567,2026-07-05 08:35:32
46154567,2026-07-07 21:29:38
46154567,2026-07-09 16:37:04
46154567,2026-07-11 18:49:30
46154567,2026-07-12 11:00:09
46154567,2026-07-14 16:10:16
46154567,2026-07-16 08:19:27
46154567,2026-07-17 06:11:05
46154567,2026-07-19 12:21:10
46154567,2026-07-21 08:38:53
46154567,2026-07-22 09:24:46
46154567,2026-07-24 16:04:55
46154567,2026-07-28 09:28:24
46154567,2026-07-29 06:39:30
46154567,2026-07-30 19:55:10
46154567,2026-07-31 07:09:53
46154567,2026-08-03 19:41:21
46154567,2026-08-05 15:44:23
46154567,2026-08-07 06:51:01
46154567,2026-08-08 11:25:25
46154567,2026-08-12 17:54:30
46154567,2026-08-14 14:04:36
46154567,2026-08-15 14:17:11
46154567,2026-08-16 11:33:38
46154567,2026-08-20 06:03:38
46154567,2026-08-22 09:32:32
46154567,2026-08-23 17:41:59
46154567,2026-08-24 18:54:33
46154567,2026-08-25 11:20:45
46154567,2026-08-26 10:22:15
46154567,2026-08-27 21:21:20
46154567,2026-08-28 15:28:10
46154567,2026-08-31 15:30:42
46154567,2026-09-01 13:20:03
46154567,2026-09-03 21:24:03
43041805,2026-04-04 10:43:43
43041805,2026-04-08 10:44:16
43041805,2026-04-11 08:47:08
43041805,2026-04-16 10:21:15
43041805,2026-04-18 11:52:53
43041805,2026-04-20 16:10:26
43041805,2026-04-23 10:48:38
43041805,2026-04-24 12:22:55
43041805,2026-04-27 16:40:05
43041805,2026-04-28 13:04:55
43041805,2026-04-29 06:31:36
43041805,2026-04-30 07:41:34
43041805,2026-05-01 18:00:52
43041805,2026-05-06 09:41:26
43041805,2026-05-07 11:20:19
43041805,2026-05-13 15:18:39
43041805,2026-05-14 21:55:21
43041805,2026-05-15 07:33:01
43041805,2026-05-16 08:54:04
43041805,2026-05-19 16:35:20
43041805,2026-05-24 09:04:23
43041805,2026-05-25 17:46:47
43041805,2026-05-26 18:19:48
43041805,2026-05-27 19:12:05
43041805,2026-05-29 13:28:26
43041805,2026-06-01 19:12:07
43041805,2026-06-03 11:13:39
43041805,2026-06-05 19:17:29
43041805,2026-06-06 06:43:06
43041805,2026-06-07 06:13:28
43041805,2026-06-15 08:25:27
43041805,2026-06-18 16:14:26
43041805,2026-06-19 19:32:09
43041805,2026-06-21 16:27:00
43041805,2026-06-22 16:17:48
43041805,2026-06-26 09:05:44
43041805,2026-06-27 07:32:24
43041805,2026-07-01 12:42:29
43041805,2026-07-07 07:19:21
43041805,2026-07-08 11:14:19
43041805,2026-07-12 17:18:23
43041805,2026-07-14 14:49:33
43041805,2026-07-20 12:15:46
43041805,2026-07-24 11:17:36
43041805,2026-07-27 13:36:08
43041805,2026-07-29 07:14:08
43041805,2026-08-01 16:35:33
48317455,2026-01-21 13:15:01
48317455,2026-01-22 13:24:09
48317455,2026-01-23 20:19:06
48317455,2026-01-25 13:12:14
48317455,2026-01-29 06:56:56
48317455,2026-02-06 09:12:19
48317455,2026-02-08 21:50:41
48317455,2026-02-09 07:38:34
48317455,2026-02-15 18:38:10
48317455,2026-02-17 11:04:40
48317455,2026-02-18 16:36:10
48317455,2026-02-20 12:33:37
48317455,2026-02-22 14:00:09
48317455,2026-02-24 19:28:02
48317455,2026-02-27 11:23:53
48317455,2026-02-28 08:55:53
48317455,2026-03-01 17:06:08
48317455,2026-03-02 17:27:41
48317455,2026-03-03 18:34:37
48317455,2026-03-04 06:57:30
48317455,2026-03-07 17:45:16
48317455,2026-03-09 09:58:08
48317455,2026-03-11 09:02:12
48317455,2026-03-18 11:40:00
48317455,2026-03-20 20:15:06
48317455,2026-03-21 13:31:11
48317455,2026-03-22 10:37:33
48317455,2026-03-29 09:40:34
48317455,2026-03-30 20:43:48
48317455,2026-04-03 12:46:27
48317455,2026-04-07 06:23:57
48317455,2026-04-09 11:11:30
48317455,2026-04-11 12:22:49
48317455,2026-04-15 18:50:40
48317455,2026-04-18 06:00:46
48317455,2026-04-22 16:26:04
48317455,2026-05-06 19:47:23
48317455,2026-05-07 07:28:54
48317455,2026-05-08 11:29:24
48317455,2026-05-09 14:38:30
48317455,2026-05-10 07:24:54
48317455,2026-05-13 20:34:52
48317455,2026-05-17 17:29:44
48317455,2026-05-18 21:59:08
48317455,2026-05-20 16:05:13
48317455,2026-05-23 15:29:08
48317455,2026-05-24 13:40:28
48317455,2026-05-27 21:45:12
48317455,2026-05-29 21:41:42
48317455,2026-06-03 15:47:42
48317455,2026-06-04 12:04:20
48317455,2026-06-06 12:47:07
48317455,2026-06-07 06:52:46
48317455,2026-06-08 13:03:30
48317455,2026-06-17 13:50:08
48317455,2026-06-18 17:58:10
48317455,2026-06-19 06:27:42
48317455,2026-06-24 08:53:34
48317455,2026-06-25 15:56:16
48317455,2026-06-26 08:54:28
48317455,2026-06-27 19:59:54
48317455,2026-06-29 09:35:55
48317455,2026-07-01 11:16:18
48317455,2026-07-02 06:21:50
48317455,2026-07-05 14:11:19
48317455,2026-07-06 14:44:06
48317455,2026-07-08 18:03:10
48317455,2026-07-11 06:28:34
48317455,2026-07-17 14:54:43
48317455,2026-07-18 07:59:24
48317455,2026-07-19 15:53:48
48317455,2026-07-21 08:52:04
48317455,2026-07-22 14:41:18
48317455,2026-07-25 21:26:07
48317455,2026-07-26 08:03:49
48317455,2026-07-28 11:14:04
48317455,2026-07-29 20:17:04
48317455,2026-08-02 15:15:55
48317455,2026-08-05 21:38:40
48317455,2026-08-13 11:19:24
31832850,2026-02-22 11:35:35
31832850,2026-02-23 21:11:42
31832850,2026-02-24 13:19:19
31832850,2026-02-26 21:54:33
31832850,2026-02-27 21:18:41
31832850,2026-02-28 10:34:46
31832850,2026-03-01 10:20:47
31832850,2026-03-02 13:17:11
31832850,2026-03-04 13:12:04
31832850,2026-03-05 14:20:25
31832850,2026-03-07 10:54:57
31832850,2026-03-09 07:40:49
31832850,2026-03-10 11:42:58
31832850,2026-03-12 16:25:22
31832850,2026-03-12 10:49:48
31832850,2026-03-13 21:44:34
31832850,2026-03-16 14:00:44
31832850,2026-03-21 11:59:36
31832850,2026-03-25 17:25:42
31832850,2026-03-28 06:01:08
31832850,2026-03-30 13:15:19
31832850,2026-03-31 06:42:36
31832850,2026-04-04 08:17:20
31832850,2026-04-08 10:30:11
31832850,2026-04-09 18:58:10
31832850,2026-04-10 10:02:16
31832850,2026-04-12 06:30:37
31832850,2026-04-16 17:32:31
31832850,2026-04-21 13:54:45
31832850,2026-04-22 16:06:38
31832850,2026-04-23 17:13:54
31832850,2026-04-27 07:03:22
31832850,2026-04-28 06:35:46
31832850,2026-05-02 14:10:14
31832850,2026-05-07 13:17:19
31832850,2026-05-17 09:43:41
31832850,2026-05-18 17:43:08
31832850,2026-05-22 21:47:57
31832850,2026-05-25 13:23:46
31832850,2026-05-27 14:42:22
31832850,2026-05-31 16:00:10
31832850,2026-06-02 16:56:12
31832850,2026-06-05 16:12:15
31832850,2026-06-06 12:32:39
31832850,2026-06-10 13:28:02
31832850,2026-06-12 21:42:28
31832850,2026-06-15 16:24:28
31832850,2026-06-19 15:22:36
31832850,2026-06-23 16:59:38
31832850,2026-06-25 16:02:31
31832850,2026-06-27 17:36:18
31832850,2026-07-03 07:55:34
31832850,2026-07-04 18:08:55
31832850,2026-07-06 07:30:11
31832850,2026-07-07 06:05:14
31832850,2026-07-08 06:51:16
31832850,2026-07-09 20:50:20
31832850,2026-07-10 11:20:57
31832850,2026-07-11 12:02:26
31832850,2026-07-19 19:53:35
31832850,2026-07-23 14:15:12
31832850,2026-07-26 21:12:53
31832850,2026-07-28 18:46:57
31832850,2026-07-29 17:31:45
31832850,2026-07-30 11:27:08
31832850,2026-07-31 10:25:04
31832850,2026-08-01 09:37:51
31832850,2026-08-02 13:48:45
31832850,2026-08-03 15:37:41
31832850,2026-08-04 15:38:24
31832850,2026-08-12 08:25:02
33259339,2026-06-12 14:07:18
33259339,2026-06-14 10:35:06
33259339,2026-06-18 15:51:33
33259339,2026-06-20 15:30:27
33259339,2026-06-27 10:09:18
33259339,2026-06-29 21:47:37
33259339,2026-07-04 11:48:30
33259339,2026-07-07 11:01:45
33259339,2026-07-09 20:45:11
33259339,2026-07-18 16:58:59
33259339,2026-07-24 19:17:15
33259339,2026-07-29 09:14:32
33259339,2026-08-03 12:27:56
33259339,2026-08-06 08:37:55
33259339,2026-08-12 16:53:17
33259339,2026-08-14 21:53:45
33259339,2026-08-18 06:41:51
33259339,2026-08-19 07:31:36
33302479,2025-11-09 19:27:58
33302479,2025-11-11 19:51:00
33302479,2025-11-12 06:29:10
33302479,2025-11-13 10:01:01
33302479,2025-11-15 10:33:46
33302479,2025-11-17 14:04:58
33302479,2025-11-19 13:59:11
33302479,2025-11-20 20:00:03
33302479,2025-12-01 20:11:20
33302479,2025-12-08 15:37:49
33302479,2025-12-11 10:16:16
33302479,2025-12-12 19:09:46
33302479,2025-12-13 11:21:12
33302479,2025-12-17 08:49:19
33302479,2025-12-18 09:02:30
33302479,2025-12-19 15:34:59
33302479,2025-12-20 11:27:25
33302479,2025-12-22 08:33:48
33302479,2025-12-24 15:58:00
33302479,2025-12-26 12:15:57
33302479,2025-12-29 17:03:10
33302479,2026-01-03 07:52:28
33302479,2026-01-05 15:27:12
33302479,2026-01-09 07:10:15
33302479,2026-01-10 19:26:07
33302479,2026-01-17 08:06:06
33302479,2026-01-24 10:22:52
33302479,2026-01-25 15:57:37
33302479,2026-01-27 16:04:42
33302479,2026-01-29 12:40:23
33302479,2026-02-02 15:26:25
33302479,2026-02-06 18:26:35
33302479,2026-02-10 14:00:42
33302479,2026-02-12 10:00:32
33302479,2026-02-13 19:22:52
33302479,2026-02-16 18:36:40
33302479,2026-02-19 09:33:34
33302479,2026-02-22 06:43:34
33302479,2026-02-28 20:21:11
33302479,2026-03-05 21:08:57
33302479,2026-03-06 20:08:08
33302479,2026-03-09 16:30:00
33302479,2026-03-12 13:49:39
33302479,2026-03-15 07:12:34
33302479,2026-03-16 18:00:07
33302479,2026-03-21 11:09:15
33302479,2026-03-23 12:32:02
33302479,2026-03-24 11:20:13
33302479,2026-03-27 20:51:43
33302479,2026-04-03 14:39:24
33302479,2026-04-05 17:03:32
33302479,2026-04-06 12:06:56
33302479,2026-04-08 21:32:10
33302479,2026-04-14 13:04:44
33302479,2026-04-17 14:32:53
33302479,2026-04-18 17:50:50
33302479,2026-04-24 09:16:35
33302479,2026-04-30 10:14:20
33302479,2026-05-01 21:59:00
33302479,2026-05-04 06:59:13
33302479,2026-05-07 13:59:58
33302479,2026-05-08 17:43:07
33302479,2026-05-08 17:47:01
33302479,2026-05-10 07:18:55
33302479,2026-05-11 15:52:34
33302479,2026-05-13 17:48:53
33302479,2026-05-16 06:46:51
33302479,2026-05-20 12:05:56
33302479,2026-05-22 08:52:54
33302479,2026-05-25 16:50:33
33302479,2026-05-26 18:14:23
33302479,2026-05-29 17:30:01
33302479,2026-05-30 21:34:27
33302479,2026-06-06 08:09:57
33302479,2026-06-07 14:38:00
33302479,2026-06-09 07:07:08
33302479,2026-06-11 14:47:09
33302479,2026-06-12 19:51:14
33302479,2026-06-13 17:44:59
33302479,2026-06-14 07:16:22
33302479,2026-06-19 15:50:43
33302479,2026-06-21 15:56:03
33302479,2026-06-22 13:08:19
33302479,2026-06-24 10:23:04
33302479,2026-06-28 21:14:06
33302479,2026-07-01 06:07:12
33302479,2026-07-02 07:30:13
33302479,2026-07-06 10:51:53
33302479,2026-07-07 14:31:59
33302479,2026-07-14 15:33:55
33302479,2026-07-15 06:56:49
33302479,2026-07-20 20:02:42
33302479,2026-07-25 12:45:16
33302479,2026-07-28 18:23:03
33302479,2026-07-30 16:57:07
33302479,2026-07-31 09:05:13
33302479,2026-08-02 15:19:07
33302479,2026-08-06 13:40:28
33302479,2026-08-07 17:57:55
41747096,2026-01-30 15:55:16
41747096,2026-01-31 10:41:07
41747096,2026-02-03 15:37:53
41747096,2026-02-04 06:24:54
41747096,2026-02-05 11:25:46
41747096,2026-02-13 19:33:32
41747096,2026-02-15 13:02:56
41747096,2026-02-18 19:36:46
41747096,2026-02-23 21:11:47
41747096,2026-03-15 07:53:54
41747096,2026-03-16 08:09:24
41747096,2026-03-17 12:32:26
41747096,2026-03-20 10:44:16
41747096,2026-03-21 21:46:54
41747096,2026-03-27 14:22:13
41747096,2026-03-30 12:36:57
41747096,2026-04-10 13:56:38
41747096,2026-04-21 14:06:38
41747096,2026-04-26 17:01:33
41747096,2026-04-28 19:02:30
41747096,2026-05-01 14:22:27
41747096,2026-05-04 12:58:30
41747096,2026-05-08 08:53:38
41747096,2026-05-08 09:14:15
41747096,2026-05-11 06:12:19
41747096,2026-05-12 16:04:44
41747096,2026-05-13 16:35:43
41747096,2026-05-24 11:49:56
41747096,2026-05-30 14:50:13
41747096,2026-06-08 19:36:50
41747096,2026-06-13 07:04:36
41747096,2026-06-19 20:10:48
41747096,2026-06-23 20:57:44
41747096,2026-06-29 14:12:32
41747096,2026-07-05 09:28:34
41747096,2026-07-08 09:43:42
41747096,2026-07-22 21:05:31
41747096,2026-07-24 20:37:22
41747096,2026-07-26 09:18:11
41747096,2026-08-01 06:58:07
41747096,2026-08-03 09:05:10
35453371,2026-01-27 18:46:00
35453371,2026-01-28 06:21:45
35453371,2026-01-31 09:26:30
35453371,2026-02-01 21:30:56
35453371,2026-02-04 08:24:06
35453371,2026-02-09 12:19:50
35453371,2026-02-11 14:59:58
35453371,2026-02-13 21:27:06
35453371,2026-02-14 07:51:28
35453371,2026-02-16 08:47:42
35453371,2026-02-19 15:38:23
35453371,2026-02-20 08:29:21
35453371,2026-02-21 11:49:22
35453371,2026-02-22 08:48:17
35453371,2026-02-23 14:20:16
35453371,2026-02-24 15:35:09
35453371,2026-03-03 14:47:08
35453371,2026-03-11 15:54:00
35453371,2026-03-15 10:57:03
35453371,2026-03-16 10:53:04
35453371,2026-03-20 18:12:35
35453371,2026-03-20 21:20:30
35453371,2026-03-21 07:54:46
35453371,2026-03-24 13:20:21
35453371,2026-03-26 14:38:48
35453371,2026-03-29 09:28:02
35453371,2026-03-31 17:38:17
35453371,2026-04-01 11:21:28
35453371,2026-04-09 09:47:59
35453371,2026-04-10 21:20:17
35453371,2026-04-11 15:23:38
35453371,2026-04-12 09:21:59
35453371,2026-04-13 18:25:09
35453371,2026-04-14 19:59:11
35453371,2026-04-18 10:50:59
35453371,2026-04-22 10:01:18
35453371,2026-04-23 12:48:39
35453371,2026-04-24 13:06:31
35453371,2026-04-29 12:36:06
35453371,2026-05-02 17:36:35
35453371,2026-05-03 20:59:21
35453371,2026-05-04 13:56:30
35453371,2026-05-05 08:07:04
35453371,2026-05-08 08:05:07
35453371,2026-05-14 18:31:48
35453371,2026-05-15 18:35:59
35453371,2026-05-16 10:51:51
35453371,2026-05-19 06:43:24
35453371,2026-05-20 14:54:09
35453371,2026-05-20 07:26:27
35453371,2026-05-27 07:40:54
35453371,2026-05-28 11:16:16
35453371,2026-05-29 08:57:10
35453371,2026-06-03 12:42:29
35453371,2026-06-08 09:54:00
35453371,2026-06-11 18:45:32
35453371,2026-06-12 18:14:31
35453371,2026-06-15 13:35:13
35453371,2026-06-17 17:15:19
35453371,2026-06-20 11:50:03
35453371,2026-06-21 13:08:24
35453371,2026-07-04 11:37:53
35453371,2026-07-06 06:34:49
35453371,2026-07-08 17:26:14
35453371,2026-07-11 12:06:16
35453371,2026-07-12 08:08:50
35453371,2026-07-13 06:07:54
35453371,2026-07-17 06:23:12
35453371,2026-07-18 11:08:10
35453371,2026-07-20 11:58:54
35453371,2026-07-22 21:02:24
35453371,2026-07-24 12:08:57
35453371,2026-07-26 07:11:55
35453371,2026-07-27 11:40:58
35453371,2026-07-28 14:27:48
35453371,2026-07-31 17:45:03
35453371,2026-08-03 09:31:21
35453371,2026-08-11 11:08:37
35453371,2026-08-15 09:00:31
35453371,2026-08-18 11:59:33
41350266,2026-02-21 13:54:10
41350266,2026-02-22 13:45:06
41350266,2026-02-23 18:35:48
41350266,2026-02-24 21:58:18
41350266,2026-02-25 21:49:33
41350266,2026-02-26 13:55:25
41350266,2026-02-27 07:15:25
41350266,2026-02-28 20:15:43
41350266,2026-03-01 09:05:35
41350266,2026-03-02 09:53:30
41350266,2026-03-03 07:53:22
41350266,2026-03-04 11:43:03
41350266,2026-03-05 21:35:23
41350266,2026-03-06 14:09:40
41350266,2026-03-11 08:31:45
41350266,2026-03-12 11:46:55
41350266,2026-03-13 14:17:49
41350266,2026-03-15 15:54:16
41350266,2026-03-16 21:07:28
41350266,2026-03-17 07:25:54
41350266,2026-03-19 21:29:09
41350266,2026-03-21 12:24:32
41350266,2026-03-24 21:38:12
41350266,2026-03-27 19:18:23
41350266,2026-03-28 21:31:05
41350266,2026-03-30 08:36:31
41350266,2026-03-31 21:02:49
41350266,2026-04-01 16:22:41
41350266,2026-04-04 06:29:30
41350266,2026-04-05 10:15:10
41350266,2026-04-06 07:57:10
41350266,2026-04-09 07:44:20
41350266,2026-04-13 10:49:22
41350266,2026-04-18 16:36:36
41350266,2026-04-21 21:59:25
41350266,2026-04-22 10:15:30
41350266,2026-04-23 08:58:50
41350266,2026-04-24 13:03:29
41350266,2026-04-25 08:24:31
41350266,2026-04-26 14:36:50
41350266,2026-04-26 06:34:19
41350266,2026-04-29 17:24:30
41350266,2026-04-30 14:27:00
41350266,2026-05-02 10:00:38
41350266,2026-05-04 11:33:42
41350266,2026-05-05 17:10:40
41350266,2026-05-06 18:17:13
41350266,2026-05-07 17:40:45
41350266,2026-05-08 09:17:05
41350266,2026-05-09 07:37:54
41350266,2026-05-10 09:58:45
41350266,2026-05-12 09:17:00
41350266,2026-05-13 17:04:00
41350266,2026-05-14 11:36:12
41350266,2026-05-15 17:18:01
41350266,2026-05-17 20:03:24
41350266,2026-05-20 06:13:10
41350266,2026-05-21 07:02:36
41350266,2026-05-22 16:39:26
41350266,2026-05-24 11:16:11
41350266,2026-05-25 16:00:45
41350266,2026-05-26 19:37:58
41350266,2026-05-27 18:45:57
41350266,2026-05-30 10:52:00
41350266,2026-05-31 06:59:58
41350266,2026-06-01 11:42:59
41350266,2026-06-02 16:00:46
41350266,2026-06-04 10:40:55
41350266,2026-06-05 14:58:53
41350266,2026-06-07 13:22:36
41350266,2026-06-08 13:51:24
41350266,2026-06-09 09:47:04
41350266,2026-06-12 11:35:22
41350266,2026-06-13 20:19:46
41350266,2026-06-14 17:20:30
41350266,2026-06-15 14:00:53
41350266,2026-06-16 17:25:17
41350266,2026-06-17 14:42:41
41350266,2026-06-19 15:13:32
41350266,2026-06-20 21:29:27
41350266,2026-06-23 16:18:41
41350266,2026-06-25 14:51:29
41350266,2026-06-26 18:03:51
45671152,2026-03-03 19:51:29
45671152,2026-03-04 19:37:43
45671152,2026-03-05 20:20:18
45671152,2026-03-06 11:26:46
45671152,2026-03-06 13:15:16
45671152,2026-03-08 06:01:18
45671152,2026-03-11 19:40:41
45671152,2026-03-18 19:19:59
45671152,2026-03-24 14:59:18
45671152,2026-03-28 14:49:52
45671152,2026-04-01 15:49:51
45671152,2026-04-06 06:37:39
45671152,2026-04-06 16:11:31
45671152,2026-04-10 12:32:24
45671152,2026-04-15 12:14:37
45671152,2026-04-16 11:22:06
45671152,2026-04-22 10:15:23
45671152,2026-05-02 21:36:18
45671152,2026-05-03 10:30:47
45671152,2026-05-07 12:20:50
45671152,2026-05-11 19:07:34
45671152,2026-05-14 07:53:50
45671152,2026-05-18 11:13:03
45671152,2026-05-23 20:27:21
45671152,2026-05-31 18:52:22
45671152,2026-06-07 18:34:05
45671152,2026-06-13 09:39:43
45671152,2026-06-18 08:50:02
45671152,2026-06-27 17:51:05
45671152,2026-07-11 20:02:17
45671152,2026-07-13 10:27:22
45671152,2026-07-23 18:12:55
45671152,2026-07-25 09:49:57
45671152,2026-07-26 10:37:27
45671152,2026-08-06 07:50:12
45671152,2026-08-13 18:16:35
45671152,2026-08-19 11:58:26
45671152,2026-08-25 14:45:13
45671152,2026-08-28 19:40:50
45671152,2026-09-05 14:06:59
40497011,2026-01-27 21:21:30
40497011,2026-01-28 20:35:12
40497011,2026-01-30 19:08:43
40497011,2026-01-31 11:43:14
40497011,2026-02-01 07:44:39
40497011,2026-02-02 10:43:02
40497011,2026-02-04 20:44:38
40497011,2026-02-05 06:02:36
40497011,2026-02-06 08:13:42
40497011,2026-02-07 12:44:58
40497011,2026-02-10 09:02:45
40497011,2026-02-11 21:27:51
40497011,2026-02-12 10:56:03
40497011,2026-02-13 18:31:08
40497011,2026-02-14 12:52:44
40497011,2026-02-17 10:00:49
40497011,2026-02-19 13:59:33
40497011,2026-02-21 18:51:18
40497011,2026-02-22 17:54:57
40497011,2026-02-23 15:14:36
40497011,2026-02-28 06:00:10
40497011,2026-03-03 06:13:20
40497011,2026-03-09 13:44:10
40497011,2026-03-10 10:47:21
40497011,2026-03-14 12:35:14
40497011,2026-03-21 11:52:21
40497011,2026-03-23 14:11:20
40497011,2026-03-24 19:22:14
40497011,2026-03-26 11:57:32
40497011,2026-04-02 15:25:12
40497011,2026-04-04 13:55:35
40497011,2026-04-06 21:02:06
40497011,2026-04-07 13:44:45
40497011,2026-04-08 16:58:26
40497011,2026-04-11 07:39:07
40497011,2026-04-20 07:36:54
40497011,2026-04-24 13:50:09
40497011,2026-04-25 19:03:37
40497011,2026-04-26 20:43:08
40497011,2026-04-29 21:21:41
40497011,2026-04-30 12:58:26
40497011,2026-05-04 18:25:28
40497011,2026-05-10 08:03:09
40497011,2026-05-12 20:10:45
40497011,2026-05-13 19:25:45
40497011,2026-05-18 06:03:34
40497011,2026-05-19 09:19:13
40497011,2026-05-27 13:28:18
40497011,2026-05-28 17:14:27
40497011,2026-06-01 12:42:42
40497011,2026-06-04 17:58:33
40497011,2026-06-11 11:12:28
39442872,2025-10-10 10:19:55
39442872,2025-10-11 12:56:11
39442872,2025-10-15 17:29:22
39442872,2025-10-16 09:50:34
39442872,2025-10-23 15:59:26
39442872,2025-11-01 12:11:38
39442872,2025-11-04 16:38:50
39442872,2025-11-07 15:05:20
39442872,2025-11-08 08:17:52
39442872,2025-11-09 08:06:24
39442872,2025-11-19 16:05:35
39442872,2025-11-22 11:42:50
39442872,2025-11-26 16:14:20
39442872,2025-11-27 14:03:18
39442872,2025-12-02 14:45:07
39442872,2025-12-12 20:30:15
39442872,2025-12-15 08:50:17
39442872,2025-12-23 21:09:19
39442872,2025-12-25 14:46:26
39442872,2025-12-26 11:58:04
39442872,2025-12-28 13:29:53
39442872,2025-12-30 07:42:58
39442872,2026-01-01 09:59:53
39442872,2026-01-07 11:18:44
39442872,2026-01-21 13:14:19
39442872,2026-01-24 09:43:16
39442872,2026-01-28 16:36:44
39442872,2026-02-06 20:35:32
39442872,2026-02-10 10:30:59
39442872,2026-02-15 14:39:08
39442872,2026-02-16 17:59:30
39442872,2026-02-22 20:03:01
39442872,2026-02-25 21:09:48
39442872,2026-02-26 06:03:55
39442872,2026-03-07 14:16:55
39442872,2026-03-10 18:40:40
39442872,2026-03-21 17:31:20
39442872,2026-03-24 16:27:00
39442872,2026-03-26 10:16:58
39442872,2026-04-03 10:15:31
39442872,2026-04-06 20:27:07
39442872,2026-04-11 09:03:30
39442872,2026-04-13 21:43:36
39442872,2026-04-18 19:03:11
39442872,2026-04-20 12:58:38
39442872,2026-04-27 20:40:04
39442872,2026-05-04 15:03:01
39442872,2026-05-05 19:56:52
39442872,2026-05-08 13:19:59
39442872,2026-05-09 13:27:37
39442872,2026-05-13 06:35:15
39442872,2026-05-14 13:49:50
39442872,2026-05-24 07:10:52
39442872,2026-05-26 18:42:29
39442872,2026-05-27 14:37:46
43146340,2026-01-22 18:40:04
43146340,2026-01-24 08:24:26
43146340,2026-01-25 16:06:49
43146340,2026-01-27 21:29:37
43146340,2026-01-28 12:14:40
43146340,2026-01-30 11:10:38
43146340,2026-01-31 18:13:56
43146340,2026-02-02 21:09:31
43146340,2026-02-03 21:41:14
43146340,2026-02-04 13:20:50
43146340,2026-02-05 18:19:40
43146340,2026-02-08 17:52:19
43146340,2026-02-09 09:23:33
43146340,2026-02-10 16:07:49
43146340,2026-02-12 06:28:30
43146340,2026-02-13 20:42:15
43146340,2026-02-16 08:50:48
43146340,2026-02-18 21:27:34
43146340,2026-02-21 06:11:50
43146340,2026-02-22 13:31:28
43146340,2026-02-28 15:57:25
43146340,2026-03-01 08:22:34
43146340,2026-03-05 09:39:38
43146340,2026-03-09 21:26:09
43146340,2026-03-11 11:28:03
43146340,2026-03-13 13:16:06
43146340,2026-03-19 14:46:16
43146340,2026-03-20 10:21:56
43146340,2026-03-22 14:32:56
43146340,2026-03-23 20:47:58
43146340,2026-03-29 11:42:07
43146340,2026-04-01 10:52:51
43146340,2026-04-05 14:36:26
43146340,2026-04-07 19:04:51
43146340,2026-04-10 11:41:15
43146340,2026-04-15 13:22:10
43146340,2026-04-18 09:49:24
43146340,2026-04-19 12:54:52
43146340,2026-04-23 11:59:09
43146340,2026-04-25 13:44:43
43146340,2026-04-28 14:23:44
43146340,2026-04-29 14:27:34
43146340,2026-05-01 16:14:04
43146340,2026-05-02 18:47:08
43146340,2026-05-03 11:41:08
43146340,2026-05-06 09:28:31
43146340,2026-05-07 21:35:06
43146340,2026-05-10 20:59:29
43146340,2026-05-13 19:55:39
43146340,2026-05-22 09:12:51
43146340,2026-05-23 12:51:47
43146340,2026-05-24 16:52:50
43146340,2026-05-26 09:09:51
43146340,2026-05-28 16:34:19
43146340,2026-06-05 12:18:15
43146340,2026-06-07 14:48:39
43146340,2026-06-08 19:42:27
43146340,2026-06-12 08:36:40
43146340,2026-06-14 16:24:34
43146340,2026-06-20 14:21:14
43146340,2026-06-21 08:42:05
43146340,2026-06-27 12:50:51
43146340,2026-06-29 11:30:10
43146340,2026-07-01 13:01:03
43146340,2026-07-05 09:04:25
43146340,2026-07-07 13:46:29
43146340,2026-07-11 14:57:26
43146340,2026-07-13 08:20:25
43146340,2026-07-17 18:53:20
43146340,2026-07-18 09:03:43
43146340,2026-07-20 08:18:30
43146340,2026-07-26 12:16:34
43146340,2026-07-27 09:17:20
43146340,2026-07-30 08:04:51
43146340,2026-08-04 19:54:31
43790433,2026-04-13 11:53:13
43790433,2026-04-14 18:26:28
43790433,2026-04-15 10:53:45
43790433,2026-04-17 07:34:55
43790433,2026-04-19 18:02:10
43790433,2026-04-21 11:37:35
43790433,2026-04-22 11:37:52
43790433,2026-04-24 09:13:51
43790433,2026-04-25 21:10:01
43790433,2026-04-26 14:03:01
43790433,2026-04-28 14:50:22
43790433,2026-04-30 06:37:00
43790433,2026-05-04 10:08:56
43790433,2026-05-06 07:54:24
43790433,2026-05-07 12:02:44
43790433,2026-05-11 10:25:52
43790433,2026-05-15 10:21:21
43790433,2026-05-16 18:32:48
43790433,2026-05-24 07:21:26
43790433,2026-05-27 06:31:02
43790433,2026-05-31 17:12:03
43790433,2026-06-01 11:17:19
43790433,2026-06-03 16:36:30
43790433,2026-06-06 21:40:48
43790433,2026-06-07 18:58:29
43790433,2026-06-08 13:45:01
43790433,2026-06-10 15:12:56
43790433,2026-06-15 17:50:21
43790433,2026-06-17 20:06:18
43790433,2026-06-24 12:51:50
43790433,2026-06-29 20:36:15
43790433,2026-07-06 11:23:15
43790433,2026-07-10 10:54:21
43790433,2026-07-15 09:09:42
43790433,2026-07-16 07:16:08
43790433,2026-07-17 21:01:11
43790433,2026-07-21 10:53:38
43790433,2026-07-27 10:52:38
43790433,2026-08-01 15:10:52
43790433,2026-08-05 20:13:05
43790433,2026-08-06 07:51:53
43790433,2026-08-11 08:17:09
43790433,2026-08-21 08:26:45
43790433,2026-08-24 17:52:34
43790433,2026-08-25 16:07:26
43790433,2026-08-26 12:25:43
43790433,2026-08-27 07:04:04
43790433,2026-08-29 21:50:26
43790433,2026-08-31 18:12:37
43790433,2026-09-02 11:17:18
43790433,2026-09-05 07:48:49
33831536,2026-02-10 21:39:43
33831536,2026-02-11 14:18:28
33831536,2026-02-12 20:12:01
33831536,2026-02-13 06:05:47
33831536,2026-02-16 13:17:47
33831536,2026-02-17 10:22:43
33831536,2026-02-20 17:10:05
33831536,2026-02-21 19:58:13
33831536,2026-02-23 18:27:23
33831536,2026-02-26 13:25:28
33831536,2026-02-27 20:34:27
33831536,2026-02-28 17:25:29
33831536,2026-03-01 08:10:21
33831536,2026-03-04 20:17:35
33831536,2026-03-05 12:06:13
33831536,2026-03-06 10:32:47
33831536,2026-03-08 08:48:47
33831536,2026-03-09 20:08:18
33831536,2026-03-10 09:06:34
33831536,2026-03-10 07:57:14
33831536,2026-03-11 13:12:38
33831536,2026-03-12 19:19:33
33831536,2026-03-13 12:32:50
33831536,2026-03-14 10:15:25
33831536,2026-03-16 10:39:30
33831536,2026-03-17 14:53:07
33831536,2026-03-21 15:19:00
33831536,2026-03-22 10:25:25
33831536,2026-03-23 15:35:32
33831536,2026-03-24 10:03:47
33831536,2026-03-25 11:04:11
33831536,2026-03-29 16:46:27
33831536,2026-04-01 08:08:39
33831536,2026-04-05 07:53:07
33831536,2026-04-07 13:25:26
33831536,2026-04-08 06:55:39
33831536,2026-04-10 08:27:34
48690393,2026-02-10 14:06:51
48690393,2026-02-11 14:03:10
48690393,2026-02-13 15:31:59
48690393,2026-02-15 11:11:21
48690393,2026-02-16 11:03:45
48690393,2026-02-17 07:01:21
48690393,2026-02-18 14:51:04
48690393,2026-02-19 19:04:58
48690393,2026-02-20 11:34:46
48690393,2026-02-21 06:45:54
48690393,2026-02-22 18:27:32
48690393,2026-02-23 17:31:50
45531687,2026-01-08 15:40:01
45531687,2026-01-10 12:50:58
45531687,2026-01-16 06:30:47
45531687,2026-01-23 20:23:40
45531687,2026-01-24 07:28:06
45531687,2026-01-26 12:33:40
45531687,2026-01-30 15:56:25
45531687,2026-01-31 20:56:45
45531687,2026-02-04 16:06:36
45531687,2026-02-05 14:12:41
45531687,2026-02-06 10:37:40
45531687,2026-02-06 09:02:56
45531687,2026-02-08 16:34:33
45531687,2026-02-09 19:10:02
45531687,2026-02-13 16:38:38
45531687,2026-02-15 14:51:53
45531687,2026-02-19 20:47:05
45531687,2026-02-20 06:24:41
45531687,2026-02-21 19:07:40
45531687,2026-02-23 08:04:38
45531687,2026-02-24 16:27:20
45531687,2026-02-25 14:24:06
45531687,2026-03-04 17:32:59
38693174,2026-03-29 21:58:49
38693174,2026-03-30 20:47:26
38693174,2026-03-31 10:33:01
38693174,2026-04-01 06:39:43
38693174,2026-04-04 09:47:04
38693174,2026-04-09 10:24:39
38693174,2026-04-16 20:53:47
38693174,2026-04-17 15:14:27
38693174,2026-04-19 11:33:40
38693174,2026-04-20 21:05:01
38693174,2026-04-23 15:23:18
38693174,2026-04-25 14:44:00
38693174,2026-04-26 13:41:40
38693174,2026-04-28 07:42:53
38693174,2026-04-30 13:34:41
38693174,2026-05-01 08:21:48
38693174,2026-05-01 21:46:54
38693174,2026-05-02 21:23:11
38693174,2026-05-13 09:58:33
38693174,2026-05-16 17:33:58
38693174,2026-05-18 19:06:50
38693174,2026-05-20 12:05:12
38693174,2026-05-21 11:20:54
38693174,2026-05-25 16:24:39
38693174,2026-05-26 12:35:09
38693174,2026-06-01 19:32:56
38693174,2026-06-02 18:03:22
38693174,2026-06-04 11:33:58
38693174,2026-06-07 21:23:53
38693174,2026-06-10 21:40:47
38693174,2026-06-16 21:07:43
38693174,2026-06-17 14:40:17
38693174,2026-06-19 07:32:41
38693174,2026-06-20 09:05:33
38693174,2026-06-22 16:45:55
38693174,2026-06-26 12:12:12
38693174,2026-06-29 16:08:07
38693174,2026-07-02 11:35:54
38693174,2026-07-05 15:02:02
38693174,2026-07-09 20:31:45
38693174,2026-07-14 11:24:17
38693174,2026-07-16 18:32:15
38693174,2026-07-17 11:35:05
38693174,2026-07-18 20:35:23
38693174,2026-07-24 14:48:24
38693174,2026-07-28 14:34:41
38693174,2026-07-29 20:29:57
38693174,2026-07-30 06:42:58
38693174,2026-08-01 15:59:10
38693174,2026-08-01 17:10:03
38693174,2026-08-02 09:25:38
38693174,2026-08-07 19:02:39
38693174,2026-08-10 15:48:11
38693174,2026-08-13 18:24:32
38693174,2026-08-14 21:02:05
38693174,2026-08-15 14:28:40
38693174,2026-08-19 15:25:42
38693174,2026-08-20 07:30:28
38693174,2026-08-22 07:39:03
38693174,2026-08-23 08:21:16
38693174,2026-08-29 21:09:21
38693174,2026-08-30 08:34:10
38693174,2026-09-01 20:41:47
43365243,2026-05-14 15:21:58
43365243,2026-05-16 16:06:22
43365243,2026-05-17 09:36:49
43365243,2026-05-20 14:08:33
43365243,2026-05-22 06:05:43
43365243,2026-05-24 09:29:42
43365243,2026-05-28 12:33:24
43365243,2026-05-30 06:21:48
43365243,2026-06-01 06:30:55
43365243,2026-06-02 19:22:36
43365243,2026-06-07 12:13:51
43365243,2026-06-08 10:20:01
43365243,2026-06-10 08:18:48
43365243,2026-06-12 11:34:43
43365243,2026-06-15 11:58:09
43365243,2026-06-17 13:34:25
43365243,2026-06-18 13:19:38
43365243,2026-06-21 12:07:22
43365243,2026-06-23 11:08:25
43365243,2026-06-24 11:38:29
43365243,2026-06-25 09:04:16
43365243,2026-07-03 18:39:44
43365243,2026-07-04 14:15:23
43365243,2026-07-05 16:05:51
43365243,2026-07-07 13:09:57
43365243,2026-07-12 14:53:07
43365243,2026-07-14 12:01:02
43365243,2026-07-16 11:46:39
43365243,2026-07-19 07:54:19
43365243,2026-07-22 13:14:28
43365243,2026-07-24 10:08:05
43365243,2026-07-25 15:30:26
43365243,2026-07-26 07:04:45
43365243,2026-07-29 06:30:36
43365243,2026-07-30 09:29:42
43365243,2026-07-31 15:57:28
43365243,2026-08-04 17:29:06
43365243,2026-08-05 10:06:19
47355282,2026-06-16 12:40:32
47355282,2026-06-17 06:44:59
47355282,2026-06-18 18:35:55
47355282,2026-06-19 09:47:35
47355282,2026-06-21 17:16:48
47355282,2026-06-23 19:42:54
47355282,2026-06-27 16:27:08
47355282,2026-06-28 06:48:01
47355282,2026-07-01 11:24:32
47355282,2026-07-02 08:48:54
47355282,2026-07-03 17:04:10
47355282,2026-07-15 20:14:38
47355282,2026-07-18 16:08:37
47355282,2026-07-19 06:28:05
47355282,2026-07-20 09:14:56
47355282,2026-07-21 14:55:43
47355282,2026-07-22 07:21:45
47355282,2026-07-23 10:02:02
47355282,2026-07-28 16:10:54
47355282,2026-07-30 17:14:48
47355282,2026-08-01 17:03:53
47355282,2026-08-04 20:05:02
47355282,2026-08-05 20:37:09
47355282,2026-08-05 12:26:12
47355282,2026-08-12 11:27:18
47355282,2026-08-14 07:22:49
47355282,2026-08-15 12:47:45
47355282,2026-08-17 19:56:13
47355282,2026-08-18 21:11:09
47355282,2026-08-25 20:22:25
47355282,2026-08-31 12:45:57
47355282,2026-09-01 16:47:50
47355282,2026-09-04 20:24:13
43621615,2025-11-23 21:58:54
43621615,2025-11-24 16:10:25
43621615,2025-11-25 09:54:09
43621615,2025-11-26 21:20:40
43621615,2025-11-27 18:08:53
43621615,2025-11-28 08:46:07
43621615,2025-11-29 21:04:24
43621615,2025-11-30 17:13:11
43621615,2025-12-01 19:35:59
43621615,2025-12-02 19:06:30
43621615,2025-12-03 07:12:54
30907914,2026-03-07 07:05:12
30907914,2026-03-08 13:50:41
30907914,2026-03-09 08:28:47
30907914,2026-03-10 12:01:18
30907914,2026-03-11 21:26:15
30907914,2026-03-12 16:05:42
30907914,2026-03-13 20:53:40
30907914,2026-03-14 08:17:02
30907914,2026-03-15 09:13:22
30907914,2026-03-16 10:08:29
30907914,2026-03-17 18:06:13
30907914,2026-03-18 12:32:35
30907914,2026-03-18 10:21:52
30907914,2026-03-19 13:08:07
30907914,2026-03-22 17:11:23
30907914,2026-03-24 07:16:47
30907914,2026-03-26 20:43:46
30907914,2026-03-30 16:01:43
30907914,2026-03-31 13:59:59
30907914,2026-04-02 18:37:30
30907914,2026-04-06 14:01:01
30907914,2026-04-08 21:27:14
30907914,2026-04-09 11:04:27
30907914,2026-04-13 13:35:29
30907914,2026-04-14 10:17:07
30907914,2026-04-15 18:08:19
30907914,2026-04-17 17:46:53
30907914,2026-04-18 15:36:00
46529533,2026-01-01 12:20:22
46529533,2026-01-02 17:48:49
46529533,2026-01-03 06:48:44
46529533,2026-01-04 11:42:58
46529533,2026-01-05 14:54:45
46529533,2026-01-06 19:08:02
46529533,2026-01-07 15:55:40
46529533,2026-01-08 12:07:39
46529533,2026-01-10 20:07:40
46529533,2026-01-11 07:13:50
46529533,2026-01-13 19:47:52
46529533,2026-01-14 17:49:39
46529533,2026-01-16 16:53:38
46529533,2026-01-17 20:10:18
46529533,2026-01-21 16:59:40
46529533,2026-01-24 09:01:04
46529533,2026-01-25 11:00:27
46529533,2026-01-26 06:51:30
46529533,2026-01-27 16:57:21
46529533,2026-01-29 12:01:30
46529533,2026-01-31 21:01:14
46529533,2026-02-01 09:08:05
46529533,2026-02-02 13:14:53
46529533,2026-02-03 17:59:49
46529533,2026-02-05 11:13:51
46529533,2026-02-06 15:35:41
46529533,2026-02-07 15:46:00
46529533,2026-02-07 08:48:05
46529533,2026-02-11 20:31:06
46529533,2026-02-13 10:17:16
46529533,2026-02-16 12:21:41
46529533,2026-02-17 15:33:08
46529533,2026-02-18 06:59:28
46529533,2026-02-19 11:00:45
46529533,2026-02-20 12:53:11
46529533,2026-02-22 17:54:52
46529533,2026-02-23 16:53:12
46529533,2026-02-24 12:42:29
46529533,2026-02-25 08:23:56
46529533,2026-02-26 19:37:58
46529533,2026-02-27 08:48:36
46529533,2026-03-01 11:24:06
46529533,2026-03-02 12:09:19
46529533,2026-03-04 14:53:49
46529533,2026-03-05 17:42:29
46529533,2026-03-07 19:21:15
46529533,2026-03-11 11:42:32
46529533,2026-03-12 17:07:41
46529533,2026-03-13 18:47:03
46529533,2026-03-15 08:00:36
46529533,2026-03-16 08:13:18
46529533,2026-03-18 07:46:22
46529533,2026-03-19 08:11:08
46529533,2026-03-21 06:02:58
46529533,2026-03-22 14:19:11
46529533,2026-03-24 16:35:31
46529533,2026-03-27 15:11:00
46529533,2026-03-29 16:06:58
46529533,2026-03-30 13:09:20
46529533,2026-03-31 20:41:44
46529533,2026-04-01 16:14:53
46529533,2026-04-02 13:30:19
46529533,2026-04-03 08:29:37
46529533,2026-04-04 17:50:49
46529533,2026-04-05 11:01:07
46529533,2026-04-06 06:40:11
46529533,2026-04-07 20:18:04
46529533,2026-04-07 15:17:09
46529533,2026-04-08 18:10:26
46529533,2026-04-09 06:29:05
46529533,2026-04-10 18:20:36
46529533,2026-04-11 16:43:01
46529533,2026-04-12 13:49:49
46529533,2026-04-13 12:51:55
46529533,2026-04-17 18:11:56
46529533,2026-04-18 16:16:21
46529533,2026-04-20 10:48:49
46529533,2026-04-23 07:01:20
46529533,2026-04-24 19:28:00
46529533,2026-04-25 15:19:19
46529533,2026-04-26 06:47:48
46529533,2026-04-27 09:38:42
46529533,2026-04-28 14:54:22
46529533,2026-04-29 07:31:03
46529533,2026-05-01 16:10:58
46529533,2026-05-06 20:34:16
46529533,2026-05-07 21:27:17
46529533,2026-05-08 15:21:20
46529533,2026-05-10 08:12:58
46529533,2026-05-11 10:26:29
46529533,2026-05-13 17:16:55
46529533,2026-05-14 09:58:17
46529533,2026-05-15 15:08:02
46529533,2026-05-16 08:03:06
46529533,2026-05-18 21:23:12
46529533,2026-05-21 16:18:15
46529533,2026-05-24 14:01:05
46529533,2026-05-26 09:58:20
46529533,2026-05-27 10:30:51
46529533,2026-05-30 16:16:17
46529533,2026-05-31 15:03:53
46529533,2026-06-01 21:33:47
46529533,2026-06-02 21:14:53
46529533,2026-06-04 10:47:13
46529533,2026-06-07 06:13:17
46529533,2026-06-08 07:29:42
46529533,2026-06-09 20:11:14
46529533,2026-06-10 06:19:53
46529533,2026-06-12 06:48:43
46529533,2026-06-14 12:56:09
46529533,2026-06-15 16:31:42
46529533,2026-06-17 15:15:50
46529533,2026-06-18 16:44:51
46529533,2026-06-22 14:17:37
46529533,2026-06-26 20:39:31
46529533,2026-06-29 19:54:38
46529533,2026-07-03 10:30:39
46529533,2026-07-05 20:59:36
46529533,2026-07-07 16:22:37
46529533,2026-07-07 17:08:47
46529533,2026-07-09 18:11:04
46529533,2026-07-11 17:20:03
46529533,2026-07-12 12:18:07
46529533,2026-07-14 13:19:36
46529533,2026-07-16 09:34:17
46529533,2026-07-18 14:56:56
46529533,2026-07-21 16:16:11
46529533,2026-07-24 14:23:08
46529533,2026-07-26 18:30:22
46529533,2026-07-28 15:02:30
46529533,2026-07-29 15:43:38
46529533,2026-07-31 10:50:34
46529533,2026-08-03 12:38:31
46529533,2026-08-04 12:53:00
46529533,2026-08-06 14:49:21
46529533,2026-08-08 18:41:28
46529533,2026-08-09 21:50:44
46529533,2026-08-10 16:26:15
46529533,2026-08-11 19:42:30
46529533,2026-08-13 08:10:03
46529533,2026-08-14 07:56:22
46529533,2026-08-16 07:21:02
46529533,2026-08-17 20:20:25
46529533,2026-08-19 17:23:43
46529533,2026-08-21 11:44:09
46529533,2026-08-22 12:20:50
46529533,2026-08-23 20:38:31
46529533,2026-08-24 18:13:17
46529533,2026-08-29 07:36:36
46529533,2026-09-01 19:35:29
46529533,2026-09-02 21:02:57
46529533,2026-09-05 21:10:46
46529533,2026-09-06 15:06:15
46529533,2026-09-07 10:28:01
48184474,2026-03-11 12:39:52
48184474,2026-03-12 13:48:33
48184474,2026-03-13 15:17:13
48184474,2026-03-14 18:00:01
48184474,2026-03-15 06:10:36
48184474,2026-03-16 07:31:31
48184474,2026-03-18 12:32:06
48184474,2026-03-20 11:00:58
48184474,2026-03-24 15:40:18
48184474,2026-03-26 20:54:22
48184474,2026-03-27 09:30:35
48184474,2026-03-28 12:55:24
48184474,2026-03-29 15:33:08
48184474,2026-03-30 14:26:24
48184474,2026-04-05 15:57:46
48184474,2026-04-06 10:00:15
48184474,2026-04-09 19:01:15
48184474,2026-04-10 08:41:59
48184474,2026-04-13 08:38:37
48184474,2026-04-15 11:55:56
30652764,2026-04-22 09:49:18
30652764,2026-04-24 14:51:28
30652764,2026-04-25 10:42:18
30652764,2026-04-26 18:52:47
30652764,2026-04-27 18:53:11
30652764,2026-04-28 21:28:09
30652764,2026-04-29 11:51:50
30652764,2026-04-30 10:22:28
30652764,2026-05-02 21:41:30
30652764,2026-05-03 11:20:07
30652764,2026-05-04 19:16:10
30652764,2026-05-05 08:27:42
30652764,2026-05-07 08:37:22
30652764,2026-05-08 10:54:55
30652764,2026-05-09 10:14:12
30652764,2026-05-10 11:42:36
30652764,2026-05-11 11:49:48
30652764,2026-05-12 10:45:19
30652764,2026-05-13 21:50:46
30652764,2026-05-14 15:22:44
30652764,2026-05-15 15:10:43
35648176,2026-01-15 07:51:47
35648176,2026-01-19 21:25:29
35648176,2026-01-21 11:52:11
35648176,2026-01-23 09:12:13
35648176,2026-01-24 19:28:21
35648176,2026-01-26 20:04:03
35648176,2026-01-28 11:26:33
35648176,2026-01-31 10:56:30
35648176,2026-02-01 17:42:19
35648176,2026-02-04 11:20:04
35648176,2026-02-05 20:03:18
35648176,2026-02-08 07:20:54
35648176,2026-02-12 20:11:21
35648176,2026-02-13 20:53:36
35648176,2026-02-14 06:19:41
35648176,2026-02-18 06:05:35
35648176,2026-02-19 15:29:31
35648176,2026-02-20 14:35:36
35648176,2026-02-23 18:31:54
35648176,2026-02-25 13:35:37
32080077,2026-03-17 18:27:19
32080077,2026-03-23 09:28:44
32080077,2026-03-25 07:23:39
32080077,2026-04-05 10:06:11
32080077,2026-04-09 13:28:37
32080077,2026-04-10 17:10:38
32080077,2026-04-11 09:16:48
32080077,2026-04-24 06:54:54
32080077,2026-05-18 21:17:10
32080077,2026-05-20 09:36:29
32080077,2026-05-24 10:18:24
32080077,2026-05-30 06:41:31
32080077,2026-05-31 08:03:50
32080077,2026-06-10 17:22:09
32080077,2026-06-14 21:45:18
32080077,2026-06-24 11:24:27
32080077,2026-07-02 11:58:32
32080077,2026-07-04 20:42:09
32080077,2026-07-05 18:36:27
32080077,2026-07-10 20:46:21
32080077,2026-07-11 11:30:44
32080077,2026-07-12 10:19:13
32080077,2026-07-14 12:49:26
32080077,2026-07-15 14:34:35
32080077,2026-07-17 08:32:58
32080077,2026-07-25 12:33:42
32080077,2026-07-31 19:04:59
46800262,2026-02-09 17:23:03
46800262,2026-02-10 11:24:50
46800262,2026-02-11 15:26:39
46800262,2026-02-12 19:56:30
46800262,2026-02-13 19:15:04
46800262,2026-02-14 13:12:51
46800262,2026-02-15 16:18:49
46800262,2026-02-16 08:49:21
46800262,2026-02-17 06:08:40
46800262,2026-02-18 10:35:40
46800262,2026-02-19 13:52:42
46800262,2026-02-20 18:08:33
46800262,2026-02-21 21:37:07
46800262,2026-02-22 21:49:00
46800262,2026-02-22 14:18:58
46800262,2026-02-23 19:14:09
46800262,2026-02-24 08:55:22
46800262,2026-02-25 19:21:25
46800262,2026-03-01 14:08:02
46800262,2026-03-07 20:43:45
46800262,2026-03-10 19:27:16
46800262,2026-03-11 06:50:04
46800262,2026-03-13 21:23:50
46800262,2026-03-16 06:57:35
46800262,2026-03-21 07:20:05
46800262,2026-03-25 08:54:40
46800262,2026-03-28 11:48:31
46800262,2026-03-31 20:05:55
46800262,2026-04-10 06:37:34
46800262,2026-04-12 11:04:16
46800262,2026-04-15 11:27:39
46800262,2026-04-18 11:24:51
46800262,2026-04-19 16:14:59
46800262,2026-04-21 11:24:42
46800262,2026-04-22 17:19:39
46800262,2026-05-02 13:12:46
46800262,2026-05-04 21:00:16
46800262,2026-05-05 08:55:59
46800262,2026-05-06 20:27:30
46800262,2026-05-11 19:32:31
46800262,2026-05-14 09:14:36
46800262,2026-05-15 15:10:40
46800262,2026-05-16 13:23:15
46800262,2026-05-18 16:04:38
46800262,2026-05-19 20:10:22
46800262,2026-05-21 09:30:37
46800262,2026-05-22 17:22:26
46800262,2026-05-22 07:10:24
46800262,2026-05-28 08:28:47
46800262,2026-05-31 16:13:35
46800262,2026-06-01 11:58:45
46800262,2026-06-03 21:32:41
46800262,2026-06-04 06:44:38
46800262,2026-06-12 18:51:31
46800262,2026-06-14 20:20:31
46800262,2026-06-16 19:46:50
46800262,2026-06-17 18:57:30
46800262,2026-06-24 07:02:28
46800262,2026-06-25 07:13:45
46800262,2026-06-29 17:21:49
46800262,2026-07-03 09:57:13
46800262,2026-07-07 18:45:53
46800262,2026-07-08 16:27:04
46800262,2026-07-10 09:53:42
46800262,2026-07-12 09:54:23
46800262,2026-07-13 18:15:03
46800262,2026-07-14 08:43:19
46800262,2026-07-15 09:42:00
46800262,2026-07-16 20:10:38
46800262,2026-07-22 20:49:28
46800262,2026-07-23 10:56:10
46800262,2026-08-03 18:40:45
46800262,2026-08-06 14:34:22
46800262,2026-08-07 08:46:23
46800262,2026-08-08 15:41:12
46800262,2026-08-10 17:38:47
46800262,2026-08-11 18:57:44
46800262,2026-08-15 13:00:43
46800262,2026-08-16 18:37:45
46800262,2026-08-19 15:03:26
46800262,2026-08-20 18:48:56
46800262,2026-08-21 15:02:06
46800262,2026-08-22 13:00:48
45386259,2026-02-16 15:09:35
45386259,2026-02-17 09:00:23
45386259,2026-02-20 18:35:35
45386259,2026-02-21 20:46:46
45386259,2026-02-24 11:37:42
45386259,2026-02-25 16:53:06
45386259,2026-02-26 15:25:38
45386259,2026-02-27 13:22:58
45386259,2026-02-28 13:22:40
45386259,2026-03-01 09:15:29
45386259,2026-03-04 06:25:42
45386259,2026-03-05 20:14:04
45386259,2026-03-06 17:16:49
45386259,2026-03-08 06:05:04
45386259,2026-03-11 10:32:59
45386259,2026-03-12 06:05:21
45386259,2026-03-14 08:53:59
45386259,2026-03-20 09:48:18
45386259,2026-03-27 18:26:18
45386259,2026-03-28 07:04:56
45386259,2026-04-05 16:01:55
45386259,2026-04-08 13:02:24
45386259,2026-04-12 16:49:32
45386259,2026-04-16 09:31:42
45386259,2026-04-17 20:22:54
45386259,2026-04-20 08:21:16
45386259,2026-04-22 16:31:30
45386259,2026-04-27 09:48:17
45386259,2026-04-30 18:07:48
45386259,2026-05-01 16:09:14
45386259,2026-05-05 11:18:01
45386259,2026-05-06 14:54:14
45386259,2026-05-12 09:40:22
45386259,2026-05-17 15:07:01
45386259,2026-05-18 16:41:12
45386259,2026-05-20 06:09:30
45386259,2026-05-22 08:58:12
45386259,2026-05-23 15:29:01
45386259,2026-05-25 11:42:53
45386259,2026-05-26 11:30:51
45386259,2026-05-27 19:12:32
45386259,2026-05-28 18:55:40
45386259,2026-05-29 06:34:09
45386259,2026-06-01 15:21:58
45386259,2026-06-06 12:37:56
45386259,2026-06-07 21:51:45
45386259,2026-06-08 13:54:44
45386259,2026-06-11 07:09:36
45386259,2026-06-14 16:08:36
45386259,2026-06-15 21:26:15
45386259,2026-06-17 13:35:34
45386259,2026-06-19 14:38:15
45386259,2026-06-23 13:28:18
45386259,2026-06-25 13:31:15
45386259,2026-06-26 07:29:22
45386259,2026-06-27 10:00:47
45386259,2026-07-01 07:23:02
45386259,2026-07-06 09:33:13
45386259,2026-07-07 19:01:18
45386259,2026-07-16 18:43:26
45386259,2026-07-18 11:57:16
45386259,2026-07-19 19:23:32
45386259,2026-07-21 06:52:25
45386259,2026-07-25 18:46:57
45386259,2026-07-28 20:07:35
45386259,2026-07-31 19:22:54
45386259,2026-08-03 16:49:00
45386259,2026-08-04 15:11:42
45386259,2026-08-05 17:34:54
45386259,2026-08-06 21:06:55
45386259,2026-08-11 08:52:08
45386259,2026-08-14 17:57:22
45386259,2026-08-16 15:44:19
45386259,2026-08-17 19:51:21
45386259,2026-08-28 20:55:44
45386259,2026-08-31 08:35:29
45386259,2026-09-01 19:07:57
45386259,2026-09-03 21:37:35
45386259,2026-09-04 20:49:31
37537382,2026-02-15 14:16:18
37537382,2026-02-16 09:55:30
37537382,2026-02-18 17:25:52
37537382,2026-02-19 15:43:20
37537382,2026-02-20 20:08:53
37537382,2026-02-21 21:25:03
37537382,2026-02-22 13:24:34
37537382,2026-02-23 20:02:04
37537382,2026-02-24 10:14:32
37537382,2026-02-25 08:45:43
37537382,2026-02-27 20:27:00
37537382,2026-02-28 16:18:35
37537382,2026-03-01 15:53:33
37537382,2026-03-02 11:09:25
37537382,2026-03-05 09:42:22
37537382,2026-03-06 21:07:50
37537382,2026-03-12 09:33:10
37537382,2026-03-15 08:27:16
37537382,2026-03-16 15:16:43
37537382,2026-03-17 19:49:45
37537382,2026-03-23 11:57:05
37537382,2026-03-24 19:46:47
37537382,2026-03-27 09:58:25
37537382,2026-03-31 18:53:34
37537382,2026-04-01 19:47:02
37537382,2026-04-02 09:54:01
37537382,2026-04-06 21:51:33
37537382,2026-04-07 14:11:36
37537382,2026-04-08 11:45:50
37537382,2026-04-10 17:58:40
37537382,2026-04-12 19:13:31
37537382,2026-04-14 08:13:07
37537382,2026-04-15 06:03:47
37537382,2026-04-16 10:02:37
37537382,2026-04-20 16:40:11
37537382,2026-04-21 08:34:48
37537382,2026-04-23 14:17:03
37537382,2026-04-25 06:58:18
37537382,2026-05-02 20:03:48
37537382,2026-05-03 14:29:41
37537382,2026-05-06 13:42:39
37537382,2026-05-10 17:58:51
37537382,2026-05-12 14:31:16
37537382,2026-05-23 19:44:28
37537382,2026-05-26 15:58:09
37537382,2026-05-31 09:18:37
37537382,2026-06-02 12:39:00
37537382,2026-06-02 20:04:09
37537382,2026-06-04 09:58:49
37537382,2026-06-06 14:07:45
37537382,2026-06-14 17:04:44
37537382,2026-06-15 11:46:37
37537382,2026-06-19 06:45:24
37537382,2026-06-24 10:58:00
37537382,2026-06-27 18:17:16
37537382,2026-06-29 10:29:50
37537382,2026-07-01 13:20:41
37537382,2026-07-05 13:15:26
37537382,2026-07-09 17:19:49
37537382,2026-07-11 09:18:21
37537382,2026-07-15 13:01:39
37537382,2026-07-17 12:59:54
37537382,2026-07-19 14:01:13
37537382,2026-07-23 10:18:58
37537382,2026-07-24 09:36:12
37537382,2026-07-30 06:44:45
37537382,2026-08-03 07:25:42
37537382,2026-08-05 19:25:14
37537382,2026-08-12 08:14:39
37537382,2026-08-13 21:12:44
37537382,2026-08-14 11:05:44
37537382,2026-08-17 09:30:11
37537382,2026-08-18 10:10:12
37537382,2026-08-25 07:58:31
37537382,2026-08-26 06:22:26
37537382,2026-08-28 15:38:32
37537382,2026-08-29 14:10:44
37537382,2026-09-01 14:49:48
36703108,2026-04-07 11:33:09
36703108,2026-04-08 15:19:35
36703108,2026-04-09 13:18:06
36703108,2026-04-10 19:42:53
36703108,2026-04-11 18:38:57
36703108,2026-04-12 10:52:27
36703108,2026-04-13 18:26:09
36703108,2026-04-14 15:20:39
36703108,2026-04-15 14:31:35
36703108,2026-04-16 16:44:30
36703108,2026-04-17 13:37:03
36703108,2026-04-19 13:09:23
36703108,2026-04-23 10:22:08
36703108,2026-04-24 17:35:22
36703108,2026-04-25 18:42:08
36703108,2026-04-26 17:47:45
36703108,2026-04-27 20:08:23
36703108,2026-04-28 19:52:52
36703108,2026-05-02 20:47:35
36703108,2026-05-06 10:42:45
36703108,2026-05-07 13:35:25
36703108,2026-05-10 20:47:24
36703108,2026-05-12 15:44:35
36703108,2026-05-13 06:30:47
36703108,2026-05-14 07:07:34
36703108,2026-05-21 13:05:48
36703108,2026-05-28 14:51:36
36703108,2026-05-29 16:03:26
36703108,2026-05-31 19:20:20
36703108,2026-06-01 07:50:37
36703108,2026-06-02 10:30:49
36703108,2026-06-03 18:04:38
36703108,2026-06-06 16:31:55
36703108,2026-06-10 17:19:13
36703108,2026-06-13 18:44:13
36703108,2026-06-14 18:31:06
36703108,2026-06-17 19:44:53
36703108,2026-06-18 19:15:20
36703108,2026-06-19 07:45:16
36703108,2026-06-20 17:45:00
36703108,2026-06-25 10:26:09
36703108,2026-06-26 18:34:51
36703108,2026-07-02 21:43:32
36703108,2026-07-04 15:10:40
36703108,2026-07-05 15:15:25
36703108,2026-07-11 19:14:28
36703108,2026-07-13 12:19:03
36703108,2026-07-20 11:27:02
36703108,2026-07-23 15:26:28
36703108,2026-07-25 07:47:45
36703108,2026-07-27 21:50:12
36703108,2026-07-29 11:09:23
36703108,2026-08-01 08:11:11
36703108,2026-08-05 15:50:23
36703108,2026-08-06 07:14:04
36703108,2026-08-07 09:39:15
36703108,2026-08-08 13:45:32
36703108,2026-08-13 12:20:52
38617107,2025-12-15 17:55:57
38617107,2025-12-16 09:32:57
38617107,2025-12-20 21:09:16
38617107,2025-12-21 06:10:39
38617107,2025-12-26 21:10:53
38617107,2025-12-28 19:11:24
38617107,2026-01-03 21:33:47
38617107,2026-01-11 13:42:28
38617107,2026-01-16 20:35:24
38617107,2026-01-19 06:00:55
38617107,2026-01-25 09:40:23
38617107,2026-02-02 07:39:02
38617107,2026-02-03 10:59:41
38617107,2026-02-04 09:34:23
38617107,2026-02-05 11:12:57
38617107,2026-02-06 14:27:37
38617107,2026-02-07 07:06:41
38617107,2026-02-09 08:28:07
38617107,2026-02-10 12:11:03
38617107,2026-02-11 07:25:11
38617107,2026-02-16 20:08:49
38617107,2026-02-23 15:50:49
38617107,2026-02-24 16:57:23
38617107,2026-03-07 15:33:55
38617107,2026-03-10 09:11:45
38617107,2026-03-16 09:38:08
38617107,2026-03-19 07:42:40
38617107,2026-03-21 21:33:42
38617107,2026-03-25 19:44:39
38617107,2026-04-01 08:17:07
34624492,2026-01-21 09:31:50
34624492,2026-01-23 10:45:41
34624492,2026-01-24 15:36:06
34624492,2026-01-25 18:30:18
34624492,2026-01-26 15:45:47
34624492,2026-01-27 15:23:49
34624492,2026-01-29 18:14:00
34624492,2026-01-31 10:24:06
34624492,2026-02-01 15:53:58
34624492,2026-02-02 06:33:35
34624492,2026-02-04 08:37:27
34624492,2026-02-05 09:04:37
34624492,2026-02-06 06:57:51
34624492,2026-02-07 20:34:30
34624492,2026-02-10 09:43:44
34624492,2026-02-14 21:34:09
34624492,2026-02-19 09:07:29
34624492,2026-02-20 13:11:59
34624492,2026-02-25 20:03:03
34624492,2026-02-26 09:32:36
34624492,2026-03-02 21:46:06
34624492,2026-03-03 10:10:05
34624492,2026-03-04 21:48:19
34624492,2026-03-07 18:39:58
34624492,2026-03-08 19:15:03
34624492,2026-03-09 10:57:11
34624492,2026-03-12 19:04:33
34624492,2026-03-13 13:06:25
34624492,2026-03-14 11:54:02
34624492,2026-03-17 08:36:26
34624492,2026-03-18 15:42:27
34624492,2026-03-19 08:58:29
34624492,2026-03-20 20:03:08
34624492,2026-03-22 09:44:55
34624492,2026-03-26 09:34:57
34624492,2026-03-28 07:34:54
34624492,2026-04-05 09:34:32
34624492,2026-04-08 19:19:01
34624492,2026-04-09 18:27:55
34624492,2026-04-14 06:57:37
34624492,2026-04-16 21:18:59
34624492,2026-04-17 11:04:14
34624492,2026-04-18 18:33:02
34624492,2026-04-20 15:33:19
34624492,2026-04-21 20:34:09
34624492,2026-04-25 08:08:07
34624492,2026-04-30 10:12:04
34624492,2026-05-03 07:19:55
34624492,2026-05-04 12:29:10
34624492,2026-05-07 15:03:24
34624492,2026-05-07 11:50:54
34624492,2026-05-13 15:06:38
34624492,2026-05-19 11:33:13
34624492,2026-05-20 21:24:55
34624492,2026-05-22 09:15:02
34624492,2026-05-24 20:38:13
34624492,2026-05-25 10:36:57
34624492,2026-05-26 21:55:21
34624492,2026-05-27 17:57:36
34624492,2026-05-28 06:01:41
34624492,2026-05-29 06:17:34
34624492,2026-06-02 18:27:19
34624492,2026-06-06 13:16:15
34624492,2026-06-07 21:32:54
34624492,2026-06-08 12:22:59
34624492,2026-06-10 17:17:09
34624492,2026-06-14 08:30:12
34624492,2026-06-18 12:52:05
34624492,2026-06-22 21:02:29
34624492,2026-06-25 15:48:25
34624492,2026-06-27 12:40:04
34624492,2026-06-28 16:07:21
34624492,2026-06-29 10:07:27
34624492,2026-07-01 11:40:30
34624492,2026-07-05 20:48:37
34624492,2026-07-08 19:00:47
34624492,2026-07-12 08:51:54
34624492,2026-07-13 10:55:04
34624492,2026-07-14 08:39:26
34624492,2026-07-15 12:17:39
34624492,2026-07-17 12:18:31
34624492,2026-07-20 06:06:19
34624492,2026-07-21 08:20:22
34624492,2026-07-27 07:13:59
34624492,2026-07-30 21:27:17
34624492,2026-07-31 13:11:08
34624492,2026-08-02 11:50:55
34624492,2026-08-06 21:33:50
34624492,2026-08-11 13:27:43
34624492,2026-08-15 15:50:35
34624492,2026-08-19 15:27:58
34624492,2026-08-25 19:05:06
34624492,2026-08-28 11:45:38
34624492,2026-08-29 18:23:48
34624492,2026-08-31 19:17:33
34624492,2026-09-01 11:23:51
34624492,2026-09-03 16:28:56
34624492,2026-09-06 06:14:39
34624492,2026-09-07 08:04:17
35091662,2026-01-25 11:03:35
35091662,2026-01-29 12:35:58
35091662,2026-01-30 16:12:21
35091662,2026-02-01 21:19:51
35091662,2026-02-02 14:33:32
35091662,2026-02-03 19:18:30
35091662,2026-02-04 11:00:54
35091662,2026-02-07 07:32:20
35091662,2026-02-08 21:07:01
35091662,2026-02-09 17:04:13
35091662,2026-02-13 20:31:09
35091662,2026-02-14 15:54:00
35091662,2026-02-15 07:48:06
35091662,2026-02-17 06:36:05
35091662,2026-02-18 19:41:05
35091662,2026-02-19 09:17:48
35091662,2026-02-22 18:53:37
35091662,2026-02-23 10:42:06
35091662,2026-02-26 21:33:14
35091662,2026-03-04 18:20:39
35091662,2026-03-08 13:42:01
35091662,2026-03-11 08:39:57
35091662,2026-03-14 11:52:41
35091662,2026-03-18 07:51:08
35091662,2026-03-19 19:25:22
35091662,2026-03-22 20:29:46
35091662,2026-03-23 11:40:45
35091662,2026-03-24 20:36:42
35091662,2026-03-28 20:51:18
35091662,2026-03-30 20:06:21
35091662,2026-04-02 09:02:44
35091662,2026-04-03 07:43:33
35091662,2026-04-06 21:22:18
35091662,2026-04-08 16:03:44
35091662,2026-04-08 17:20:39
35091662,2026-04-13 07:44:09
35091662,2026-04-15 18:59:49
35091662,2026-04-19 11:21:45
35091662,2026-04-25 17:10:11
35091662,2026-04-26 18:24:26
35091662,2026-04-27 08:46:37
35091662,2026-04-28 15:14:23
35091662,2026-04-29 15:18:40
35091662,2026-05-01 13:02:38
35091662,2026-05-02 11:20:14
35091662,2026-05-05 12:13:23
35091662,2026-05-09 20:29:20
35091662,2026-05-13 13:54:56
35091662,2026-05-17 14:28:25
35091662,2026-05-20 21:36:43
35091662,2026-05-24 08:11:45
35091662,2026-05-26 16:14:37
35091662,2026-05-28 10:17:00
35091662,2026-05-29 16:48:54
35091662,2026-06-03 12:46:39
35091662,2026-06-05 08:36:23
35091662,2026-06-08 18:23:49
35091662,2026-06-09 19:11:33
35091662,2026-06-12 19:40:33
35091662,2026-06-14 06:55:24
35091662,2026-06-16 12:52:23
35091662,2026-06-24 15:40:13
35091662,2026-06-27 18:23:01
35091662,2026-06-28 19:43:03
35091662,2026-07-06 17:47:35
35091662,2026-07-08 13:51:38
35091662,2026-07-09 06:31:00
35091662,2026-07-10 19:52:51
35091662,2026-07-16 15:07:40
35091662,2026-07-17 21:17:55
35091662,2026-07-19 09:20:00
35091662,2026-07-21 20:41:26
35091662,2026-07-23 17:11:27
35091662,2026-07-24 06:36:03
35091662,2026-07-29 12:31:56
35091662,2026-07-30 06:04:55
35091662,2026-07-31 21:32:07
35091662,2026-08-01 08:03:55
38945107,2026-02-03 15:53:37
38945107,2026-02-05 09:09:38
38945107,2026-02-09 10:18:06
38945107,2026-02-11 09:25:18
38945107,2026-02-12 07:10:50
38945107,2026-02-13 09:33:25
38945107,2026-02-14 21:17:47
38945107,2026-02-15 07:30:30
38945107,2026-02-17 10:06:43
38945107,2026-02-19 08:11:28
38945107,2026-02-20 08:18:57
38945107,2026-02-22 18:57:32
38945107,2026-02-23 14:16:26
38945107,2026-02-26 14:13:34
38945107,2026-02-27 08:47:23
38945107,2026-03-05 10:19:41
38945107,2026-03-06 21:28:48
38945107,2026-03-09 15:39:48
38945107,2026-03-10 17:09:25
38945107,2026-03-13 07:05:40
38945107,2026-03-14 14:34:35
38945107,2026-03-16 18:06:00
38945107,2026-03-20 11:07:17
38945107,2026-03-21 08:09:38
38945107,2026-03-22 19:03:42
38945107,2026-03-23 06:43:55
38945107,2026-03-24 14:03:50
38945107,2026-03-25 18:49:06
38945107,2026-03-27 16:13:13
38945107,2026-03-30 09:11:43
38945107,2026-04-03 16:14:14
38945107,2026-04-07 09:51:06
38945107,2026-04-09 17:04:24
38945107,2026-04-10 19:29:31
38945107,2026-04-12 07:44:41
38945107,2026-04-17 17:34:11
38945107,2026-04-19 10:17:33
38945107,2026-04-20 17:30:19
38945107,2026-04-23 12:50:51
38945107,2026-04-24 12:45:21
38945107,2026-04-28 10:06:26
38945107,2026-04-30 17:09:38
38945107,2026-05-01 06:25:55
38945107,2026-05-04 20:11:26
38945107,2026-05-05 14:32:47
38945107,2026-05-07 21:45:24
38945107,2026-05-08 21:37:43
38945107,2026-05-09 16:00:44
38945107,2026-05-16 14:28:20
38945107,2026-05-18 07:11:15
38945107,2026-05-20 10:26:56
38945107,2026-05-21 15:37:22
38945107,2026-05-23 11:01:16
38945107,2026-05-26 11:51:47
38945107,2026-05-27 14:04:32
38945107,2026-05-29 18:41:53
38945107,2026-06-03 09:46:36
38945107,2026-06-05 15:29:08
38945107,2026-06-06 10:11:56
38945107,2026-06-08 07:58:41
38945107,2026-06-09 08:03:26
38945107,2026-06-11 09:00:33
38945107,2026-06-16 12:52:43
38945107,2026-06-17 19:54:23
38945107,2026-06-19 15:47:07
38945107,2026-06-20 17:07:53
38945107,2026-06-22 12:59:59
38945107,2026-06-30 20:53:06
38945107,2026-07-02 12:32:55
38945107,2026-07-05 12:11:33
38945107,2026-07-13 10:47:15
38945107,2026-07-14 10:48:18
38945107,2026-07-16 06:46:22
38945107,2026-07-17 09:29:03
38945107,2026-07-18 14:55:20
38945107,2026-07-21 13:52:45
38945107,2026-07-22 10:41:45
38945107,2026-07-23 18:52:24
38945107,2026-07-24 18:39:10
38945107,2026-07-28 19:50:20
38945107,2026-08-02 21:33:14
38945107,2026-08-06 09:25:04
38945107,2026-08-08 19:59:08
38945107,2026-08-10 09:26:59
38945107,2026-08-11 11:01:40
38945107,2026-08-13 21:48:22
38945107,2026-08-15 19:43:00
38945107,2026-08-18 19:36:48
38945107,2026-08-21 13:08:16
38945107,2026-08-23 17:46:23
37894230,2026-04-04 15:16:23
37894230,2026-04-06 19:35:00
37894230,2026-04-07 20:05:11
37894230,2026-04-08 20:46:58
37894230,2026-04-10 19:45:24
37894230,2026-04-14 08:41:16
37894230,2026-04-25 11:41:20
37894230,2026-04-28 12:10:29
37894230,2026-05-08 12:20:49
37894230,2026-05-16 12:09:45
37894230,2026-05-20 15:15:20
37894230,2026-05-29 12:18:41
37894230,2026-06-02 21:48:25
37894230,2026-06-05 20:26:49
37894230,2026-06-10 20:50:17
32002430,2026-04-15 18:41:17
32002430,2026-04-16 11:28:43
32002430,2026-04-17 21:00:23
32002430,2026-04-18 07:52:06
32002430,2026-04-19 17:55:27
32002430,2026-04-19 21:52:36
32002430,2026-04-24 14:44:50
32002430,2026-04-26 09:34:35
32002430,2026-04-28 11:23:13
32002430,2026-04-29 09:43:05
32002430,2026-05-05 12:37:49
32002430,2026-05-07 19:13:56
32002430,2026-05-08 10:34:27
32002430,2026-05-11 07:04:47
32002430,2026-05-13 19:41:18
32002430,2026-05-14 17:49:40
32002430,2026-05-15 18:57:04
32002430,2026-05-17 18:45:02
32002430,2026-05-18 21:57:01
32002430,2026-05-19 15:25:24
32002430,2026-05-22 09:11:58
32002430,2026-05-24 07:59:19
32002430,2026-05-25 09:50:30
32002430,2026-05-27 18:00:06
32002430,2026-05-29 11:03:22
32002430,2026-05-31 14:02:17
32002430,2026-06-03 13:19:52
32002430,2026-06-04 14:33:43
32002430,2026-06-05 19:54:21
32002430,2026-06-08 08:02:24
32002430,2026-06-09 16:31:46
32002430,2026-06-10 09:07:30
32002430,2026-06-11 19:02:30
32002430,2026-06-12 10:49:51
32002430,2026-06-14 11:38:13
32002430,2026-06-17 15:35:22
32002430,2026-06-19 13:07:32
32002430,2026-06-19 10:45:18
32002430,2026-06-20 06:18:33
32002430,2026-06-22 09:54:55
32002430,2026-06-24 19:16:35
32002430,2026-06-25 13:29:53
32002430,2026-06-26 12:22:53
32002430,2026-06-29 11:50:32
32002430,2026-06-30 08:08:58
32002430,2026-07-02 21:37:09
32002430,2026-07-04 12:42:31
32002430,2026-07-06 17:55:32
32002430,2026-07-07 07:31:29
32002430,2026-07-09 17:43:37
32002430,2026-07-10 21:03:42
32002430,2026-07-11 17:22:12
32002430,2026-07-12 06:59:28
32002430,2026-07-13 12:18:36
32002430,2026-07-14 10:58:53
32002430,2026-07-15 12:11:57
32002430,2026-07-16 10:09:38
32002430,2026-07-19 09:32:37
32002430,2026-07-20 15:55:11
32002430,2026-07-21 11:27:06
32002430,2026-07-22 10:40:40
32002430,2026-07-23 17:22:07
32002430,2026-07-25 16:33:07
32002430,2026-07-28 19:33:31
32002430,2026-07-29 19:39:22
32002430,2026-07-30 07:19:50
32002430,2026-08-01 06:24:04
32002430,2026-08-02 17:03:01
32002430,2026-08-03 16:33:46
32002430,2026-08-05 16:31:39
32002430,2026-08-06 13:22:38
32002430,2026-08-07 07:24:54
32002430,2026-08-08 11:52:00
32002430,2026-08-09 12:40:23
32002430,2026-08-12 18:56:54
32002430,2026-08-13 21:30:51
32002430,2026-08-14 19:28:46
32002430,2026-08-17 09:41:52
32002430,2026-08-19 08:40:40
38613614,2026-02-19 19:41:17
38613614,2026-02-20 09:11:59
38613614,2026-02-23 15:18:54
38613614,2026-02-28 12:07:34
38613614,2026-03-01 11:07:07
38613614,2026-03-02 13:07:31
38613614,2026-03-03 11:07:26
38613614,2026-03-05 11:01:58
38613614,2026-03-06 08:57:46
38613614,2026-03-08 06:11:16
38613614,2026-03-09 06:01:55
38613614,2026-03-10 10:08:42
38613614,2026-03-12 19:33:23
38613614,2026-03-13 07:00:00
38613614,2026-03-15 15:53:22
38613614,2026-03-19 16:11:07
38613614,2026-03-22 09:37:05
38613614,2026-03-25 06:52:40
38613614,2026-03-27 20:52:27
38613614,2026-03-28 13:58:10
38613614,2026-03-29 16:07:05
38613614,2026-03-31 07:50:11
38613614,2026-04-02 06:22:42
38613614,2026-04-06 07:31:57
38613614,2026-04-12 19:10:11
38613614,2026-04-14 17:34:52
38613614,2026-04-16 20:58:13
38613614,2026-04-17 09:27:19
38613614,2026-04-26 17:57:26
38613614,2026-04-28 12:39:42
38613614,2026-04-29 07:49:21
38613614,2026-05-01 07:29:34
38613614,2026-05-07 07:34:42
38613614,2026-05-13 17:46:54
38613614,2026-05-18 20:52:59
38613614,2026-05-21 21:53:33
38613614,2026-05-23 21:38:46
38613614,2026-05-30 15:10:10
38613614,2026-05-31 10:32:27
38613614,2026-06-02 11:40:19
38613614,2026-06-03 06:41:32
38613614,2026-06-08 12:59:25
38613614,2026-06-08 20:18:21
38613614,2026-06-09 20:49:40
38613614,2026-06-13 16:36:29
38613614,2026-06-17 15:42:59
38613614,2026-06-18 12:55:16
38613614,2026-06-19 07:54:34
38613614,2026-06-21 13:56:28
38613614,2026-06-29 16:13:58
38613614,2026-06-30 20:42:59
38613614,2026-07-02 10:45:27
38613614,2026-07-11 21:14:32
38613614,2026-07-13 15:48:40
38613614,2026-07-14 07:45:44
38613614,2026-07-15 17:32:39
38613614,2026-07-19 15:05:42
38613614,2026-07-21 19:53:33
38613614,2026-07-22 06:42:18
38613614,2026-07-23 11:59:15
38613614,2026-07-28 14:26:49
35486313,2026-01-19 06:20:08
35486313,2026-01-20 07:56:13
35486313,2026-01-22 07:22:08
35486313,2026-01-23 06:12:28
35486313,2026-01-24 19:35:36
35486313,2026-01-25 20:46:05
35486313,2026-01-26 18:41:15
35486313,2026-01-28 11:18:44
35486313,2026-01-29 07:26:37
35486313,2026-01-30 13:46:18
35486313,2026-01-31 08:34:21
35486313,2026-02-01 10:29:41
35486313,2026-02-02 12:09:43
35486313,2026-02-04 17:52:30
35486313,2026-02-05 11:58:06
35486313,2026-02-06 06:35:57
35486313,2026-02-07 18:27:05
35486313,2026-02-12 21:17:13
35486313,2026-02-14 19:25:16
35486313,2026-02-15 09:26:59
35486313,2026-02-16 19:47:22
35486313,2026-02-19 17:37:24
35486313,2026-02-21 09:48:26
35486313,2026-02-22 07:24:19
35486313,2026-02-23 18:45:52
35486313,2026-02-27 20:36:44
35486313,2026-03-01 12:25:21
35486313,2026-03-06 07:43:34
35486313,2026-03-07 09:50:28
35486313,2026-03-15 19:47:44
35486313,2026-03-16 17:53:07
35486313,2026-03-21 11:35:11
35486313,2026-03-22 07:07:08
35486313,2026-03-26 08:40:22
35486313,2026-03-28 06:19:42
35486313,2026-03-29 14:59:48
35486313,2026-03-30 09:34:16
35486313,2026-04-03 19:08:38
35486313,2026-04-04 19:18:49
35486313,2026-04-06 06:28:28
35486313,2026-04-10 21:12:24
35486313,2026-04-13 19:43:18
35486313,2026-04-14 12:32:29
35486313,2026-04-20 14:50:16
35486313,2026-04-22 06:35:35
35486313,2026-04-24 16:22:46
35486313,2026-04-30 15:22:48
35486313,2026-05-02 07:51:31
35486313,2026-05-02 19:43:17
35486313,2026-05-04 18:42:44
35486313,2026-05-05 07:29:03
35486313,2026-05-08 21:50:43
35486313,2026-05-13 11:55:10
35486313,2026-05-18 19:36:30
35486313,2026-05-22 06:31:06
35486313,2026-05-24 07:29:48
35486313,2026-05-25 12:07:46
35486313,2026-05-27 13:53:44
35486313,2026-06-01 13:10:27
35486313,2026-06-02 09:32:06
35486313,2026-06-02 07:11:23
35486313,2026-06-06 06:42:43
35486313,2026-06-10 21:26:04
35486313,2026-06-11 12:19:19
35486313,2026-06-14 16:00:39
35486313,2026-06-17 17:52:31
35486313,2026-06-24 10:49:33
35486313,2026-06-26 13:03:31
35486313,2026-06-27 07:57:24
35486313,2026-06-28 11:52:59
35486313,2026-06-30 21:57:14
35486313,2026-07-02 07:48:33
35486313,2026-07-04 07:15:56
35486313,2026-07-06 10:49:23
35486313,2026-07-08 07:52:56
35486313,2026-07-09 08:05:02
35486313,2026-07-10 19:44:21
35486313,2026-07-14 10:59:31
35486313,2026-07-17 11:25:27
35486313,2026-07-18 11:10:33
35486313,2026-07-19 20:14:24
35486313,2026-07-20 10:49:13
35486313,2026-07-22 09:57:16
35486313,2026-08-02 12:18:31
35486313,2026-08-04 17:48:28
35486313,2026-08-05 12:18:47
35486313,2026-08-10 13:52:49
35486313,2026-08-11 14:10:46
35486313,2026-08-14 19:56:39
35486313,2026-08-16 07:30:24
35486313,2026-08-17 09:16:11
35486313,2026-08-22 08:36:55
35486313,2026-08-23 21:47:20
35486313,2026-08-24 06:00:03
35486313,2026-08-25 07:34:09
35486313,2026-08-29 20:53:25
35486313,2026-08-30 16:32:20
48433018,2026-01-23 16:08:43
48433018,2026-01-24 06:33:06
48433018,2026-01-25 07:03:11
48433018,2026-01-26 07:22:19
48433018,2026-01-27 12:19:37
48433018,2026-01-28 19:53:51
48433018,2026-01-29 08:07:22
48433018,2026-01-30 13:05:13
48433018,2026-01-31 06:30:12
48433018,2026-02-01 07:47:13
48433018,2026-02-03 10:21:11
48433018,2026-02-06 16:05:03
48433018,2026-02-08 10:50:50
48433018,2026-02-09 20:13:50
48433018,2026-02-10 19:11:59
48433018,2026-02-11 19:40:26
48433018,2026-02-13 14:10:45
48433018,2026-02-14 14:21:41
48433018,2026-02-15 21:31:59
48433018,2026-02-16 15:46:22
48433018,2026-02-18 11:03:13
48433018,2026-02-19 10:30:27
48433018,2026-02-22 21:45:30
48433018,2026-02-23 18:31:06
48433018,2026-02-24 15:10:18
48433018,2026-02-26 18:49:46
48433018,2026-02-28 20:33:45
48433018,2026-03-03 10:47:42
48433018,2026-03-04 06:13:57
48433018,2026-03-05 16:16:04
48433018,2026-03-06 09:47:23
48433018,2026-03-07 06:58:17
48433018,2026-03-08 08:44:10
48433018,2026-03-10 13:37:48
48433018,2026-03-13 12:32:24
48433018,2026-03-16 06:53:31
48433018,2026-03-19 18:14:04
48433018,2026-03-19 17:50:37
48433018,2026-03-20 07:40:25
48433018,2026-03-22 16:07:08
48433018,2026-03-24 09:02:16
48433018,2026-03-30 17:54:52
48433018,2026-03-31 21:37:49
48433018,2026-04-02 13:29:57
48433018,2026-04-03 14:44:39
48433018,2026-04-04 07:30:39
48433018,2026-04-06 18:10:53
48433018,2026-04-07 10:16:08
48433018,2026-04-08 15:31:34
48433018,2026-04-09 16:03:14
48433018,2026-04-11 10:50:12
48433018,2026-04-17 18:39:14
48433018,2026-04-19 08:01:41
48433018,2026-04-20 09:54:26
48433018,2026-04-22 12:13:35
48433018,2026-04-23 13:22:42
48433018,2026-04-24 20:32:39
48433018,2026-04-25 16:19:17
48433018,2026-04-27 21:32:01
48433018,2026-04-28 19:10:12
48433018,2026-04-29 19:34:40
48433018,2026-04-30 15:08:47
48433018,2026-05-04 06:01:00
48433018,2026-05-06 13:18:06
48433018,2026-05-10 11:19:22
48433018,2026-05-15 15:43:40
48433018,2026-05-16 19:07:24
37738658,2026-03-30 09:59:29
37738658,2026-03-31 13:04:20
37738658,2026-04-01 21:24:28
37738658,2026-04-02 14:28:12
37738658,2026-04-03 12:52:57
37738658,2026-04-03 16:24:51
37738658,2026-04-04 06:17:30
37738658,2026-04-05 09:24:14
37738658,2026-04-06 15:36:24
37738658,2026-04-07 10:37:49
37738658,2026-04-10 20:31:31
37738658,2026-04-11 15:10:15
37738658,2026-04-12 10:24:45
37738658,2026-04-14 06:20:15
37738658,2026-04-15 17:06:00
37738658,2026-04-18 07:30:55
37738658,2026-04-19 17:42:26
37738658,2026-04-20 13:25:09
37738658,2026-04-23 12:55:40
37738658,2026-04-24 14:41:04
37738658,2026-04-25 10:14:19
37738658,2026-04-26 14:30:10
37738658,2026-04-27 10:25:11
37738658,2026-04-30 08:27:40
37738658,2026-05-02 06:38:01
37738658,2026-05-03 20:21:07
37738658,2026-05-05 06:28:52
37738658,2026-05-07 11:10:45
37738658,2026-05-08 09:50:50
37738658,2026-05-10 15:15:20
37738658,2026-05-11 20:51:47
37738658,2026-05-12 17:24:14
37738658,2026-05-13 15:34:57
37738658,2026-05-14 11:07:15
37738658,2026-05-15 14:58:43
37738658,2026-05-16 11:56:40
37738658,2026-05-17 20:43:26
37738658,2026-05-19 16:48:18
37738658,2026-05-20 21:32:53
37738658,2026-05-24 14:54:57
37738658,2026-05-25 10:38:45
37738658,2026-05-26 09:25:53
37738658,2026-05-27 18:17:51
37738658,2026-05-29 12:27:02
37738658,2026-06-01 19:38:19
37738658,2026-06-03 15:23:32
37738658,2026-06-03 18:30:33
37738658,2026-06-04 18:38:43
37738658,2026-06-05 15:26:22
37738658,2026-06-07 06:06:20
37738658,2026-06-08 19:01:22
37738658,2026-06-09 16:02:52
37738658,2026-06-10 18:31:54
37738658,2026-06-11 16:46:56
37738658,2026-06-13 16:29:40
37738658,2026-06-14 21:28:57
37738658,2026-06-19 17:44:46
37738658,2026-06-20 12:23:27
37738658,2026-06-21 13:17:34
37738658,2026-06-24 18:52:51
37738658,2026-06-25 21:13:25
37738658,2026-06-26 21:00:53
37738658,2026-06-28 08:26:50
37738658,2026-06-29 17:13:02
37738658,2026-06-30 09:50:25
37738658,2026-07-03 16:57:21
37738658,2026-07-03 15:24:20
37738658,2026-07-04 17:19:07
37738658,2026-07-05 18:44:03
37738658,2026-07-06 12:50:11
37738658,2026-07-09 09:07:14
37738658,2026-07-10 06:47:11
37738658,2026-07-11 08:06:49
37738658,2026-07-14 20:04:16
37738658,2026-07-15 12:26:21
37738658,2026-07-16 10:59:14
37738658,2026-07-17 09:59:01
37738658,2026-07-18 11:50:18
37738658,2026-07-19 08:35:57
37738658,2026-07-21 13:37:53
37738658,2026-07-22 17:26:40
37738658,2026-07-23 10:56:07
37738658,2026-07-24 21:39:56
37738658,2026-07-25 06:43:06
37738658,2026-07-26 09:12:00
37738658,2026-07-27 12:39:22
37738658,2026-07-30 16:25:44
37738658,2026-08-01 09:49:23
37738658,2026-08-06 15:49:56
37738658,2026-08-07 14:23:42
37738658,2026-08-08 15:53:51
37738658,2026-08-09 19:41:16
37738658,2026-08-10 20:30:38
37738658,2026-08-11 11:39:37
37738658,2026-08-12 14:38:54
37738658,2026-08-15 17:30:18
37738658,2026-08-16 08:54:04
37738658,2026-08-18 09:47:08
37738658,2026-08-22 19:22:39
37738658,2026-08-23 21:22:50
37738658,2026-08-24 11:05:33
37738658,2026-08-25 12:39:29
37738658,2026-08-26 08:02:02
37738658,2026-08-27 07:44:24
37738658,2026-08-30 06:35:53
37738658,2026-08-31 19:52:30
37738658,2026-09-03 07:18:45
44537089,2026-03-15 20:02:22
44537089,2026-03-18 15:39:19
44537089,2026-03-20 09:42:52
44537089,2026-03-22 10:44:09
44537089,2026-03-24 20:23:27
44537089,2026-03-25 11:28:14
44537089,2026-03-27 18:03:26
44537089,2026-03-28 16:05:07
44537089,2026-03-29 20:41:31
44537089,2026-04-01 15:51:55
44537089,2026-04-03 19:48:07
44537089,2026-04-05 18:47:25
44537089,2026-04-10 11:25:43
44537089,2026-04-13 21:53:11
44537089,2026-04-16 16:02:15
44537089,2026-04-21 12:17:18
44537089,2026-04-22 18:44:16
44537089,2026-04-24 19:11:34
44537089,2026-04-26 06:12:46
44537089,2026-04-27 17:36:52
44537089,2026-04-29 12:20:53
44537089,2026-05-02 08:19:15
44537089,2026-05-03 17:38:17
44537089,2026-05-05 07:37:33
44537089,2026-05-08 13:42:07
44537089,2026-05-10 06:16:54
44537089,2026-05-16 08:28:18
44537089,2026-05-18 10:47:12
44537089,2026-05-19 13:26:02
44537089,2026-05-20 16:46:28
44537089,2026-05-22 18:11:33
44537089,2026-05-24 20:46:30
44537089,2026-05-26 11:32:13
44537089,2026-05-29 12:44:07
44537089,2026-05-31 12:34:50
44537089,2026-06-02 10:43:53
44537089,2026-06-03 17:56:32
44537089,2026-06-07 20:30:36
44537089,2026-06-10 19:12:40
44537089,2026-06-11 21:27:18
44537089,2026-06-14 13:29:26
44537089,2026-06-15 15:52:17
44537089,2026-06-21 17:48:36
44537089,2026-06-22 21:23:36
44537089,2026-06-24 14:23:10
44537089,2026-06-28 07:41:44
44537089,2026-06-30 20:13:27
44537089,2026-07-05 21:41:09
44537089,2026-07-09 19:19:24
44537089,2026-07-10 07:56:35
44537089,2026-07-11 21:48:12
44537089,2026-07-12 13:42:04
44537089,2026-07-12 19:31:37
44537089,2026-07-15 12:35:05
44537089,2026-07-18 16:39:33
44537089,2026-07-19 15:17:28
44537089,2026-07-20 19:29:31
44537089,2026-07-21 19:42:25
44537089,2026-07-22 17:41:16
44537089,2026-07-23 06:10:55
44537089,2026-07-27 17:02:19
44537089,2026-08-03 08:02:00
44537089,2026-08-04 07:06:54
44537089,2026-08-05 08:56:00
44537089,2026-08-08 08:45:08
47047754,2026-03-22 18:39:08
47047754,2026-03-23 21:45:18
47047754,2026-03-25 17:50:09
47047754,2026-03-29 13:32:56
47047754,2026-04-01 09:23:53
47047754,2026-04-02 18:27:17
47047754,2026-04-04 11:04:56
47047754,2026-04-05 14:11:07
47047754,2026-04-07 16:52:20
47047754,2026-04-08 06:17:53
47047754,2026-04-09 13:35:05
47874930,2026-02-13 11:09:20
47874930,2026-02-14 11:22:20
47874930,2026-02-15 19:34:52
47874930,2026-02-16 10:19:47
47874930,2026-02-18 20:37:02
47874930,2026-02-19 06:57:39
47874930,2026-02-20 19:42:19
47874930,2026-02-21 19:28:17
47874930,2026-02-23 14:48:42
47874930,2026-02-24 06:30:47
47874930,2026-02-26 08:44:12
47874930,2026-02-27 12:59:32
47874930,2026-02-28 12:06:02
47874930,2026-03-01 09:10:22
47874930,2026-03-02 18:18:35
47874930,2026-03-03 17:08:12
47874930,2026-03-04 14:41:42
47874930,2026-03-07 14:16:45
47874930,2026-03-08 17:54:42
47874930,2026-03-09 09:09:08
47874930,2026-03-12 12:50:01
47874930,2026-03-13 10:29:20
47874930,2026-03-17 14:25:45
47874930,2026-03-23 10:25:45
47874930,2026-03-28 12:44:00
47874930,2026-03-29 17:42:06
47874930,2026-03-30 10:27:50
47874930,2026-04-02 10:21:59
47874930,2026-04-04 20:05:32
47874930,2026-04-10 10:15:11
47874930,2026-04-11 19:32:07
47874930,2026-04-12 15:22:23
47874930,2026-04-13 14:05:07
47874930,2026-04-15 06:21:13
47874930,2026-04-17 09:13:45
47874930,2026-04-19 21:19:17
47874930,2026-04-22 19:21:24
47874930,2026-04-25 14:50:59
47874930,2026-04-27 19:11:16
47874930,2026-05-01 17:26:16
47874930,2026-05-06 18:25:21
47874930,2026-05-11 19:16:19
47874930,2026-05-13 18:01:06
47874930,2026-05-14 17:01:41
47874930,2026-05-15 12:21:54
47874930,2026-05-16 06:02:10
47874930,2026-05-19 17:03:18
47874930,2026-05-21 07:36:02
47874930,2026-05-22 16:16:03
47874930,2026-05-25 18:32:14
47874930,2026-06-01 21:57:49
47874930,2026-06-15 15:01:44
47874930,2026-06-17 14:24:54
47874930,2026-06-18 15:53:27
47874930,2026-06-19 12:02:57
47874930,2026-06-21 08:30:39
47874930,2026-06-22 20:17:24
47874930,2026-06-24 11:48:29
47874930,2026-06-28 19:11:15
47874930,2026-06-29 07:50:17
47874930,2026-07-03 15:36:19
47874930,2026-07-10 09:17:56
47874930,2026-07-16 20:48:42
47874930,2026-07-17 07:04:14
47874930,2026-07-19 20:29:17
47874930,2026-07-20 13:08:52
47874930,2026-07-23 10:25:16
47874930,2026-07-27 07:27:59
47874930,2026-07-29 21:17:21
47874930,2026-07-30 13:27:44
47874930,2026-07-31 10:41:09
47874930,2026-08-01 17:01:24
47874930,2026-08-02 17:41:52
47874930,2026-08-03 12:12:18
47874930,2026-08-04 14:48:12
47874930,2026-08-05 09:04:40
47874930,2026-08-14 11:23:37
47874930,2026-08-15 10:27:08
47874930,2026-08-23 15:56:39
47874930,2026-08-29 11:59:20
47874930,2026-08-30 13:28:35
34721320,2026-01-28 08:58:27
34721320,2026-01-29 20:52:16
34721320,2026-01-30 09:38:07
34721320,2026-01-31 12:23:55
34721320,2026-02-01 13:55:14
34721320,2026-02-02 19:01:27
34721320,2026-02-04 16:23:53
34721320,2026-02-05 20:23:28
34721320,2026-02-06 18:54:30
34721320,2026-02-08 09:10:19
34721320,2026-02-09 15:34:40
34721320,2026-02-10 15:49:20
34721320,2026-02-12 12:10:38
34721320,2026-02-13 13:54:08
34721320,2026-02-14 12:57:21
34721320,2026-02-16 16:01:20
34721320,2026-02-21 11:10:39
34721320,2026-02-22 13:59:16
34721320,2026-02-24 19:18:54
34721320,2026-03-03 10:42:10
34721320,2026-03-04 20:26:43
34721320,2026-03-05 09:47:55
34721320,2026-03-06 17:03:59
34721320,2026-03-13 12:29:22
34721320,2026-03-15 17:26:46
34721320,2026-03-17 06:57:30
34721320,2026-03-19 13:36:17
34721320,2026-03-21 18:32:39
34721320,2026-03-22 18:23:32
34721320,2026-03-23 07:06:03
34721320,2026-03-25 15:18:06
34721320,2026-03-26 08:36:34
34721320,2026-04-01 19:35:15
34721320,2026-04-02 14:19:07
34721320,2026-04-03 17:24:04
34721320,2026-04-06 14:29:25
34560532,2025-12-21 10:37:07
34560532,2025-12-23 13:53:45
34560532,2025-12-24 19:14:49
34560532,2025-12-25 06:27:52
34560532,2025-12-28 17:12:16
34560532,2025-12-29 14:01:50
34560532,2025-12-30 17:37:39
34560532,2025-12-31 17:46:51
34560532,2026-01-01 10:55:13
34560532,2026-01-02 15:27:30
34560532,2026-01-03 07:00:49
34560532,2026-01-08 14:04:32
34560532,2026-01-09 17:02:49
34560532,2026-01-11 16:58:09
34560532,2026-01-12 21:27:52
34560532,2026-01-15 09:27:34
34560532,2026-01-18 08:26:12
34560532,2026-01-20 07:31:36
34560532,2026-01-22 09:24:55
34560532,2026-01-24 12:03:20
34560532,2026-01-30 10:23:38
34560532,2026-02-01 12:28:35
34560532,2026-02-08 13:30:02
34560532,2026-02-12 15:14:57
34560532,2026-02-13 09:01:48
34560532,2026-02-14 18:14:47
34560532,2026-02-15 13:44:47
34560532,2026-02-18 16:34:49
34560532,2026-02-19 19:14:25
34560532,2026-02-20 16:00:08
34560532,2026-02-23 08:02:51
34560532,2026-02-26 18:49:48
39967915,2026-02-11 18:58:04
39967915,2026-02-15 06:52:39
39967915,2026-02-19 15:47:02
39967915,2026-02-20 19:12:15
39967915,2026-02-22 16:10:44
39967915,2026-03-02 16:34:47
39967915,2026-03-04 13:20:53
39967915,2026-03-05 21:57:15
39967915,2026-03-14 11:49:48
39967915,2026-03-16 13:54:09
39967915,2026-03-21 08:06:32
39967915,2026-03-24 09:36:41
39967915,2026-04-03 21:18:22
39967915,2026-04-09 15:46:59
39967915,2026-04-15 08:41:41
39967915,2026-04-18 06:00:59
39967915,2026-04-19 06:11:42
39967915,2026-04-20 20:16:29
39967915,2026-04-23 06:52:58
39967915,2026-05-02 07:05:52
39967915,2026-05-14 10:30:17
39967915,2026-05-15 18:20:54
39967915,2026-05-22 21:23:33
39967915,2026-05-23 18:32:52
39967915,2026-06-07 16:55:40
39967915,2026-06-17 11:56:45
39967915,2026-06-21 08:50:15
39967915,2026-06-22 08:12:17
39967915,2026-06-24 10:24:25
39967915,2026-07-16 18:54:54
39967915,2026-07-17 10:57:42
39967915,2026-07-27 09:39:07
39967915,2026-08-02 21:21:31
39967915,2026-08-06 20:06:46
39967915,2026-08-09 08:23:36
45511257,2026-04-05 15:30:49
45511257,2026-04-06 13:54:30
45511257,2026-04-07 09:47:37
45511257,2026-04-09 06:45:00
45511257,2026-04-12 12:11:03
45511257,2026-04-14 07:52:45
45511257,2026-04-17 12:50:14
45511257,2026-04-21 07:25:57
45511257,2026-04-25 17:12:41
45511257,2026-04-26 12:28:34
45511257,2026-04-30 08:39:43
45511257,2026-05-02 20:48:53
45511257,2026-05-03 19:18:55
45511257,2026-05-04 16:55:15
45511257,2026-05-13 09:47:35
45511257,2026-05-16 10:13:49
45511257,2026-05-22 17:04:07
45511257,2026-05-26 13:20:11
45511257,2026-05-27 11:08:48
45511257,2026-06-06 13:00:38
45511257,2026-06-08 11:15:35
45511257,2026-06-10 07:12:58
45511257,2026-06-12 20:44:08
45511257,2026-06-13 13:34:33
45511257,2026-06-15 13:02:41
45511257,2026-06-16 07:27:03
45511257,2026-06-18 19:51:16
45511257,2026-06-19 15:28:05
45511257,2026-06-20 10:34:06
45511257,2026-06-23 06:30:01
45511257,2026-06-24 12:32:09
45511257,2026-06-27 21:56:25
45511257,2026-06-30 07:48:56
45511257,2026-07-01 12:32:11
45511257,2026-07-04 10:31:09
45511257,2026-07-09 13:21:29
45511257,2026-07-11 19:15:56
45511257,2026-07-14 09:32:51
45511257,2026-07-21 20:30:53
45511257,2026-07-22 11:16:45
45511257,2026-07-24 13:45:46
45511257,2026-07-26 12:28:46
45511257,2026-07-30 17:29:03
45511257,2026-08-02 10:26:34
45511257,2026-08-04 13:28:21
45511257,2026-08-08 08:11:54
45511257,2026-08-15 21:28:10
45511257,2026-08-16 08:14:19
45511257,2026-08-19 16:00:45
45511257,2026-08-20 14:30:28
45511257,2026-08-22 15:01:50
45511257,2026-08-24 16:16:05
45511257,2026-08-25 10:31:52
45511257,2026-08-27 09:58:57
38843621,2026-01-24 09:23:07
38843621,2026-01-25 17:10:09
38843621,2026-01-26 17:55:50
38843621,2026-01-27 10:42:48
38843621,2026-01-30 06:09:01
38843621,2026-01-31 18:16:30
38843621,2026-02-05 20:50:11
38843621,2026-02-06 11:14:24
38843621,2026-02-11 08:46:20
38843621,2026-02-12 07:49:06
38843621,2026-02-14 10:03:35
38843621,2026-02-15 18:03:32
38843621,2026-02-17 21:35:58
38843621,2026-02-19 17:06:54
38843621,2026-02-20 11:25:27
38843621,2026-02-21 20:47:31
38843621,2026-02-22 19:11:16
38843621,2026-02-23 14:56:07
38843621,2026-02-25 10:38:49
38843621,2026-02-28 16:25:45
38843621,2026-03-07 07:04:57
38843621,2026-03-10 19:19:51
38843621,2026-03-11 09:18:32
38843621,2026-03-13 08:10:41
38843621,2026-03-14 07:12:21
38843621,2026-03-15 10:35:32
38843621,2026-03-17 21:38:48
38843621,2026-03-19 13:52:15
38843621,2026-03-20 17:48:00
38843621,2026-03-22 09:25:40
38843621,2026-03-28 16:54:11
38843621,2026-03-31 13:55:07
38843621,2026-04-02 07:26:08
38843621,2026-04-05 10:53:19
38843621,2026-04-11 18:30:10
38843621,2026-04-12 21:13:31
38843621,2026-04-15 06:58:30
38843621,2026-04-16 10:34:56
38843621,2026-04-20 06:17:37
38843621,2026-04-21 14:33:41
38843621,2026-04-23 18:30:41
38843621,2026-04-24 17:59:17
38843621,2026-04-26 06:36:48
38843621,2026-05-04 20:41:33
38843621,2026-05-05 20:50:46
38843621,2026-05-06 07:43:55
38843621,2026-05-09 20:23:05
38843621,2026-05-10 21:00:00
38843621,2026-05-13 07:27:39
38843621,2026-05-14 21:39:50
38843621,2026-05-18 08:39:53
38843621,2026-05-21 19:27:08
38843621,2026-05-23 08:54:10
38843621,2026-05-24 14:07:12
38843621,2026-05-27 17:28:17
38843621,2026-05-28 09:04:46
38843621,2026-05-30 17:05:50
38843621,2026-06-01 07:35:52
38843621,2026-06-02 12:33:02
38843621,2026-06-03 19:35:38
38843621,2026-06-08 07:54:33
38843621,2026-06-13 10:57:23
38843621,2026-06-17 12:23:14
38843621,2026-06-24 21:02:22
38843621,2026-06-26 20:05:38
38843621,2026-06-30 14:13:06
38843621,2026-07-03 21:14:30
38843621,2026-07-05 15:10:09
38843621,2026-07-10 15:39:27
38843621,2026-07-12 19:39:32
38843621,2026-07-13 19:13:19
38843621,2026-07-16 13:40:01
38843621,2026-07-23 10:32:39
38843621,2026-07-26 08:31:36
38843621,2026-07-30 19:03:14
38843621,2026-08-06 09:51:19
38843621,2026-08-07 14:05:52
38843621,2026-08-09 17:15:18
38843621,2026-08-12 09:57:10
41540353,2025-12-16 07:44:31
41540353,2025-12-19 13:06:36
41540353,2025-12-20 19:53:08
41540353,2025-12-22 14:01:50
41540353,2025-12-23 08:37:37
41540353,2025-12-25 10:14:47
41540353,2025-12-27 20:06:55
41540353,2025-12-29 09:28:58
41540353,2026-01-04 18:29:38
41540353,2026-01-05 13:29:46
41540353,2026-01-09 08:00:19
41540353,2026-01-12 10:47:34
41540353,2026-01-13 17:47:34
41540353,2026-01-17 09:21:31
41540353,2026-01-19 20:24:13
41540353,2026-01-20 14:13:42
41540353,2026-01-22 16:06:31
41540353,2026-01-25 07:58:21
41540353,2026-01-30 09:30:03
41540353,2026-02-04 12:31:16
41540353,2026-02-13 06:35:05
41540353,2026-02-14 21:36:20
41540353,2026-02-15 14:48:09
41540353,2026-02-17 20:10:05
41540353,2026-02-28 07:35:46
41540353,2026-03-01 06:58:56
41540353,2026-03-02 21:33:16
41540353,2026-03-04 11:31:01
41540353,2026-03-06 07:12:16
41540353,2026-03-19 10:37:51
41540353,2026-03-20 08:42:07
41540353,2026-03-25 07:00:23
41540353,2026-03-27 07:38:24
41540353,2026-03-28 08:20:25
41540353,2026-03-29 14:28:05
41540353,2026-03-30 21:30:52
41540353,2026-03-31 17:30:43
41540353,2026-04-02 10:12:08
41540353,2026-04-04 07:54:57
41540353,2026-04-06 20:45:01
41540353,2026-04-08 15:15:35
41540353,2026-04-10 09:12:59
41540353,2026-04-15 06:36:32
41540353,2026-04-17 07:56:21
41540353,2026-04-18 17:33:27
41540353,2026-04-21 14:23:24
41540353,2026-04-22 10:45:43
41540353,2026-04-24 09:35:28
41540353,2026-04-25 21:36:43
41540353,2026-04-29 09:34:18
41540353,2026-04-30 08:34:22
41540353,2026-05-02 18:53:41
41540353,2026-05-03 20:10:12
41540353,2026-05-06 08:33:48
41540353,2026-05-07 12:06:35
41540353,2026-05-12 13:39:37
41540353,2026-05-13 15:04:54
41540353,2026-05-19 09:30:53
41540353,2026-05-22 18:25:32
41540353,2026-05-23 19:16:18
41540353,2026-05-27 10:16:21
41540353,2026-05-28 19:36:53
41540353,2026-05-29 18:57:16
41540353,2026-05-31 17:24:29
41540353,2026-06-03 10:30:58
41540353,2026-06-04 06:14:02
41540353,2026-06-06 07:56:34
41540353,2026-06-06 13:05:00
41540353,2026-06-07 15:50:02
41540353,2026-06-10 13:14:50
41540353,2026-06-11 15:46:32
41540353,2026-06-16 09:10:45
41540353,2026-06-17 07:01:53
41540353,2026-06-20 16:20:50
41540353,2026-06-22 10:43:18
41540353,2026-06-24 09:23:28
41540353,2026-06-25 12:20:58
41540353,2026-06-26 07:21:21
45050220,2026-04-26 17:55:20
45050220,2026-04-27 17:48:53
45050220,2026-04-28 16:20:27
45050220,2026-04-29 07:44:07
45050220,2026-04-30 12:35:05
45050220,2026-05-01 17:51:59
45050220,2026-05-02 07:56:02
45050220,2026-05-03 20:55:01
45050220,2026-05-04 14:50:01
45050220,2026-05-05 21:47:02
45050220,2026-05-05 16:40:49
45050220,2026-05-06 06:43:01
45050220,2026-05-07 17:53:16
45050220,2026-05-08 13:03:20
45050220,2026-05-09 14:07:05
45050220,2026-05-10 14:22:46
45050220,2026-05-11 18:18:25
45050220,2026-05-13 12:37:05
45050220,2026-05-14 07:16:17
45050220,2026-05-15 15:39:31
45050220,2026-05-16 10:54:07
45050220,2026-05-18 11:50:58
45050220,2026-05-19 14:36:39
45050220,2026-05-24 11:13:19
45050220,2026-05-25 20:56:48
45050220,2026-05-26 15:41:02
45050220,2026-05-27 12:14:08
45050220,2026-05-28 16:05:21
45050220,2026-06-04 13:04:15
45050220,2026-06-05 06:50:16
45050220,2026-06-07 06:15:40
45050220,2026-06-08 15:18:01
45050220,2026-06-09 21:36:08
45050220,2026-06-11 11:44:33
45050220,2026-06-12 13:07:16
45050220,2026-06-13 18:11:28
45050220,2026-06-14 19:53:33
45050220,2026-06-16 20:29:56
45050220,2026-06-17 21:02:14
45050220,2026-06-18 15:20:52
45050220,2026-06-20 14:10:44
45050220,2026-06-21 10:31:42
45050220,2026-06-22 21:11:50
45050220,2026-06-24 09:14:28
45050220,2026-06-26 10:19:06
45050220,2026-06-29 10:48:09
45050220,2026-06-30 11:48:00
45050220,2026-07-02 08:08:14
45050220,2026-07-03 17:10:08
45050220,2026-07-04 21:04:39
45050220,2026-07-05 14:58:20
45050220,2026-07-10 06:58:09
45050220,2026-07-12 08:29:12
45050220,2026-07-13 17:37:21
45050220,2026-07-14 20:14:29
45050220,2026-07-15 06:02:59
45050220,2026-07-16 07:19:38
45050220,2026-07-18 09:23:44
45050220,2026-07-19 06:35:36
45050220,2026-07-21 06:21:35
45050220,2026-07-26 06:32:59
45050220,2026-07-28 12:35:45
45050220,2026-07-29 06:22:12
45050220,2026-07-31 09:44:41
45050220,2026-08-01 14:57:11
45050220,2026-08-02 06:57:59
45050220,2026-08-04 14:45:20
45050220,2026-08-05 16:24:02
45050220,2026-08-06 11:15:43
45050220,2026-08-07 07:46:46
45050220,2026-08-12 13:50:03
45050220,2026-08-14 18:02:21
45050220,2026-08-17 16:28:30
45050220,2026-08-19 10:16:05
45050220,2026-08-20 13:34:45
45050220,2026-08-21 19:51:16
45050220,2026-08-22 06:14:38
45050220,2026-08-26 16:46:21
45050220,2026-08-27 13:43:33
45050220,2026-08-28 17:15:19
45050220,2026-08-29 12:00:49
45050220,2026-09-01 07:09:36
45050220,2026-09-02 14:01:33
45050220,2026-09-03 19:56:14
45050220,2026-09-04 17:11:26
38149866,2026-03-10 17:01:42
38149866,2026-03-11 10:45:36
38149866,2026-03-12 08:44:55
38149866,2026-03-13 19:23:48
38149866,2026-03-14 16:41:54
38149866,2026-03-15 14:34:40
38149866,2026-03-16 07:39:27
38149866,2026-03-17 15:11:16
38149866,2026-03-18 08:00:21
38149866,2026-03-21 10:29:25
38149866,2026-03-27 19:43:46
38149866,2026-03-29 18:15:13
38149866,2026-03-30 18:46:38
38149866,2026-04-05 21:34:10
38149866,2026-04-06 10:19:12
38149866,2026-04-08 11:59:57
38149866,2026-04-13 14:51:08
38149866,2026-04-15 10:41:13
38149866,2026-04-17 17:01:21
38149866,2026-04-18 07:46:43
38149866,2026-04-19 13:52:49
38149866,2026-04-20 17:56:13
38149866,2026-04-22 06:57:43
38149866,2026-04-23 15:29:11
38149866,2026-05-03 15:35:15
38149866,2026-05-10 06:08:49
38149866,2026-05-11 16:59:29
38149866,2026-05-14 08:39:54
38149866,2026-05-17 12:01:58
38149866,2026-05-18 18:42:38
38149866,2026-05-22 19:37:33
38149866,2026-05-25 21:00:24
38149866,2026-05-26 11:35:53
38149866,2026-05-31 19:44:39
38149866,2026-06-02 16:29:50
38149866,2026-06-03 20:17:17
38149866,2026-06-06 15:21:06
38149866,2026-06-14 10:38:40
38149866,2026-06-16 19:40:12
38149866,2026-06-17 08:24:27
38149866,2026-06-19 18:53:16
38149866,2026-06-20 20:10:41
38149866,2026-06-21 10:59:27
38149866,2026-06-22 20:26:14
38149866,2026-06-24 06:00:06
38149866,2026-06-28 12:36:13
38149866,2026-06-29 19:30:41
38149866,2026-07-02 18:00:54
38149866,2026-07-06 11:19:22
38149866,2026-07-11 06:20:59
38149866,2026-07-15 16:19:08
38149866,2026-07-16 10:12:53
38149866,2026-07-18 20:17:25
38149866,2026-07-18 06:37:53
38149866,2026-07-19 08:27:17
38149866,2026-07-22 09:20:57
38149866,2026-07-28 06:45:54
38149866,2026-08-01 10:10:10
38149866,2026-08-04 15:31:36
38149866,2026-08-06 16:01:16
38149866,2026-08-07 13:05:11
38149866,2026-08-10 12:45:52
38149866,2026-08-16 19:21:33
38149866,2026-08-17 19:15:46
32152774,2025-11-19 11:48:24
32152774,2025-11-21 18:35:35
32152774,2025-11-22 13:17:21
32152774,2025-11-23 10:37:35
32152774,2025-11-25 10:32:49
32152774,2025-11-26 17:43:46
32152774,2025-11-27 18:58:01
32152774,2025-11-28 19:50:01
32152774,2025-11-29 18:23:41
32152774,2025-11-30 10:05:48
32152774,2025-12-01 07:23:22
32152774,2025-12-03 13:27:27
32152774,2025-12-14 13:06:26
32152774,2025-12-16 08:22:36
32152774,2025-12-18 21:17:53
32152774,2025-12-20 10:26:05
32152774,2025-12-23 08:53:22
32152774,2025-12-29 08:12:01
32152774,2025-12-30 15:08:44
32152774,2025-12-31 15:17:41
32152774,2026-01-01 13:42:35
32152774,2026-01-04 11:04:02
32152774,2026-01-06 09:28:07
32152774,2026-01-07 09:41:34
32152774,2026-01-08 15:13:57
32152774,2026-01-09 11:44:43
32152774,2026-01-10 13:26:50
32152774,2026-01-12 18:24:02
32152774,2026-01-17 06:30:47
32152774,2026-01-22 11:04:57
32152774,2026-01-23 08:33:05
32152774,2026-01-29 09:56:49
32152774,2026-01-30 16:37:37
32152774,2026-02-02 06:55:57
32152774,2026-02-04 13:19:05
32152774,2026-02-06 09:02:31
32152774,2026-02-08 08:51:29
32152774,2026-02-09 19:38:39
32152774,2026-02-12 11:47:37
32152774,2026-02-16 18:16:54
32152774,2026-02-17 15:11:27
32152774,2026-02-19 11:43:52
32152774,2026-02-20 19:20:06
32152774,2026-02-24 11:36:34
32152774,2026-02-25 17:44:42
32152774,2026-03-01 17:00:58
32152774,2026-03-04 06:10:09
32152774,2026-03-05 10:15:16
32152774,2026-03-06 12:59:33
32152774,2026-03-08 14:21:06
32152774,2026-03-09 14:36:59
32152774,2026-03-09 16:03:31
32152774,2026-03-13 14:58:35
32152774,2026-03-15 14:52:34
32152774,2026-03-16 19:07:49
32152774,2026-03-18 13:35:54
32152774,2026-03-27 11:21:42
32152774,2026-03-29 21:08:23
32152774,2026-03-30 09:46:16
32152774,2026-03-31 21:20:20
32152774,2026-04-04 20:07:42
32152774,2026-04-09 15:25:45
32152774,2026-04-09 18:23:57
32152774,2026-04-13 18:59:10
32152774,2026-04-17 17:55:28
32152774,2026-04-20 10:56:00
32152774,2026-04-21 20:38:31
32152774,2026-04-24 17:21:40
32152774,2026-04-25 20:09:07
32152774,2026-04-26 15:12:36
32152774,2026-04-27 13:49:55
32152774,2026-04-28 10:33:23
32152774,2026-05-02 10:09:41
32152774,2026-05-03 21:16:27
32152774,2026-05-04 08:05:07
32152774,2026-05-10 18:27:17
32152774,2026-05-16 19:21:54
32152774,2026-05-19 21:03:27
32152774,2026-05-20 19:11:55
32152774,2026-05-21 20:45:24
32152774,2026-05-23 13:54:34
32152774,2026-05-24 15:05:27
32152774,2026-05-25 07:57:04
32152774,2026-05-30 20:12:00
32152774,2026-06-01 13:27:58
32152774,2026-06-05 18:03:35
32152774,2026-06-06 18:41:00
32152774,2026-06-07 19:35:48
32152774,2026-06-08 10:59:13
32152774,2026-06-09 15:42:13
32152774,2026-06-11 11:18:53
32152774,2026-06-12 17:00:43
32152774,2026-06-14 13:38:30
32152774,2026-06-15 19:54:59
32152774,2026-06-17 14:37:19
32152774,2026-06-18 13:49:53
32152774,2026-06-19 08:46:07
32152774,2026-06-22 13:15:44
32152774,2026-06-25 11:35:26
32152774,2026-07-01 21:59:56
32152774,2026-07-05 13:39:28
32152774,2026-07-07 12:38:20
32152774,2026-07-09 14:03:09
32152774,2026-07-11 21:34:35
32152774,2026-07-12 18:11:02
32152774,2026-07-13 17:35:56
32152774,2026-07-16 11:10:26
32152774,2026-07-19 12:56:17
32152774,2026-07-22 07:00:22
32152774,2026-07-24 12:06:56
32152774,2026-07-27 09:58:12
32152774,2026-07-29 17:27:55
32152774,2026-07-30 19:10:06
32152774,2026-07-31 08:02:53
32152774,2026-08-02 13:11:09
32152774,2026-08-04 20:29:39
32152774,2026-08-06 15:23:45
45448675,2026-02-15 17:54:53
45448675,2026-02-16 18:28:42
45448675,2026-02-17 12:32:28
45448675,2026-02-18 10:38:43
45448675,2026-02-20 16:24:35
45448675,2026-02-22 12:45:21
45448675,2026-02-23 15:24:58
45448675,2026-02-26 20:45:30
45448675,2026-02-28 08:23:05
45448675,2026-03-02 16:31:52
45448675,2026-03-03 06:05:11
45448675,2026-03-03 17:26:26
45448675,2026-03-20 14:53:31
45448675,2026-03-22 11:28:14
45448675,2026-03-24 13:52:12
45448675,2026-03-25 17:33:38
45448675,2026-03-26 11:22:32
45448675,2026-03-29 15:05:46
45448675,2026-03-31 12:28:33
45448675,2026-04-03 09:17:28
45448675,2026-04-06 13:03:03
45448675,2026-04-07 21:46:42
45448675,2026-04-11 16:28:36
45448675,2026-04-17 15:20:25
45448675,2026-04-18 19:37:46
45448675,2026-04-24 09:42:40
45448675,2026-04-27 09:06:38
45448675,2026-04-29 21:13:12
45448675,2026-05-02 10:47:07
45448675,2026-05-06 19:02:09
45448675,2026-05-07 08:14:19
45448675,2026-05-08 15:46:41
45448675,2026-05-09 07:06:39
45448675,2026-05-13 08:01:36
45448675,2026-05-15 20:20:52
45448675,2026-05-16 12:17:09
45448675,2026-05-17 08:42:36
45448675,2026-05-19 09:41:04
45448675,2026-05-22 19:42:11
45448675,2026-05-24 13:12:40
45448675,2026-05-28 16:58:15
45448675,2026-05-31 18:48:50
45448675,2026-06-10 12:03:05
45448675,2026-06-11 13:11:58
45448675,2026-06-14 15:47:58
45448675,2026-06-16 06:50:24
45448675,2026-06-18 08:29:45
45448675,2026-06-19 07:03:27
45448675,2026-06-23 16:27:48
45448675,2026-06-24 21:08:17
45448675,2026-06-29 19:06:36
45448675,2026-07-02 18:23:43
45448675,2026-07-03 06:42:27
45448675,2026-07-08 20:59:58
45448675,2026-07-10 15:33:25
45448675,2026-07-15 12:59:45
45448675,2026-07-17 17:48:55
45448675,2026-07-18 20:51:34
45448675,2026-07-21 18:30:17
45448675,2026-07-25 17:54:52
45448675,2026-07-30 11:05:12
45448675,2026-08-06 15:49:28
45448675,2026-08-13 11:18:43
45448675,2026-08-15 10:49:35
45448675,2026-08-16 11:57:42
45448675,2026-08-17 13:07:22
45448675,2026-08-22 20:37:41
45448675,2026-08-24 14:27:30
45448675,2026-09-01 11:37:58
45448675,2026-09-03 11:48:40
46857212,2026-05-12 09:34:32
46857212,2026-05-13 13:49:00
46857212,2026-05-14 09:12:48
46857212,2026-05-15 12:26:39
46857212,2026-05-21 08:56:41
46857212,2026-05-24 06:04:54
46857212,2026-05-26 10:03:56
46857212,2026-05-27 14:57:21
46857212,2026-05-28 20:39:48
46857212,2026-05-30 20:35:07
46857212,2026-05-31 19:34:28
46857212,2026-06-03 06:01:30
46857212,2026-06-05 17:24:37
46857212,2026-06-10 12:28:34
46857212,2026-06-14 21:13:03
46857212,2026-06-18 08:42:08
46857212,2026-06-22 10:53:34
46857212,2026-06-24 16:10:03
46857212,2026-06-25 13:13:55
46857212,2026-07-02 07:50:35
46857212,2026-07-05 14:37:39
46857212,2026-07-06 15:29:15
46857212,2026-07-08 14:25:50
46857212,2026-07-09 11:05:01
46857212,2026-07-10 07:57:53
46857212,2026-07-13 16:46:27
46857212,2026-07-16 13:30:17
46857212,2026-07-18 21:09:46
46857212,2026-07-22 09:24:16
46857212,2026-07-25 10:50:31
46857212,2026-07-28 07:17:08
46857212,2026-08-03 20:26:23
46857212,2026-08-06 12:17:02
46857212,2026-08-07 07:28:58
46857212,2026-08-09 13:07:45
46857212,2026-08-11 13:28:13
30421801,2026-03-16 13:50:42
30421801,2026-03-18 11:23:41
30421801,2026-03-21 07:59:21
30421801,2026-03-23 17:58:16
30421801,2026-03-25 11:25:20
30421801,2026-03-27 10:00:31
30421801,2026-03-29 10:38:10
30421801,2026-03-30 08:37:58
30421801,2026-04-01 17:02:10
30421801,2026-04-02 19:40:12
30421801,2026-04-06 15:45:27
30421801,2026-04-07 08:43:18
30421801,2026-04-08 07:42:35
30421801,2026-04-10 17:16:24
30421801,2026-04-11 18:45:58
30421801,2026-04-14 10:34:25
30421801,2026-04-21 15:59:48
30421801,2026-04-22 19:56:13
30421801,2026-04-25 08:45:16
30421801,2026-04-26 07:10:01
30421801,2026-04-27 12:46:29
30421801,2026-05-02 09:10:30
30421801,2026-05-04 21:20:31
30421801,2026-05-06 12:14:57
30421801,2026-05-08 20:23:26
30421801,2026-05-12 19:30:07
30421801,2026-05-14 09:49:05
30421801,2026-05-17 11:28:33
30421801,2026-05-23 09:17:51
30421801,2026-05-24 21:52:47
30421801,2026-05-26 10:25:56
30421801,2026-05-27 19:55:35
30421801,2026-06-04 17:52:41
30421801,2026-06-05 15:27:59
30421801,2026-06-07 07:26:48
30421801,2026-06-07 15:57:05
30421801,2026-06-13 16:00:27
30421801,2026-06-14 07:23:31
30421801,2026-06-22 07:43:39
30421801,2026-06-25 08:00:22
30421801,2026-06-26 08:34:50
30421801,2026-06-27 20:02:34
30421801,2026-06-29 08:16:16
30421801,2026-07-03 21:17:18
30421801,2026-07-05 16:10:05
30421801,2026-07-07 06:18:54
30421801,2026-07-11 06:03:40
30421801,2026-07-17 20:50:29
30421801,2026-07-20 06:00:55
30421801,2026-07-23 17:27:19
30421801,2026-07-27 15:23:48
30421801,2026-07-28 15:25:25
30421801,2026-07-31 06:09:30
30421801,2026-08-02 09:26:00
30421801,2026-08-04 10:51:58
30421801,2026-08-06 15:17:52
30421801,2026-08-07 18:58:22
30421801,2026-08-08 09:29:54
30421801,2026-08-10 10:18:51
30421801,2026-08-12 13:38:33
30421801,2026-08-14 21:31:13
30421801,2026-08-17 18:15:12
30421801,2026-08-20 12:52:32
30421801,2026-08-24 21:04:12
30421801,2026-08-27 07:35:10
30421801,2026-08-30 08:34:33
30421801,2026-08-31 15:56:50
30421801,2026-09-01 14:57:26
30421801,2026-09-02 19:40:50
30421801,2026-09-05 12:20:00
33173964,2026-01-02 13:25:29
33173964,2026-01-05 12:35:50
33173964,2026-01-06 16:14:07
33173964,2026-01-08 16:23:51
33173964,2026-01-09 15:58:20
33173964,2026-01-11 19:02:33
33173964,2026-01-14 07:43:36
33173964,2026-01-15 14:56:41
33173964,2026-01-17 20:15:51
33173964,2026-01-19 20:57:58
33173964,2026-01-20 10:00:52
33173964,2026-01-28 11:32:32
33173964,2026-01-29 08:52:51
33173964,2026-02-01 14:19:09
33173964,2026-02-01 09:17:44
33173964,2026-02-03 11:27:34
33173964,2026-02-07 17:30:42
33173964,2026-02-09 11:11:48
33173964,2026-02-13 14:08:05
33173964,2026-02-15 14:31:21
33173964,2026-02-18 15:53:04
33173964,2026-02-23 14:39:10
33173964,2026-02-25 11:54:11
32369639,2026-02-21 08:21:53
32369639,2026-02-22 09:03:37
32369639,2026-02-25 17:23:51
32369639,2026-02-26 18:55:43
32369639,2026-02-27 13:22:25
32369639,2026-02-28 17:58:04
32369639,2026-03-01 14:14:13
32369639,2026-03-02 13:01:34
32369639,2026-03-03 11:51:30
32369639,2026-03-04 20:31:35
32369639,2026-03-05 18:11:49
32369639,2026-03-06 11:50:39
32369639,2026-03-07 06:56:23
32369639,2026-03-08 07:55:29
32369639,2026-03-09 14:38:43
32369639,2026-03-10 19:42:09
32369639,2026-03-11 08:33:53
32369639,2026-03-13 16:25:41
32369639,2026-03-14 14:27:31
32369639,2026-03-15 08:58:09
32369639,2026-03-15 16:15:36
32369639,2026-03-16 15:29:12
32369639,2026-03-22 15:40:18
32369639,2026-03-23 13:28:16
32369639,2026-03-24 19:57:49
32369639,2026-03-25 18:04:03
32369639,2026-03-27 08:44:51
32369639,2026-03-28 15:08:49
32369639,2026-04-01 17:50:14
32369639,2026-04-02 15:04:52
32369639,2026-04-04 15:41:14
32369639,2026-04-06 19:15:27
32369639,2026-04-11 11:39:44
32369639,2026-04-12 15:51:18
32369639,2026-04-13 15:21:37
32369639,2026-04-14 16:32:31
32369639,2026-04-15 15:24:08
32369639,2026-04-16 06:58:42
32369639,2026-04-19 11:37:00
32369639,2026-04-20 16:24:34
32369639,2026-04-21 16:21:34
32369639,2026-04-22 13:04:26
32369639,2026-04-23 12:39:00
32369639,2026-04-25 16:09:40
32369639,2026-04-26 17:48:04
32369639,2026-04-27 06:14:24
32369639,2026-04-30 18:16:46
32369639,2026-05-01 21:37:49
32369639,2026-05-04 16:59:06
32369639,2026-05-05 08:06:54
32369639,2026-05-09 09:35:21
32369639,2026-05-11 15:15:49
32369639,2026-05-12 10:43:03
32369639,2026-05-13 19:43:33
32369639,2026-05-14 10:31:45
32369639,2026-05-15 21:36:26
32369639,2026-05-16 12:10:40
32369639,2026-05-22 12:14:35
32369639,2026-05-23 13:37:55
32369639,2026-05-24 08:54:38
32369639,2026-05-25 18:23:16
32369639,2026-05-26 13:02:02
32369639,2026-05-27 10:27:18
32369639,2026-05-28 09:34:04
32369639,2026-05-29 08:59:03
32369639,2026-05-30 12:30:04
32369639,2026-05-31 10:59:10
32369639,2026-06-01 17:19:58
32369639,2026-06-02 20:04:31
32369639,2026-06-03 09:01:46
32369639,2026-06-06 12:53:52
32369639,2026-06-07 07:14:01
32369639,2026-06-08 14:15:40
32369639,2026-06-09 13:34:30
32369639,2026-06-10 16:32:31
32369639,2026-06-11 11:53:53
32369639,2026-06-12 10:10:45
32369639,2026-06-15 19:40:37
32369639,2026-06-16 10:48:48
32369639,2026-06-17 21:28:12
32369639,2026-06-20 08:01:01
32369639,2026-06-21 12:38:47
32369639,2026-06-22 16:42:17
32369639,2026-06-25 12:05:04
32369639,2026-06-27 13:49:20
32369639,2026-06-30 20:04:28
32369639,2026-07-01 18:35:13
32369639,2026-07-03 18:10:26
32369639,2026-07-05 16:09:35
32369639,2026-07-06 19:21:03
32369639,2026-07-07 15:22:31
32369639,2026-07-08 06:59:14
32369639,2026-07-10 13:34:07
32369639,2026-07-12 21:01:35
32369639,2026-07-15 14:21:52
32369639,2026-07-16 13:06:22
32369639,2026-07-18 19:44:59
32369639,2026-07-19 10:20:57
32369639,2026-07-20 14:57:45
32369639,2026-07-21 13:52:47
32369639,2026-07-22 16:35:59
32369639,2026-07-29 16:46:06
32369639,2026-07-31 16:23:44
32369639,2026-08-02 17:57:50
32369639,2026-08-04 14:34:19
32369639,2026-08-06 16:01:49
32369639,2026-08-07 19:43:53
32369639,2026-08-08 20:12:21
32369639,2026-08-10 20:09:15
32369639,2026-08-13 06:17:44
32369639,2026-08-14 11:32:03
32369639,2026-08-15 09:57:46
36740026,2026-01-16 18:57:00
36740026,2026-01-19 10:58:11
36740026,2026-01-21 21:01:10
36740026,2026-01-22 09:36:23
36740026,2026-01-23 08:38:27
36740026,2026-01-24 17:17:02
36740026,2026-01-26 21:35:20
36740026,2026-01-27 19:18:46
36740026,2026-01-28 10:11:33
36740026,2026-01-29 20:01:51
36740026,2026-01-30 18:04:34
36740026,2026-01-31 18:01:38
36740026,2026-02-01 16:36:28
36740026,2026-02-02 13:18:42
36740026,2026-02-07 16:08:31
36740026,2026-02-08 08:46:54
36740026,2026-02-09 10:58:51
36740026,2026-02-13 09:51:06
36740026,2026-02-16 09:23:23
36740026,2026-02-17 17:32:26
36740026,2026-02-18 07:48:10
36740026,2026-02-21 09:08:27
36740026,2026-02-26 14:18:11
36740026,2026-02-28 06:41:21
36740026,2026-03-04 13:32:50
36740026,2026-03-05 18:01:39
36740026,2026-03-06 08:09:29
36740026,2026-03-07 18:48:56
36740026,2026-03-08 06:00:40
36740026,2026-03-17 18:21:00
36740026,2026-03-19 09:16:32
36740026,2026-03-20 18:17:39
36740026,2026-03-22 09:55:00
36740026,2026-03-25 20:21:18
36740026,2026-03-31 07:45:10
36740026,2026-04-03 13:50:40
36740026,2026-04-04 10:40:48
36740026,2026-04-10 15:04:03
36740026,2026-04-11 15:18:14
36740026,2026-04-14 06:53:30
36740026,2026-04-19 14:48:07
36740026,2026-04-22 21:26:37
36740026,2026-04-26 21:53:18
36740026,2026-04-30 12:23:16
36740026,2026-05-02 07:15:00
36740026,2026-05-04 08:25:18
36740026,2026-05-05 14:18:50
36740026,2026-05-11 14:45:05
36740026,2026-05-12 20:30:46
36740026,2026-05-15 18:50:39
36740026,2026-05-16 19:40:31
36740026,2026-05-21 11:05:00
36740026,2026-05-24 13:26:57
36740026,2026-05-28 14:15:49
36740026,2026-06-03 14:00:09
36740026,2026-06-09 20:39:49
36740026,2026-06-11 17:18:26
36740026,2026-06-12 20:11:16
36740026,2026-06-16 10:14:36
36740026,2026-06-21 17:42:44
36740026,2026-06-23 15:56:15
36740026,2026-07-01 13:39:18
36740026,2026-07-03 19:50:02
36740026,2026-07-04 13:42:47
36740026,2026-07-05 20:59:32
36740026,2026-07-08 17:29:25
36740026,2026-07-10 17:30:21
36740026,2026-07-14 15:59:49
36740026,2026-07-16 20:31:48
36740026,2026-07-17 21:15:34
36740026,2026-07-20 11:59:11
36740026,2026-07-27 09:46:22
36740026,2026-07-29 07:41:59
36740026,2026-07-30 10:15:23
36740026,2026-08-06 08:12:00
36740026,2026-08-09 10:21:17
36740026,2026-08-10 08:13:32
36740026,2026-08-11 21:58:13
36740026,2026-08-12 19:26:52
36740026,2026-08-13 19:53:28
36740026,2026-08-15 17:39:31
36740026,2026-08-16 14:26:07
36740026,2026-08-19 16:19:22
36740026,2026-08-27 16:04:41
36740026,2026-09-01 19:23:13
36740026,2026-09-02 18:50:10
41944063,2026-05-24 10:25:10
41944063,2026-05-25 21:29:10
41944063,2026-05-27 10:42:37
41944063,2026-05-29 21:08:29
41944063,2026-06-01 16:06:45
41944063,2026-06-02 11:45:34
41944063,2026-06-03 09:12:07
41944063,2026-06-05 19:14:23
41944063,2026-06-06 11:18:34
41944063,2026-06-07 15:55:03
41944063,2026-06-09 08:09:57
41944063,2026-06-12 12:01:03
41944063,2026-06-15 18:39:55
41944063,2026-06-20 06:13:24
41944063,2026-06-21 08:07:51
41944063,2026-06-23 14:39:41
41944063,2026-06-24 15:03:23
41944063,2026-06-25 09:58:40
41944063,2026-06-26 14:36:22
41944063,2026-07-03 07:48:30
41944063,2026-07-05 08:02:30
41944063,2026-07-06 12:38:00
41944063,2026-07-06 09:04:46
41944063,2026-07-10 10:18:30
41944063,2026-07-11 08:36:02
41944063,2026-07-14 11:47:10
41944063,2026-07-17 10:41:18
41944063,2026-07-18 09:36:24
41944063,2026-07-22 09:50:42
41944063,2026-07-23 10:53:40
41944063,2026-07-24 12:29:44
41944063,2026-07-26 11:18:24
41944063,2026-07-27 21:42:45
41944063,2026-07-29 06:33:50
41944063,2026-08-04 06:38:21
41944063,2026-08-07 07:22:33
41944063,2026-08-10 08:30:20
41944063,2026-08-12 12:04:58
41944063,2026-08-15 14:25:58
41944063,2026-08-16 15:05:39
41944063,2026-08-18 15:56:45
41944063,2026-08-21 14:09:26
41944063,2026-08-23 21:08:31
41944063,2026-08-25 10:13:29
41944063,2026-08-26 21:20:54
41944063,2026-08-28 07:20:24
41944063,2026-09-03 09:31:12
41944063,2026-09-04 21:31:38
39511994,2026-01-12 20:03:20
39511994,2026-01-22 10:29:38
39511994,2026-02-02 21:17:57
39511994,2026-02-03 17:42:39
39511994,2026-02-10 20:37:18
39511994,2026-02-14 14:44:44
39511994,2026-02-21 06:38:50
39511994,2026-02-24 10:46:30
39511994,2026-03-03 20:58:14
39511994,2026-03-05 08:33:01
39511994,2026-03-09 13:03:13
39511994,2026-03-10 19:51:36
39511994,2026-03-17 06:54:46
39511994,2026-03-23 11:52:02
39511994,2026-03-26 17:22:06
39511994,2026-03-28 13:59:45
39511994,2026-04-03 13:42:28
39511994,2026-04-09 09:33:40
39511994,2026-04-30 12:36:41
39511994,2026-05-01 10:38:47
39511994,2026-05-03 14:19:07
39511994,2026-05-08 13:20:14
39511994,2026-05-10 06:18:36
39511994,2026-05-13 13:18:02
39511994,2026-05-15 11:57:56
39511994,2026-05-18 08:32:37
39511994,2026-05-22 21:14:22
39511994,2026-05-27 06:26:00
39511994,2026-05-30 19:02:16
39511994,2026-06-08 07:38:47
39511994,2026-06-12 21:31:45
39511994,2026-06-13 19:19:51
39511994,2026-06-15 08:31:36
39511994,2026-06-16 15:55:16
39511994,2026-06-28 18:55:28
39511994,2026-06-30 18:57:47
39511994,2026-07-02 15:06:57
39511994,2026-07-10 21:30:55
39511994,2026-07-12 12:52:55
39511994,2026-07-13 15:19:22
39511994,2026-07-28 16:55:38
39511994,2026-08-01 14:31:29
39511994,2026-08-03 21:37:54
39511994,2026-08-06 11:50:58
39511994,2026-08-18 08:08:51
39511994,2026-08-27 18:30:29
39511994,2026-08-30 07:42:33
42441646,2026-01-23 18:55:34
42441646,2026-01-27 09:39:24
42441646,2026-01-28 18:54:08
42441646,2026-01-29 12:12:54
42441646,2026-01-30 18:20:05
42441646,2026-01-31 07:40:58
42441646,2026-02-04 08:52:15
42441646,2026-02-05 06:42:44
42441646,2026-02-06 13:52:13
42441646,2026-02-07 10:47:33
42441646,2026-02-10 06:48:06
42441646,2026-02-15 21:58:38
42441646,2026-02-18 12:47:47
46463759,2026-02-11 11:01:55
46463759,2026-02-13 19:01:44
46463759,2026-02-14 10:48:09
46463759,2026-02-15 08:27:52
46463759,2026-02-18 17:33:04
46463759,2026-02-21 08:32:41
46463759,2026-02-22 14:35:20
46463759,2026-02-26 06:26:37
46463759,2026-02-27 06:24:42
46463759,2026-02-28 12:11:27
46463759,2026-03-01 18:21:37
46463759,2026-03-02 21:17:04
46463759,2026-03-04 16:30:32
46463759,2026-03-05 08:36:49
46463759,2026-03-06 11:12:33
46463759,2026-03-07 07:05:32
46463759,2026-03-10 21:45:11
46463759,2026-03-11 08:43:50
46463759,2026-03-11 21:01:43
46463759,2026-03-12 20:12:10
46463759,2026-03-13 21:13:11
46463759,2026-03-14 10:40:26
46463759,2026-03-15 06:00:14
46463759,2026-03-18 21:16:25
46463759,2026-03-20 16:36:55
46463759,2026-03-26 09:12:21
46463759,2026-03-27 18:02:57
46463759,2026-03-30 07:04:27
46463759,2026-03-31 12:37:44
46463759,2026-04-02 13:05:42
46463759,2026-04-04 18:57:29
46463759,2026-04-05 19:22:25
46463759,2026-04-07 11:40:13
46463759,2026-04-08 13:49:55
46463759,2026-04-13 06:12:51
46463759,2026-04-14 15:15:59
46463759,2026-04-15 10:23:29
46463759,2026-04-18 08:17:57
46463759,2026-04-19 09:58:36
46463759,2026-04-20 19:33:34
46463759,2026-04-21 09:02:55
46463759,2026-04-22 17:06:16
46463759,2026-04-24 14:04:30
46463759,2026-04-25 17:37:04
46463759,2026-04-26 07:07:54
46463759,2026-04-28 20:50:22
46463759,2026-04-29 07:56:24
46463759,2026-05-03 16:57:20
46463759,2026-05-04 11:00:58
46463759,2026-05-05 13:08:49
46463759,2026-05-07 10:25:29
46463759,2026-05-08 15:33:46
46463759,2026-05-09 08:55:31
46463759,2026-05-10 17:44:46
46463759,2026-05-11 06:15:07
46463759,2026-05-13 11:49:08
46463759,2026-05-14 18:23:24
46463759,2026-05-15 13:25:04
46463759,2026-05-16 19:15:36
46463759,2026-05-18 17:44:46
46463759,2026-05-19 18:30:44
46463759,2026-05-20 08:04:34
46463759,2026-05-21 15:00:21
46463759,2026-05-22 11:06:07
46463759,2026-05-23 13:07:55
46463759,2026-05-30 13:55:18
46463759,2026-06-01 08:34:05
46463759,2026-06-02 06:30:48
46463759,2026-06-03 12:07:28
46463759,2026-06-05 07:01:12
46463759,2026-06-06 06:44:13
46463759,2026-06-07 08:37:27
46463759,2026-06-08 11:27:09
46463759,2026-06-09 18:28:21
46463759,2026-06-13 08:28:37
46463759,2026-06-14 11:11:28
46463759,2026-06-15 14:53:36
46463759,2026-06-16 13:53:59
46463759,2026-06-17 14:24:45
46463759,2026-06-18 19:58:21
46463759,2026-06-20 11:34:55
46463759,2026-06-27 12:24:32
46463759,2026-06-28 19:20:21
46463759,2026-06-29 11:05:04
46463759,2026-06-30 08:48:54
46463759,2026-07-01 16:30:29
46463759,2026-07-02 10:58:54
46463759,2026-07-03 17:49:50
46463759,2026-07-04 06:04:20
46463759,2026-07-05 16:57:59
46463759,2026-07-06 06:43:37
46463759,2026-07-07 07:36:27
46463759,2026-07-08 13:28:52
46463759,2026-07-11 16:51:12
46463759,2026-07-11 12:59:27
46463759,2026-07-14 18:21:01
46463759,2026-07-18 09:52:03
46463759,2026-07-19 15:00:27
46463759,2026-07-23 20:05:05
46463759,2026-07-26 09:35:32
46463759,2026-07-27 08:40:35
46463759,2026-07-29 10:13:35
46463759,2026-07-30 21:09:22
46463759,2026-08-02 15:05:43
46463759,2026-08-03 14:43:38
46463759,2026-08-04 10:49:41
46463759,2026-08-07 06:06:36
46463759,2026-08-08 10:13:31
46463759,2026-08-09 17:16:38
46463759,2026-08-10 08:58:09
46463759,2026-08-11 10:46:03
34625209,2026-05-28 19:52:06
34625209,2026-05-29 14:16:15
34625209,2026-05-30 21:24:03
34625209,2026-05-31 07:43:35
34625209,2026-06-02 21:27:55
34625209,2026-06-03 21:51:46
34625209,2026-06-04 16:35:54
34625209,2026-06-06 11:37:26
34625209,2026-06-07 19:46:33
34625209,2026-06-08 08:05:48
34625209,2026-06-09 16:20:40
34625209,2026-06-10 07:40:56
34625209,2026-06-10 13:35:31
34625209,2026-06-18 06:47:37
34625209,2026-06-19 19:12:07
34625209,2026-06-21 07:02:16
34625209,2026-06-24 15:11:29
34625209,2026-06-26 08:04:41
34625209,2026-06-28 20:53:51
34625209,2026-06-30 18:07:39
34625209,2026-07-06 16:17:31
34625209,2026-07-13 21:50:49
34625209,2026-07-16 19:50:08
34625209,2026-07-17 21:25:58
34625209,2026-07-23 07:33:40
34625209,2026-07-24 11:39:57
34625209,2026-07-28 08:55:23
34625209,2026-07-29 06:22:08
34625209,2026-07-30 09:36:51
34625209,2026-08-02 14:44:16
34625209,2026-08-03 20:19:14
34625209,2026-08-04 09:16:49
34625209,2026-08-05 09:37:06
34625209,2026-08-06 06:51:59
34625209,2026-08-07 20:03:41
31816984,2026-02-10 15:42:26
31816984,2026-02-14 10:00:21
31816984,2026-02-23 07:46:45
31816984,2026-03-01 15:29:06
31816984,2026-03-05 20:30:38
31816984,2026-03-12 16:16:30
31816984,2026-03-14 19:18:02
31816984,2026-03-22 18:44:48
31816984,2026-03-23 18:40:36
31816984,2026-03-28 19:53:38
31816984,2026-03-29 11:24:46
31816984,2026-04-08 14:24:32
31816984,2026-04-13 16:26:38
31816984,2026-04-19 12:17:03
31816984,2026-04-26 15:21:22
31816984,2026-04-30 06:59:50
31816984,2026-05-02 18:46:01
31816984,2026-05-03 17:43:35
31816984,2026-05-08 13:54:55
31816984,2026-05-10 20:23:23
31816984,2026-05-27 10:01:14
31816984,2026-05-29 06:32:42
31816984,2026-06-08 16:29:46
31816984,2026-06-12 07:56:35
31816984,2026-06-14 11:05:49
31816984,2026-06-18 21:21:44
31816984,2026-06-22 06:37:29
31816984,2026-06-23 09:02:55
31816984,2026-06-26 18:57:33
31816984,2026-06-28 13:55:24
31816984,2026-07-05 18:14:57
31816984,2026-07-11 19:48:20
31816984,2026-07-13 13:43:03
31816984,2026-07-16 06:29:39
31816984,2026-07-28 19:34:31
42539116,2026-03-14 13:21:09
42539116,2026-03-15 18:34:01
42539116,2026-03-16 13:59:17
42539116,2026-03-17 10:45:43
42539116,2026-03-18 17:10:42
42539116,2026-03-19 19:01:20
42539116,2026-03-20 12:52:24
42539116,2026-03-21 15:12:42
42539116,2026-03-22 18:23:06
42539116,2026-03-23 19:09:46
44769974,2026-01-12 19:56:34
44769974,2026-01-13 20:36:00
44769974,2026-01-14 10:24:10
44769974,2026-01-15 19:37:30
44769974,2026-01-16 08:01:01
44769974,2026-01-17 19:21:29
44769974,2026-01-18 17:10:23
44769974,2026-01-19 19:01:22
44769974,2026-01-22 19:00:01
44769974,2026-01-23 16:03:27
44769974,2026-01-26 08:25:55
44769974,2026-01-27 20:20:53
44769974,2026-01-28 09:46:49
44769974,2026-01-31 21:15:41
44769974,2026-02-02 10:53:22
44769974,2026-02-03 11:33:40
44769974,2026-02-07 14:31:21
44769974,2026-02-09 21:00:10
44769974,2026-02-10 11:33:01
44769974,2026-02-12 19:37:18
44769974,2026-02-16 08:24:54
44769974,2026-02-21 18:00:31
44769974,2026-02-22 14:49:34
44769974,2026-02-26 20:58:48
44769974,2026-02-27 08:39:09
44769974,2026-03-07 13:22:26
44769974,2026-03-08 19:42:17
44769974,2026-03-12 14:13:52
44769974,2026-03-17 15:57:45
44769974,2026-03-19 15:44:16
44769974,2026-03-19 17:07:48
44769974,2026-03-20 11:02:44
44769974,2026-03-21 11:36:00
44769974,2026-03-22 09:45:33
44769974,2026-03-27 10:45:38
44769974,2026-03-28 18:32:24
44769974,2026-03-30 21:07:11
44769974,2026-04-06 18:29:05
44769974,2026-04-10 12:28:40
44769974,2026-04-11 12:01:50
44769974,2026-04-12 07:59:43
44769974,2026-04-14 08:50:12
44769974,2026-04-17 17:24:08
44769974,2026-04-19 12:26:28
44769974,2026-04-20 11:48:10
44769974,2026-04-26 18:33:02
44769974,2026-04-28 20:20:19
44769974,2026-04-29 18:09:17
44769974,2026-05-03 14:56:09
44769974,2026-05-04 08:07:44
44769974,2026-05-07 08:28:02
44769974,2026-05-09 19:12:27
44769974,2026-05-10 11:20:46
44769974,2026-05-11 21:54:47
44769974,2026-05-12 06:36:28
44769974,2026-05-13 18:08:37
44769974,2026-05-19 08:32:22
44769974,2026-05-19 09:06:34
44769974,2026-05-30 13:11:40
44769974,2026-05-31 15:21:16
44769974,2026-06-03 11:07:51
44769974,2026-06-07 12:43:22
44769974,2026-06-08 08:38:00
44769974,2026-06-13 06:58:31
44769974,2026-06-14 17:54:49
44769974,2026-06-18 11:49:15
44769974,2026-06-24 09:42:08
44769974,2026-06-26 18:05:09
44769974,2026-07-02 06:45:11
44769974,2026-07-03 20:45:24
44769974,2026-07-05 21:02:35
44769974,2026-07-07 11:33:38
44769974,2026-07-12 13:55:42
44769974,2026-07-13 15:24:27
44769974,2026-07-14 16:28:02
44769974,2026-07-18 07:36:48
36426955,2026-01-20 16:41:20
36426955,2026-01-21 18:36:28
36426955,2026-01-24 12:51:51
36426955,2026-01-26 06:27:39
36426955,2026-01-28 12:44:21
36426955,2026-01-30 13:19:04
36426955,2026-02-03 11:46:33
36426955,2026-02-04 09:18:15
36426955,2026-02-09 09:41:14
36426955,2026-02-10 19:43:02
36426955,2026-02-13 17:05:52
36426955,2026-02-15 19:01:29
36426955,2026-02-16 15:15:21
36426955,2026-02-19 18:21:48
36426955,2026-02-20 19:32:27
36426955,2026-02-23 12:54:09
36426955,2026-02-25 08:41:16
36426955,2026-03-04 12:16:43
36426955,2026-03-07 08:41:52
36426955,2026-03-08 20:21:21
36426955,2026-03-09 21:21:25
36426955,2026-03-10 09:29:14
36426955,2026-03-17 16:35:03
36426955,2026-03-23 11:36:50
36426955,2026-03-24 12:00:57
36426955,2026-03-26 20:00:51
36426955,2026-03-27 12:16:00
36426955,2026-03-28 14:25:12
36426955,2026-03-30 07:43:03
36426955,2026-03-31 15:02:23
36426955,2026-04-06 08:57:35
36426955,2026-04-12 11:12:23
36426955,2026-04-13 21:15:09
36426955,2026-04-18 16:56:10
36426955,2026-04-21 13:13:33
36426955,2026-04-23 19:13:56
36426955,2026-04-25 11:03:38
36426955,2026-04-29 14:24:02
36426955,2026-05-03 13:08:24
36426955,2026-05-04 16:19:24
36426955,2026-05-05 15:29:10
36426955,2026-05-06 12:47:51
36426955,2026-05-07 20:26:49
36426955,2026-05-09 18:15:14
36426955,2026-05-10 07:52:09
30033023,2026-03-08 18:15:32
30033023,2026-03-15 06:12:47
30033023,2026-03-19 12:30:30
30033023,2026-03-23 21:34:17
30033023,2026-03-25 13:51:54
30033023,2026-03-27 12:50:34
30033023,2026-03-28 21:33:56
30033023,2026-03-31 10:54:58
30033023,2026-04-02 19:55:30
33420164,2026-04-05 08:12:56
33420164,2026-04-06 15:32:52
33420164,2026-04-07 11:59:31
33420164,2026-04-08 16:48:49
33420164,2026-04-09 21:21:29
33420164,2026-04-27 13:29:33
33420164,2026-04-28 16:18:50
33420164,2026-04-30 15:23:45
33420164,2026-05-05 13:53:11
33420164,2026-05-08 20:57:10
33420164,2026-05-13 06:02:05
33420164,2026-05-16 06:21:20
33420164,2026-05-20 19:31:25
33420164,2026-05-24 16:01:09
33420164,2026-05-30 17:50:35
33420164,2026-06-01 06:32:16
33420164,2026-06-03 16:56:20
33420164,2026-06-16 19:00:48
33420164,2026-06-17 14:35:02
33420164,2026-06-18 19:55:34
33420164,2026-06-21 14:38:40
33420164,2026-06-30 11:07:22
33420164,2026-07-01 12:57:17
33420164,2026-07-03 08:07:03
33420164,2026-07-04 21:37:17
33420164,2026-07-09 18:32:10
33420164,2026-07-10 20:20:05
33420164,2026-07-11 06:33:21
33420164,2026-07-27 20:52:50
33420164,2026-08-08 09:59:36
43942025,2026-02-11 11:45:10
43942025,2026-02-12 11:30:03
43942025,2026-02-13 14:58:32
35072810,2026-03-01 09:21:57
35072810,2026-03-03 11:12:39
35072810,2026-03-04 17:40:14
35072810,2026-03-07 18:44:03
35072810,2026-03-08 09:19:37
35072810,2026-03-10 16:54:32
35072810,2026-03-12 11:19:25
35072810,2026-03-13 13:54:05
35072810,2026-03-14 21:17:58
35072810,2026-03-18 13:52:45
35072810,2026-03-22 10:35:22
35072810,2026-03-26 20:18:46
35072810,2026-04-02 19:09:31
35072810,2026-04-03 07:58:58
35072810,2026-04-05 18:54:29
35072810,2026-04-08 07:45:14
35072810,2026-04-09 19:18:29
35072810,2026-04-10 09:00:59
35072810,2026-04-12 07:38:02
35072810,2026-04-14 15:48:58
35072810,2026-04-15 21:59:30
35072810,2026-04-20 19:11:34
35072810,2026-04-21 11:56:27
35072810,2026-04-23 20:12:25
35072810,2026-04-24 06:05:29
35719554,2026-03-03 20:01:03
35719554,2026-03-04 19:11:10
35719554,2026-03-05 07:33:07
35719554,2026-03-06 08:04:01
35719554,2026-03-07 11:59:28
35719554,2026-03-08 20:25:41
35719554,2026-03-09 19:47:36
35719554,2026-03-10 21:16:57
35719554,2026-03-11 18:19:44
35719554,2026-03-12 09:41:26
35719554,2026-03-13 09:30:53
35719554,2026-03-14 16:24:45
35719554,2026-03-15 13:58:59
35719554,2026-03-15 06:21:23
35719554,2026-03-18 10:14:53
35719554,2026-03-21 19:18:25
35719554,2026-03-22 11:52:12
35719554,2026-03-24 14:07:40
35719554,2026-03-26 21:58:57
35719554,2026-03-29 15:17:07
35719554,2026-04-02 14:43:57
35719554,2026-04-04 21:29:55
35719554,2026-04-07 19:01:23
35719554,2026-04-08 08:42:33
35719554,2026-04-10 11:32:09
35719554,2026-04-13 19:49:38
35719554,2026-04-16 16:01:28
35719554,2026-04-17 10:12:21
35719554,2026-04-20 15:38:15
35719554,2026-04-22 12:13:26
35719554,2026-04-24 07:38:28
35719554,2026-04-26 06:24:48
35719554,2026-04-27 21:38:17
35719554,2026-04-30 15:47:18
35719554,2026-05-01 17:26:41
35719554,2026-05-02 06:28:50
35719554,2026-05-06 10:28:01
35719554,2026-05-13 18:19:02
35719554,2026-05-16 08:30:16
35719554,2026-05-17 12:39:03
35719554,2026-05-18 12:26:19
35719554,2026-05-21 19:13:47
35719554,2026-05-24 06:52:53
35719554,2026-05-31 14:17:36
35719554,2026-06-02 08:37:15
35719554,2026-06-04 16:43:15
35719554,2026-06-06 15:12:49
35719554,2026-06-10 12:06:58
35719554,2026-06-16 18:52:39
35719554,2026-06-19 10:15:17
35719554,2026-06-21 15:46:53
35719554,2026-06-24 20:39:15
35719554,2026-06-26 13:02:14
35719554,2026-06-28 14:48:36
35719554,2026-07-01 06:05:47
35719554,2026-07-05 06:49:58
35719554,2026-07-13 07:02:37
35719554,2026-07-19 18:06:41
35719554,2026-07-20 08:04:10
35719554,2026-07-24 09:17:59
35719554,2026-07-29 20:25:27
35719554,2026-08-02 15:08:54
35719554,2026-08-03 17:38:44
35719554,2026-08-04 12:07:07
35719554,2026-08-06 21:26:19
35719554,2026-08-08 07:17:29
35719554,2026-08-09 11:19:35
35719554,2026-08-12 11:31:00
35719554,2026-08-15 07:23:55
40632892,2026-02-03 10:24:16
40632892,2026-02-04 15:30:40
40632892,2026-02-05 18:52:34
40632892,2026-02-06 06:16:03
40632892,2026-02-07 06:13:08
40632892,2026-02-08 06:57:36
40632892,2026-02-09 12:51:17
40632892,2026-02-11 06:18:37
40632892,2026-02-12 21:14:52
40632892,2026-02-13 16:02:00
40632892,2026-02-14 12:48:56
40632892,2026-02-15 11:32:03
40632892,2026-02-16 11:49:30
40632892,2026-02-17 12:30:34
40632892,2026-02-19 18:15:09
40632892,2026-02-20 21:46:35
40632892,2026-02-22 08:11:17
40632892,2026-02-25 21:21:22
40632892,2026-02-28 17:39:37
40632892,2026-03-04 12:57:56
40632892,2026-03-05 12:51:58
40632892,2026-03-08 15:10:53
40632892,2026-03-10 20:36:01
40632892,2026-03-12 10:43:19
40632892,2026-03-14 20:20:39
40632892,2026-03-15 12:52:28
40632892,2026-03-17 07:48:53
40632892,2026-03-18 12:40:17
40632892,2026-03-22 07:46:51
40632892,2026-03-25 08:35:01
40632892,2026-03-26 21:31:02
40632892,2026-03-28 18:54:35
40632892,2026-03-29 14:46:14
40632892,2026-04-01 10:58:17
40632892,2026-04-02 14:00:07
40632892,2026-04-05 10:41:44
40632892,2026-04-08 10:31:18
40632892,2026-04-11 13:12:56
40632892,2026-04-14 10:19:20
40632892,2026-04-22 21:12:35
40632892,2026-04-25 16:24:35
40632892,2026-04-27 14:10:23
40632892,2026-05-01 06:34:21
40632892,2026-05-02 17:11:40
40632892,2026-05-05 09:50:26
40632892,2026-05-07 14:23:54
40632892,2026-05-11 21:48:05
40632892,2026-05-12 15:26:06
40632892,2026-05-13 21:48:32
40632892,2026-05-15 08:29:20
40632892,2026-05-17 07:41:48
40632892,2026-05-21 09:42:34
40632892,2026-05-24 13:34:19
40632892,2026-05-25 20:00:54
40632892,2026-05-27 06:14:31
40632892,2026-05-29 21:11:03
40632892,2026-05-30 18:43:32
40632892,2026-06-01 18:51:54
40632892,2026-06-03 21:09:39
40632892,2026-06-06 07:31:37
40632892,2026-06-08 15:58:14
40632892,2026-06-11 07:35:18
40632892,2026-06-13 15:41:42
40632892,2026-06-17 13:51:11
40632892,2026-06-17 18:03:53
40632892,2026-06-24 21:36:39
40632892,2026-06-27 09:11:50
40632892,2026-06-28 12:40:30
40632892,2026-06-30 10:27:02
40632892,2026-07-05 15:46:14
40632892,2026-07-07 16:23:10
40632892,2026-07-10 20:12:40
40632892,2026-07-13 11:38:49
40632892,2026-07-16 15:25:58
40632892,2026-07-17 17:28:47
32502939,2026-02-20 08:47:25
32502939,2026-02-21 18:15:59
32502939,2026-02-22 13:07:50
32502939,2026-02-23 07:02:41
32502939,2026-02-24 18:10:15
32502939,2026-02-25 16:16:31
32502939,2026-02-27 13:51:51
32502939,2026-02-28 06:50:29
32502939,2026-03-01 14:09:10
32502939,2026-03-10 19:32:48
32502939,2026-03-12 13:27:07
32502939,2026-03-13 11:39:02
32502939,2026-03-16 13:28:49
32502939,2026-03-17 14:31:51
32502939,2026-03-19 14:14:37
32502939,2026-03-22 20:29:04
32502939,2026-03-23 21:49:09
32502939,2026-03-26 11:46:13
32502939,2026-03-27 10:29:16
32502939,2026-03-29 18:59:33
32502939,2026-04-01 09:26:21
32502939,2026-04-05 06:02:49
32502939,2026-04-07 09:20:30
32502939,2026-04-09 14:17:09
32502939,2026-04-10 14:16:55
32502939,2026-04-11 08:10:36
32502939,2026-04-13 16:35:41
32502939,2026-04-16 14:45:17
32502939,2026-04-17 20:10:51
32502939,2026-04-18 06:53:20
32502939,2026-04-22 20:29:10
32502939,2026-04-24 12:59:45
32502939,2026-04-30 14:57:05
32502939,2026-05-04 09:34:47
32502939,2026-05-07 20:32:38
32502939,2026-05-11 12:38:25
32502939,2026-05-15 08:09:55
32502939,2026-05-20 14:43:48
32502939,2026-05-25 21:09:03
32502939,2026-05-27 12:57:28
32502939,2026-05-28 20:18:42
32502939,2026-05-31 14:15:52
32502939,2026-06-03 10:37:31
32502939,2026-06-10 15:02:33
32502939,2026-06-14 09:39:19
32502939,2026-06-16 16:29:51
32502939,2026-06-18 16:45:39
32502939,2026-06-20 08:05:10
32502939,2026-06-21 17:05:28
32502939,2026-06-24 08:34:33
32502939,2026-06-28 17:46:50
32502939,2026-07-01 07:57:05
32502939,2026-07-02 21:22:10
32502939,2026-07-03 12:32:36
32502939,2026-07-04 21:55:19
32502939,2026-07-07 19:38:36
32502939,2026-07-08 07:00:35
32502939,2026-07-13 17:18:14
32502939,2026-07-16 17:17:39
32502939,2026-07-23 14:31:34
32502939,2026-07-28 11:03:16
32502939,2026-07-29 17:22:37
32502939,2026-07-30 12:04:39
32502939,2026-08-09 08:51:11
32502939,2026-08-12 18:43:26
32502939,2026-08-15 20:59:58
32502939,2026-08-16 09:43:48
32502939,2026-08-17 16:01:59
32502939,2026-08-21 13:29:39
32502939,2026-08-25 14:13:36
32502939,2026-08-27 17:24:08
32502939,2026-08-29 14:09:39
32502939,2026-09-01 17:18:43
42833701,2026-02-02 15:21:22
42833701,2026-02-03 09:24:26
42833701,2026-02-05 08:18:47
42833701,2026-02-09 17:00:37
42833701,2026-02-18 20:42:40
42833701,2026-02-19 15:30:13
42833701,2026-02-22 12:27:07
42833701,2026-02-24 09:14:13
42833701,2026-03-03 08:08:56
42833701,2026-03-17 10:03:45
42833701,2026-03-22 17:57:07
42833701,2026-03-27 17:54:21
42833701,2026-03-28 06:49:56
42833701,2026-03-29 06:05:32
42833701,2026-03-30 19:09:54
43582395,2026-01-20 17:57:03
43582395,2026-01-21 18:51:57
43582395,2026-01-22 19:34:05
43582395,2026-01-23 16:10:13
43582395,2026-01-25 14:27:47
43582395,2026-01-26 18:38:55
43582395,2026-01-28 12:53:15
43582395,2026-01-29 10:55:49
43582395,2026-01-30 20:41:05
43582395,2026-01-31 16:08:28
43582395,2026-02-02 12:29:19
43582395,2026-02-03 19:18:55
43582395,2026-02-04 14:47:02
43582395,2026-02-05 16:43:43
43582395,2026-02-06 06:29:41
43582395,2026-02-06 19:10:55
43582395,2026-02-07 13:52:38
43582395,2026-02-08 09:16:46
43582395,2026-02-09 21:49:57
43582395,2026-02-10 09:20:04
43582395,2026-02-11 09:01:49
43582395,2026-02-12 19:31:22
43582395,2026-02-15 16:27:41
43582395,2026-02-16 18:14:48
43582395,2026-02-18 16:20:32
43582395,2026-02-20 08:07:08
43582395,2026-02-21 08:33:00
43582395,2026-02-22 13:26:58
43582395,2026-02-27 21:02:26
43582395,2026-02-28 07:18:49
43582395,2026-03-01 15:05:51
43582395,2026-03-03 11:28:48
43582395,2026-03-04 16:05:42
43582395,2026-03-05 20:30:58
43582395,2026-03-06 10:48:15
43582395,2026-03-06 08:31:16
43582395,2026-03-08 19:28:16
43582395,2026-03-09 18:03:36
43582395,2026-03-10 06:13:45
43582395,2026-03-12 15:18:08
43582395,2026-03-15 21:38:12
43582395,2026-03-16 09:17:13
43582395,2026-03-18 17:13:40
43582395,2026-03-19 09:52:47
43582395,2026-03-20 12:52:19
43582395,2026-03-22 07:49:53
43582395,2026-03-27 18:18:10
43582395,2026-03-30 08:49:41
43582395,2026-04-01 21:25:21
43582395,2026-04-04 15:13:43
43582395,2026-04-09 13:57:16
43582395,2026-04-10 11:25:58
43582395,2026-04-11 15:49:30
43582395,2026-04-12 12:13:20
43582395,2026-04-13 07:25:13
43582395,2026-04-14 15:58:40
43582395,2026-04-15 19:05:04
43582395,2026-04-17 11:02:17
43582395,2026-04-19 20:38:50
43582395,2026-04-22 13:33:33
43582395,2026-04-24 14:26:19
43582395,2026-04-26 12:53:10
43582395,2026-04-27 14:51:56
43582395,2026-04-28 06:59:57
43582395,2026-04-30 21:08:04
43582395,2026-05-02 19:28:41
43582395,2026-05-05 15:29:41
43582395,2026-05-06 08:30:52
43582395,2026-05-06 15:04:39
43582395,2026-05-07 08:46:11
43582395,2026-05-08 16:34:38
43582395,2026-05-11 08:29:32
43582395,2026-05-14 11:06:49
43582395,2026-05-15 16:13:36
43582395,2026-05-16 06:10:53
43582395,2026-05-17 17:49:42
43582395,2026-05-18 11:35:53
43582395,2026-05-19 16:15:24
43582395,2026-05-21 15:58:11
43582395,2026-05-22 12:30:34
43582395,2026-05-23 10:13:49
43582395,2026-05-24 16:21:54
43582395,2026-05-26 18:41:04
43582395,2026-05-28 16:33:03
43582395,2026-05-30 06:59:45
43582395,2026-05-31 17:55:24
43582395,2026-06-01 16:06:28
43582395,2026-06-02 16:31:54
43582395,2026-06-04 17:35:57
43582395,2026-06-05 21:17:36
43582395,2026-06-08 12:26:43
43582395,2026-06-10 13:22:37
43582395,2026-06-11 19:01:55
43582395,2026-06-13 07:29:18
43582395,2026-06-14 19:02:47
43582395,2026-06-15 15:44:54
43582395,2026-06-18 11:22:46
43582395,2026-06-19 09:29:05
43582395,2026-06-22 17:12:29
43582395,2026-06-25 09:32:29
43582395,2026-06-26 13:41:48
43582395,2026-06-28 07:27:32
43582395,2026-06-29 08:54:56
43582395,2026-06-30 17:00:19
43582395,2026-07-03 19:44:30
43582395,2026-07-04 08:42:14
43582395,2026-07-06 18:49:54
43582395,2026-07-07 14:28:20
43582395,2026-07-08 08:44:20
43582395,2026-07-09 11:13:00
43582395,2026-07-11 18:28:34
43582395,2026-07-12 06:55:58
43582395,2026-07-13 19:02:01
43582395,2026-07-18 20:20:25
43582395,2026-07-21 17:40:41
43582395,2026-07-22 18:42:10
43582395,2026-07-23 17:57:31
43582395,2026-07-24 06:29:00
43582395,2026-07-29 10:36:53
43582395,2026-07-30 16:46:09
43582395,2026-07-31 07:51:21
43582395,2026-08-01 11:30:22
43582395,2026-08-02 09:13:15
43582395,2026-08-05 20:09:27
43582395,2026-08-06 06:32:40
43582395,2026-08-06 16:47:04
43582395,2026-08-07 06:05:25
43582395,2026-08-08 20:56:25
43582395,2026-08-12 18:29:48
43582395,2026-08-13 16:21:31
43582395,2026-08-15 18:43:38
43582395,2026-08-16 17:06:46
43582395,2026-08-17 11:49:39
43582395,2026-08-18 18:02:08
43582395,2026-08-21 07:19:12
43582395,2026-08-24 20:02:44
43582395,2026-08-25 19:35:52
43582395,2026-08-26 13:04:00
43582395,2026-08-28 21:07:57
43582395,2026-08-29 17:07:09
43582395,2026-09-01 11:49:39
43582395,2026-09-02 19:55:40
43582395,2026-09-04 14:30:27
43582395,2026-09-05 18:31:47
43582395,2026-09-06 15:55:27
48233085,2026-03-11 09:40:50
48233085,2026-03-12 16:06:23
48233085,2026-03-14 06:22:24
48233085,2026-03-15 10:41:35
48233085,2026-03-16 07:23:55
48233085,2026-03-19 10:38:43
48233085,2026-03-20 20:58:50
48233085,2026-03-23 06:08:02
48233085,2026-03-25 20:39:29
48233085,2026-03-27 16:09:49
48233085,2026-03-29 07:22:48
48233085,2026-03-30 20:25:30
48233085,2026-03-31 12:45:15
48233085,2026-04-01 09:27:56
48233085,2026-04-04 18:03:13
48233085,2026-04-11 11:05:53
48233085,2026-04-12 13:33:02
48233085,2026-04-13 16:03:08
48233085,2026-04-15 07:39:18
48233085,2026-04-17 15:37:45
48233085,2026-04-19 08:22:44
48233085,2026-04-20 07:15:21
48233085,2026-04-26 18:20:00
48233085,2026-04-27 18:17:10
48233085,2026-04-30 14:25:43
48233085,2026-05-04 19:05:42
48233085,2026-05-06 07:11:18
48233085,2026-05-08 19:14:31
48233085,2026-05-09 11:50:54
48233085,2026-05-13 19:52:40
48233085,2026-05-15 18:48:12
48233085,2026-05-17 16:32:58
48233085,2026-05-21 06:39:32
48233085,2026-05-22 19:13:41
48233085,2026-05-25 17:37:36
48233085,2026-05-30 17:24:54
48233085,2026-05-31 13:24:01
48233085,2026-06-03 18:43:12
48233085,2026-06-04 07:11:11
48233085,2026-06-08 21:53:49
48233085,2026-06-15 08:25:12
48233085,2026-06-18 07:09:57
48233085,2026-06-21 07:46:38
48233085,2026-06-25 21:57:52
48233085,2026-06-26 16:57:41
48233085,2026-07-01 10:10:14
31542715,2026-04-23 12:43:25
31542715,2026-04-24 21:40:31
31542715,2026-04-26 16:37:10
31542715,2026-04-28 13:05:10
31542715,2026-04-29 19:52:23
31542715,2026-04-30 10:08:18
31542715,2026-05-03 13:02:17
31542715,2026-05-06 18:03:03
31542715,2026-05-23 09:23:34
31542715,2026-05-30 07:34:03
31542715,2026-05-31 18:52:12
31542715,2026-06-03 12:17:16
31542715,2026-06-04 09:46:45
31542715,2026-06-10 21:15:28
31542715,2026-06-17 17:42:49
31542715,2026-06-20 17:50:48
31542715,2026-07-02 13:57:02
31542715,2026-07-12 09:48:45
31542715,2026-07-14 10:23:36
31542715,2026-07-25 17:24:21
31542715,2026-07-27 08:09:01
31542715,2026-08-09 07:15:50
31542715,2026-08-15 20:54:59
31542715,2026-08-21 19:07:20
31542715,2026-08-23 20:08:40
47675123,2025-11-26 13:01:33
47675123,2025-11-28 07:50:52
47675123,2025-11-29 08:22:06
47675123,2025-12-01 15:33:27
47675123,2025-12-02 08:35:06
47675123,2025-12-03 20:08:12
47675123,2025-12-04 19:52:39
47675123,2025-12-05 12:58:15
47675123,2025-12-06 16:45:47
47675123,2025-12-07 10:51:46
47675123,2025-12-09 17:12:05
47675123,2025-12-10 14:38:47
47675123,2025-12-13 07:36:30
47675123,2025-12-14 17:52:41
47675123,2025-12-16 17:46:06
47675123,2025-12-17 17:57:28
47675123,2025-12-18 12:39:52
47675123,2025-12-20 21:06:01
47675123,2025-12-21 18:13:38
47675123,2025-12-22 16:32:09
47675123,2025-12-23 08:19:28
47675123,2025-12-24 18:07:56
47675123,2025-12-26 08:52:33
47675123,2025-12-28 10:15:34
47675123,2026-01-01 19:00:51
47675123,2026-01-03 18:37:54
47675123,2026-01-04 18:48:20
47675123,2026-01-05 13:23:16
47675123,2026-01-06 08:32:25
47675123,2026-01-07 17:00:16
47675123,2026-01-08 18:27:59
47675123,2026-01-09 18:10:33
47675123,2026-01-10 17:22:37
47675123,2026-01-12 08:38:10
47675123,2026-01-14 21:35:44
47675123,2026-01-15 20:22:14
47675123,2026-01-16 20:56:13
47675123,2026-01-17 17:12:28
47675123,2026-01-19 21:58:09
47675123,2026-01-20 18:35:02
47675123,2026-01-21 21:12:31
47675123,2026-01-22 11:41:37
47675123,2026-01-22 21:53:38
47675123,2026-01-23 06:08:49
47675123,2026-01-24 21:01:53
47675123,2026-01-25 15:30:53
47675123,2026-01-28 13:04:37
47675123,2026-01-29 11:35:27
47675123,2026-02-01 18:21:00
47675123,2026-02-03 16:31:14
47675123,2026-02-04 15:19:56
47675123,2026-02-05 07:57:39
47675123,2026-02-06 10:17:31
47675123,2026-02-09 11:39:22
47675123,2026-02-14 18:02:58
47675123,2026-02-15 09:27:19
47675123,2026-02-17 20:55:44
47675123,2026-02-19 13:31:42
47675123,2026-02-22 12:42:57
47675123,2026-02-22 18:04:37
47675123,2026-02-23 18:59:15
47675123,2026-02-24 19:28:37
47675123,2026-02-25 15:02:16
47675123,2026-02-27 07:08:20
47675123,2026-02-28 07:54:44
47675123,2026-03-01 20:34:41
47675123,2026-03-02 08:26:52
47675123,2026-03-03 09:17:33
47675123,2026-03-04 14:06:24
47675123,2026-03-06 15:58:30
47675123,2026-03-10 13:13:22
47675123,2026-03-15 19:30:27
47675123,2026-03-16 18:10:50
47675123,2026-03-19 07:37:39
47675123,2026-03-21 19:32:54
47675123,2026-03-22 15:24:01
47675123,2026-03-23 20:12:30
47675123,2026-03-24 19:49:49
47675123,2026-03-25 18:04:01
47675123,2026-03-26 12:41:30
47675123,2026-03-28 19:02:43
47675123,2026-03-29 20:27:05
47675123,2026-03-31 07:52:54
47675123,2026-04-02 12:01:43
47675123,2026-04-03 15:41:31
47675123,2026-04-04 11:29:38
47675123,2026-04-05 18:55:34
47675123,2026-04-06 09:28:04
47675123,2026-04-07 16:43:34
47675123,2026-04-08 09:39:57
47675123,2026-04-09 13:55:11
47675123,2026-04-11 16:58:22
47675123,2026-04-16 18:26:14
47675123,2026-04-19 16:09:48
47675123,2026-04-21 16:45:56
47675123,2026-04-22 06:12:01
47675123,2026-04-25 08:20:38
47675123,2026-04-26 17:30:59
47675123,2026-04-29 17:56:11
47675123,2026-05-01 14:23:22
47675123,2026-05-02 06:28:26
47675123,2026-05-03 11:07:19
47675123,2026-05-04 21:55:26
47675123,2026-05-05 12:11:44
47675123,2026-05-08 06:08:46
47675123,2026-05-13 13:33:03
47675123,2026-05-15 18:57:45
47675123,2026-05-16 19:35:40
47675123,2026-05-17 06:49:54
47675123,2026-05-18 14:34:44
47675123,2026-05-19 08:53:20
47675123,2026-05-20 10:12:49
47675123,2026-05-22 10:04:01
47675123,2026-05-23 14:28:28
47675123,2026-05-24 06:25:34
47675123,2026-05-25 15:02:44
47675123,2026-05-27 13:15:03
47675123,2026-05-28 12:07:18
47675123,2026-05-29 09:54:33
47675123,2026-05-31 21:59:18
47675123,2026-06-02 17:28:52
47675123,2026-06-05 06:32:52
47675123,2026-06-06 18:44:47
47675123,2026-06-07 19:20:35
47675123,2026-06-08 21:57:45
47675123,2026-06-09 13:59:10
47675123,2026-06-12 14:21:30
47675123,2026-06-14 19:27:04
47675123,2026-06-15 17:03:24
47675123,2026-06-19 10:33:22
47675123,2026-06-21 06:46:50
40367193,2026-02-13 06:05:56
40367193,2026-02-15 18:49:20
40367193,2026-02-16 08:01:02
40367193,2026-02-18 10:08:26
40367193,2026-02-20 21:26:16
40367193,2026-02-22 06:51:25
40367193,2026-02-23 06:22:30
40367193,2026-02-25 13:04:42
40367193,2026-03-03 08:46:20
40367193,2026-03-07 13:24:00
40367193,2026-03-08 20:41:03
40367193,2026-03-09 14:37:40
40367193,2026-03-11 15:59:37
40367193,2026-03-12 16:09:42
40367193,2026-03-15 15:58:22
40367193,2026-03-19 14:23:48
40367193,2026-03-20 19:15:17
40367193,2026-03-21 09:47:19
40367193,2026-03-22 09:07:18
40367193,2026-03-26 20:55:41
40367193,2026-03-27 13:00:41
40367193,2026-03-28 08:38:12
40367193,2026-03-30 09:43:33
40367193,2026-04-02 09:35:10
40367193,2026-04-03 20:12:02
40367193,2026-04-04 11:49:43
40367193,2026-04-10 14:57:08
34134674,2026-03-20 06:49:08
34134674,2026-03-21 08:38:48
34134674,2026-03-22 18:40:39
34134674,2026-03-23 12:49:15
34134674,2026-03-24 12:49:43
34134674,2026-03-25 14:36:19
34134674,2026-03-26 20:05:08
34134674,2026-03-27 12:48:37
34134674,2026-03-29 17:03:51
34134674,2026-03-30 18:58:17
34134674,2026-04-03 06:08:51
34134674,2026-04-05 12:05:52
34134674,2026-04-12 19:02:48
34134674,2026-04-15 21:53:37
34134674,2026-04-18 12:29:42
34134674,2026-04-21 10:37:21
34134674,2026-04-24 21:27:25
34134674,2026-04-27 12:58:21
34134674,2026-04-28 08:46:46
34134674,2026-04-29 19:29:03
34134674,2026-05-02 16:36:00
34134674,2026-05-06 15:19:06
34134674,2026-05-08 21:18:01
34134674,2026-05-11 10:47:58
34134674,2026-05-13 13:08:29
34134674,2026-05-14 21:03:47
34134674,2026-05-17 17:54:25
34134674,2026-05-18 10:04:13
34134674,2026-05-21 11:53:35
34134674,2026-05-25 21:10:01
34134674,2026-05-30 07:13:26
34134674,2026-05-31 14:02:05
34134674,2026-06-02 18:38:54
34134674,2026-06-04 06:33:19
34134674,2026-06-07 12:08:16
34134674,2026-06-09 06:29:19
34134674,2026-06-11 11:34:55
34134674,2026-06-13 21:08:40
34134674,2026-06-16 19:52:59
34134674,2026-06-20 07:37:35
34134674,2026-06-22 13:31:23
34134674,2026-06-26 07:51:52
34134674,2026-06-27 15:04:24
34134674,2026-06-28 08:06:19
34134674,2026-06-29 12:31:30
34134674,2026-07-01 15:57:29
34134674,2026-07-02 09:03:32
34134674,2026-07-04 18:17:46
34134674,2026-07-06 13:30:59
34134674,2026-07-09 08:39:31
34134674,2026-07-15 08:22:59
34134674,2026-07-17 18:19:45
34134674,2026-07-21 13:27:25
34134674,2026-07-23 20:34:12
34134674,2026-07-25 10:01:00
34134674,2026-07-26 14:15:37
34134674,2026-07-28 11:00:47
34134674,2026-07-31 20:03:26
34134674,2026-08-04 21:22:10
34134674,2026-08-05 19:51:47
34134674,2026-08-06 15:39:55
34134674,2026-08-07 10:07:44
34134674,2026-08-08 14:46:38
34134674,2026-08-11 18:08:19
34134674,2026-08-15 07:41:50
34134674,2026-08-23 08:07:09
34610191,2025-12-18 19:21:50
34610191,2025-12-19 16:47:38
34610191,2025-12-21 18:19:16
34610191,2025-12-22 16:34:30
34610191,2025-12-25 09:48:22
34610191,2025-12-27 07:52:38
34610191,2025-12-30 17:24:00
34610191,2025-12-31 10:34:16
34610191,2026-01-01 10:50:51
34610191,2026-01-02 20:38:29
34610191,2026-01-03 08:13:02
34610191,2026-01-03 12:07:02
34610191,2026-01-04 16:55:32
34610191,2026-01-05 17:25:18
34610191,2026-01-10 19:58:31
34610191,2026-01-11 06:38:23
34610191,2026-01-12 11:07:11
34610191,2026-01-16 18:01:36
34610191,2026-01-17 08:06:41
34610191,2026-01-19 13:17:46
34610191,2026-01-22 21:23:17
34610191,2026-01-26 17:02:32
34610191,2026-01-27 07:46:31
34610191,2026-01-30 18:28:33
34610191,2026-02-01 16:37:44
40797196,2026-05-01 10:07:29
40797196,2026-05-02 15:32:33
40797196,2026-05-03 11:56:18
40797196,2026-05-04 13:36:49
40797196,2026-05-05 06:22:45
40797196,2026-05-06 08:37:12
40797196,2026-05-07 17:01:35
40797196,2026-05-10 07:16:18
40797196,2026-05-11 07:14:36
40797196,2026-05-12 06:10:42
40797196,2026-05-13 19:41:54
40797196,2026-05-14 09:34:02
40797196,2026-05-14 16:11:35
40797196,2026-05-15 08:10:38
40797196,2026-05-18 21:16:34
40797196,2026-05-19 07:24:01
40797196,2026-05-20 10:11:16
40797196,2026-05-25 19:58:20
40797196,2026-05-27 18:24:22
40797196,2026-06-01 11:03:40
40797196,2026-06-03 12:47:53
40797196,2026-06-04 16:00:52
40797196,2026-06-08 07:49:47
40797196,2026-06-12 13:59:52
40797196,2026-06-16 15:22:44
40797196,2026-06-23 12:11:16
40797196,2026-06-27 11:58:13
40797196,2026-06-28 13:38:31
40797196,2026-07-02 15:18:17
40797196,2026-07-04 06:39:24
40797196,2026-07-05 09:31:32
40797196,2026-07-07 12:58:08
40797196,2026-07-08 16:21:51
40797196,2026-07-12 17:21:33
40797196,2026-07-14 16:23:52
40797196,2026-07-14 09:37:11
40797196,2026-07-18 17:19:56
40797196,2026-07-19 13:02:54
40797196,2026-07-20 17:58:10
40797196,2026-07-21 17:35:20
40797196,2026-07-24 10:00:49
40797196,2026-07-25 21:03:28
40797196,2026-07-28 06:03:29
40797196,2026-07-29 16:56:44
40797196,2026-07-31 16:49:56
40797196,2026-08-01 20:24:40
40797196,2026-08-06 18:58:02
40797196,2026-08-14 14:13:21
45825638,2026-03-03 17:53:12
45825638,2026-03-04 15:45:13
45825638,2026-03-08 08:10:55
45825638,2026-03-10 06:44:25
45825638,2026-03-12 18:36:37
45825638,2026-03-14 14:50:31
45825638,2026-03-17 11:01:03
45825638,2026-03-22 20:11:48
45825638,2026-03-24 21:20:17
33391208,2026-03-31 20:07:01
33391208,2026-04-01 21:41:42
33391208,2026-04-07 21:08:43
33391208,2026-04-12 09:31:51
33391208,2026-04-13 08:59:24
33391208,2026-04-27 20:00:17
33391208,2026-05-07 12:06:59
33391208,2026-05-09 21:06:03
33391208,2026-05-11 14:43:26
33391208,2026-05-12 17:05:20
33391208,2026-05-20 16:01:32
33391208,2026-05-31 19:58:44
33391208,2026-06-10 12:23:13
33391208,2026-06-11 08:26:58
33391208,2026-06-23 12:51:17
33391208,2026-07-01 15:13:41
33391208,2026-07-02 19:36:55
33391208,2026-07-07 21:55:25
33391208,2026-07-11 17:35:06
33391208,2026-07-13 07:19:18
33391208,2026-07-20 16:59:19
33391208,2026-07-21 17:28:48
33391208,2026-07-24 13:14:34
33391208,2026-07-27 18:48:46
33391208,2026-08-01 17:57:39
33391208,2026-08-05 19:46:22
33391208,2026-08-08 07:08:14
33391208,2026-08-11 12:55:09
43912097,2026-01-28 15:41:54
43912097,2026-01-29 12:42:46
43912097,2026-01-30 19:50:11
43912097,2026-01-31 17:30:34
43912097,2026-02-01 21:17:20
43912097,2026-02-02 14:35:46
43912097,2026-02-03 20:06:31
43912097,2026-02-05 09:56:47
43912097,2026-02-06 18:05:42
43912097,2026-02-08 15:06:15
43912097,2026-02-09 12:51:49
43912097,2026-02-10 21:19:14
43912097,2026-02-11 06:28:41
43912097,2026-02-12 16:25:40
43912097,2026-02-13 15:04:17
43912097,2026-02-14 16:57:38
43912097,2026-02-15 11:15:09
43912097,2026-02-18 15:58:03
43912097,2026-02-20 07:48:46
43912097,2026-02-21 20:50:06
43912097,2026-02-23 20:24:22
43912097,2026-02-24 15:04:17
43912097,2026-02-25 13:41:05
43912097,2026-02-26 21:24:43
43912097,2026-02-27 19:57:21
43912097,2026-02-28 13:52:14
43912097,2026-03-01 18:10:38
43912097,2026-03-02 10:58:35
43912097,2026-03-03 19:11:27
43912097,2026-03-06 19:29:48
43912097,2026-03-07 20:15:34
43912097,2026-03-08 10:21:34
43912097,2026-03-09 12:29:07
43912097,2026-03-10 18:08:22
43912097,2026-03-11 17:25:19
43912097,2026-03-12 07:37:31
43912097,2026-03-13 13:24:27
43912097,2026-03-15 15:43:33
43912097,2026-03-17 21:44:57
43912097,2026-03-19 15:27:37
43912097,2026-03-20 08:52:54
43912097,2026-03-21 07:49:57
43912097,2026-03-22 19:13:33
43912097,2026-03-23 12:40:15
43912097,2026-03-25 21:56:04
43912097,2026-03-26 10:04:48
43912097,2026-03-27 15:10:17
43912097,2026-03-28 09:45:39
43912097,2026-03-29 10:18:29
43912097,2026-03-30 20:21:43
43912097,2026-03-31 18:01:01
43912097,2026-04-02 08:47:21
43912097,2026-04-04 09:03:36
43912097,2026-04-06 21:51:51
43912097,2026-04-08 21:00:03
43912097,2026-04-10 17:40:15
43912097,2026-04-11 07:53:54
43912097,2026-04-12 14:02:13
43912097,2026-04-13 09:40:12
43912097,2026-04-15 21:51:37
43912097,2026-04-16 17:22:56
43912097,2026-04-21 16:17:36
43912097,2026-04-22 08:45:06
43912097,2026-04-26 07:25:55
43912097,2026-04-29 17:49:37
43912097,2026-04-30 09:37:26
43912097,2026-05-03 17:34:30
43912097,2026-05-05 16:44:23
43912097,2026-05-07 06:01:36
43912097,2026-05-09 09:45:39
43912097,2026-05-10 18:32:42
43912097,2026-05-11 15:39:36
43912097,2026-05-13 08:35:31
43912097,2026-05-14 10:01:59
43912097,2026-05-15 10:27:51
43868067,2026-03-25 19:40:43
43868067,2026-03-26 15:55:42
43868067,2026-03-27 12:14:29
43868067,2026-04-04 20:39:30
43868067,2026-04-11 13:54:20
43868067,2026-04-12 21:44:51
43868067,2026-04-13 13:15:44
43868067,2026-04-14 21:33:13
43868067,2026-04-23 13:59:10
43868067,2026-05-05 14:55:09
43868067,2026-05-09 16:01:06
43868067,2026-05-10 08:00:37
43868067,2026-05-16 20:17:48
43868067,2026-05-22 07:43:50
43868067,2026-05-24 08:12:40
43868067,2026-06-06 06:50:45
43868067,2026-06-15 10:07:46
43868067,2026-06-19 15:17:14
43868067,2026-06-21 07:56:28
43868067,2026-06-23 10:52:19
43868067,2026-06-25 15:05:08
43868067,2026-06-29 10:21:31
43868067,2026-07-01 20:38:32
43868067,2026-07-11 20:24:47
43868067,2026-07-16 09:30:37
43868067,2026-07-24 21:45:57
43868067,2026-07-25 09:16:50
43868067,2026-07-28 20:30:43
43868067,2026-07-30 07:31:54
43868067,2026-07-31 15:02:52
43868067,2026-08-04 14:06:19
43868067,2026-08-12 07:00:13
30986280,2025-12-14 12:24:16
30986280,2025-12-17 10:09:24
30986280,2025-12-20 18:10:02
30986280,2025-12-21 18:21:02
30986280,2025-12-22 21:49:30
30986280,2025-12-23 12:30:59
30986280,2025-12-25 15:21:29
30986280,2025-12-26 09:44:06
30986280,2025-12-27 18:33:42
30986280,2025-12-28 07:37:34
30986280,2025-12-30 09:36:58
30986280,2025-12-31 15:08:13
30986280,2026-01-01 10:37:31
30986280,2026-01-02 17:39:55
30986280,2026-01-06 18:34:03
30986280,2026-01-09 13:16:02
30986280,2026-01-13 17:35:26
30986280,2026-01-14 14:27:56
30986280,2026-01-16 14:23:29
30986280,2026-01-19 09:41:59
30986280,2026-01-20 13:10:23
30986280,2026-01-22 17:45:20
30986280,2026-01-24 21:09:20
30986280,2026-01-26 21:59:55
30986280,2026-01-28 09:58:23
30986280,2026-01-29 14:34:34
30986280,2026-01-30 18:33:37
30986280,2026-01-31 10:14:35
30986280,2026-02-03 07:18:54
30986280,2026-02-04 13:03:37
30986280,2026-02-05 12:32:00
30986280,2026-02-08 21:37:02
30986280,2026-02-09 14:11:22
30986280,2026-02-10 12:52:55
30986280,2026-02-12 13:23:29
30986280,2026-02-14 11:09:51
30986280,2026-02-16 19:28:26
30986280,2026-02-17 18:57:46
30986280,2026-02-21 10:40:02
30986280,2026-02-23 16:58:50
30986280,2026-02-28 11:33:22
30986280,2026-03-01 14:54:53
30986280,2026-03-05 07:11:11
30986280,2026-03-08 11:39:05
30986280,2026-03-10 15:27:10
30986280,2026-03-19 20:54:38
30986280,2026-03-20 09:02:49
30986280,2026-03-21 15:38:17
30986280,2026-03-23 19:40:37
30986280,2026-03-24 08:56:08
30986280,2026-03-27 19:13:32
30986280,2026-03-28 12:18:31
30986280,2026-03-30 15:05:01
30986280,2026-04-04 16:17:08
30986280,2026-04-11 14:45:46
30986280,2026-04-12 08:23:35
30986280,2026-04-16 16:29:26
30986280,2026-04-18 17:10:38
30986280,2026-04-20 07:54:22
30986280,2026-04-21 10:18:04
30986280,2026-04-22 16:23:28
30986280,2026-04-24 06:38:47
30986280,2026-04-26 06:46:54
30986280,2026-04-29 11:34:19
38632323,2025-11-12 09:05:22
38632323,2025-11-13 12:25:51
38632323,2025-11-14 12:30:06
38632323,2025-11-15 13:08:53
38632323,2025-11-18 20:31:30
38632323,2025-11-19 14:26:59
38632323,2025-11-23 15:12:00
38632323,2025-11-24 21:12:04
38632323,2025-11-28 11:15:33
38632323,2025-11-29 13:50:49
38632323,2025-12-01 21:42:44
38632323,2025-12-03 08:32:18
38632323,2025-12-08 19:30:34
38632323,2025-12-11 13:46:46
38632323,2025-12-12 07:17:18
38632323,2025-12-15 08:00:08
38632323,2025-12-21 15:11:07
38632323,2025-12-23 19:58:40
38632323,2025-12-24 17:00:57
38632323,2025-12-26 18:21:44
38632323,2025-12-27 07:55:02
38632323,2025-12-31 15:18:45
38632323,2026-01-02 06:19:43
38632323,2026-01-05 13:06:36
38632323,2026-01-06 17:56:30
38632323,2026-01-07 10:20:08
38632323,2026-01-08 08:57:57
38632323,2026-01-09 18:45:43
38632323,2026-01-11 17:56:01
38632323,2026-01-15 16:52:01
38632323,2026-01-17 19:59:17
38632323,2026-01-22 21:14:39
38632323,2026-01-23 18:21:17
38632323,2026-01-31 14:36:31
38632323,2026-02-06 18:05:41
38632323,2026-02-09 12:59:12
38632323,2026-02-11 20:42:20
38632323,2026-02-12 10:24:55
38632323,2026-02-16 18:22:50
38632323,2026-02-22 15:49:55
38632323,2026-02-24 08:59:31
38632323,2026-02-25 18:32:07
38632323,2026-02-28 11:40:00
38632323,2026-03-04 21:08:48
38632323,2026-03-07 10:08:28
38632323,2026-03-08 20:22:39
38632323,2026-03-12 18:37:03
38632323,2026-03-13 12:05:30
38632323,2026-03-14 20:07:35
38632323,2026-03-18 17:23:01
38632323,2026-03-19 08:25:46
38632323,2026-03-23 12:20:25
38632323,2026-03-24 06:54:38
38632323,2026-03-25 12:31:19
38632323,2026-03-26 15:10:11
38632323,2026-03-28 11:35:56
38632323,2026-04-02 07:13:25
38632323,2026-04-05 11:58:30
38632323,2026-04-07 13:34:06
38632323,2026-04-09 12:32:29
38632323,2026-04-10 17:03:19
38632323,2026-04-11 17:04:22
38632323,2026-04-14 10:58:58
38632323,2026-04-15 08:42:08
38632323,2026-04-16 12:12:54
38632323,2026-04-20 06:25:20
38632323,2026-04-27 12:31:48
38632323,2026-04-29 17:39:04
38632323,2026-05-01 16:34:04
38632323,2026-05-04 19:32:49
38632323,2026-05-11 10:52:27
38632323,2026-05-14 20:54:10
38632323,2026-05-15 21:45:08
38632323,2026-05-20 08:51:56
38632323,2026-05-21 14:00:46
38632323,2026-05-22 20:53:26
38632323,2026-05-24 14:09:04
38632323,2026-05-27 09:55:09
38632323,2026-05-31 08:13:47
38632323,2026-06-01 15:01:04
38632323,2026-06-02 20:20:09
38632323,2026-06-04 17:42:18
38632323,2026-06-09 09:46:57
38632323,2026-06-11 10:40:56
38632323,2026-06-13 11:56:05
38632323,2026-06-16 09:23:56
38632323,2026-06-24 12:53:48
38632323,2026-06-27 20:33:10
38632323,2026-06-30 10:09:26
38632323,2026-07-01 13:34:16
38632323,2026-07-02 15:36:21
38632323,2026-07-03 17:08:00
38632323,2026-07-06 16:42:02
38632323,2026-07-07 18:51:11
38632323,2026-07-08 20:32:13
38632323,2026-07-13 09:47:42
38632323,2026-07-14 16:16:27
38632323,2026-07-16 12:14:25
38632323,2026-07-21 20:11:50
38632323,2026-07-24 09:51:39
38632323,2026-07-29 08:33:50
38632323,2026-07-30 11:28:30
38632323,2026-08-02 11:24:07
38632323,2026-08-04 08:02:54
38632323,2026-08-05 10:52:53
38632323,2026-08-06 16:46:13
38632323,2026-08-07 18:25:01
38632323,2026-08-09 20:36:27
38632323,2026-08-11 13:44:06
38632323,2026-08-17 09:02:27
38632323,2026-08-18 09:14:14
38632323,2026-08-24 06:11:19
38632323,2026-08-28 07:20:38
31934497,2026-03-30 20:11:16
31934497,2026-03-31 08:26:54
31934497,2026-04-01 11:15:10
31934497,2026-04-02 12:31:29
31934497,2026-04-04 09:00:44
31934497,2026-04-05 06:49:32
31934497,2026-04-06 11:27:55
31934497,2026-04-08 14:00:54
31934497,2026-04-10 08:56:18
31934497,2026-04-10 13:55:00
31934497,2026-04-12 16:36:57
31934497,2026-04-14 20:37:46
31934497,2026-04-18 21:58:19
31934497,2026-04-20 17:29:32
31934497,2026-04-21 06:18:07
31934497,2026-04-25 09:27:49
31934497,2026-04-26 14:29:01
31934497,2026-04-28 13:25:30
31934497,2026-04-29 09:14:46
31934497,2026-05-01 15:05:58
31934497,2026-05-02 14:32:01
31934497,2026-05-04 10:42:39
31934497,2026-05-06 18:10:46
31934497,2026-05-10 19:32:41
31934497,2026-05-11 14:33:05
31934497,2026-05-14 17:40:30
31934497,2026-05-16 13:33:12
31934497,2026-05-22 14:58:32
31934497,2026-05-24 14:41:44
31934497,2026-05-26 12:59:15
31934497,2026-05-28 09:41:32
31934497,2026-06-02 15:43:41
31934497,2026-06-03 07:40:04
31934497,2026-06-05 08:33:52
31934497,2026-06-06 06:23:08
31934497,2026-06-08 08:45:16
31934497,2026-06-09 06:42:11
31934497,2026-06-11 12:19:32
31934497,2026-06-16 12:58:42
31934497,2026-06-21 08:42:18
31934497,2026-06-25 17:48:53
31934497,2026-06-30 16:57:53
31934497,2026-07-05 15:05:20
31934497,2026-07-06 06:39:56
31934497,2026-07-07 13:17:40
31934497,2026-07-09 12:51:57
31934497,2026-07-10 12:48:30
31934497,2026-07-13 13:13:00
31934497,2026-07-19 08:45:38
31934497,2026-07-21 18:14:18
31934497,2026-07-22 18:18:52
31934497,2026-07-24 08:15:38
31934497,2026-07-25 19:13:19
31934497,2026-07-27 18:30:18
31934497,2026-08-01 11:22:39
31934497,2026-08-05 15:28:47
31934497,2026-08-06 16:28:25
31934497,2026-08-08 15:19:00
31934497,2026-08-10 07:37:56
41153924,2026-08-06 20:39:55
41153924,2026-08-07 08:45:43
41153924,2026-08-08 13:50:07
41153924,2026-08-09 10:06:31
41153924,2026-08-10 09:21:51
41153924,2026-08-11 09:17:53
41153924,2026-08-12 10:50:10
41153924,2026-08-13 08:52:53
41153924,2026-08-14 10:41:49
41153924,2026-08-15 15:21:06
41153924,2026-08-16 07:22:57
42399071,2026-05-08 18:37:01
42399071,2026-05-11 08:51:01
42399071,2026-05-12 12:43:48
42399071,2026-05-14 15:37:35
42399071,2026-05-22 14:43:40
42399071,2026-05-26 19:36:24
42399071,2026-05-30 20:59:29
42399071,2026-06-02 07:21:49
42399071,2026-06-03 07:36:38
42399071,2026-06-13 18:49:34
42399071,2026-06-15 13:29:55
42399071,2026-06-23 15:17:27
42399071,2026-06-25 07:02:53
42399071,2026-06-26 13:51:38
42399071,2026-07-11 13:05:23
42399071,2026-07-12 19:49:24
42399071,2026-07-14 11:09:28
42399071,2026-07-20 21:18:36
42399071,2026-07-27 15:28:27
42399071,2026-08-08 07:03:55
42399071,2026-08-16 19:38:07
42399071,2026-08-20 20:03:45
40205064,2026-05-27 16:10:22
40205064,2026-05-28 20:57:59
40205064,2026-05-29 18:05:45
40205064,2026-05-30 07:27:18
40205064,2026-05-31 19:15:42
40205064,2026-06-01 10:16:34
40205064,2026-06-03 20:48:13
40205064,2026-06-04 12:48:02
40205064,2026-06-05 07:50:12
40205064,2026-06-07 07:21:30
40205064,2026-06-08 06:39:22
40205064,2026-06-10 20:07:33
40205064,2026-06-10 12:01:56
40205064,2026-06-12 18:00:51
40205064,2026-06-13 06:13:28
40205064,2026-06-18 15:13:02
40205064,2026-06-22 20:48:20
40205064,2026-06-27 19:22:59
40205064,2026-06-29 18:09:16
40205064,2026-06-30 10:50:58
40205064,2026-07-04 16:31:33
40205064,2026-07-07 12:06:58
40205064,2026-07-11 07:45:27
40205064,2026-07-12 21:44:34
40205064,2026-07-21 09:53:15
40205064,2026-07-22 12:39:55
40205064,2026-07-23 06:39:35
40205064,2026-07-26 15:38:33
40205064,2026-07-28 15:23:40
40205064,2026-07-29 06:01:24
40205064,2026-08-01 13:35:49
40205064,2026-08-03 09:29:47
40205064,2026-08-04 09:23:32
40205064,2026-08-05 10:28:56
40205064,2026-08-06 06:58:24
40205064,2026-08-07 12:21:09
38975732,2026-01-21 18:38:25
38975732,2026-01-22 18:59:54
38975732,2026-01-23 19:35:02
38975732,2026-01-24 07:56:54
38975732,2026-01-25 15:06:51
38975732,2026-01-26 15:04:30
38975732,2026-01-27 15:53:48
38975732,2026-01-28 15:07:30
38975732,2026-01-29 17:52:48
38975732,2026-01-30 09:20:27
38975732,2026-01-31 15:03:34
38975732,2026-02-01 08:13:30
38975732,2026-02-02 12:51:17
38975732,2026-02-03 15:51:45
38975732,2026-02-04 08:17:40
38975732,2026-02-05 08:31:58
38975732,2026-02-06 18:50:43
38975732,2026-02-07 16:32:23
38975732,2026-02-07 21:16:03
38975732,2026-02-08 21:08:04
38975732,2026-02-10 19:27:11
38975732,2026-02-11 08:30:55
38975732,2026-02-13 18:43:10
38975732,2026-02-16 07:53:32
38975732,2026-02-18 21:32:47
38975732,2026-02-21 18:12:06
38975732,2026-02-23 14:52:47
38975732,2026-02-24 18:26:32
38975732,2026-02-27 14:07:43
38975732,2026-02-28 19:55:01
38975732,2026-03-01 19:15:31
38975732,2026-03-05 07:20:54
38975732,2026-03-06 07:21:48
38975732,2026-03-07 07:13:01
38975732,2026-03-07 17:07:39
38975732,2026-03-10 18:23:08
38975732,2026-03-11 15:20:26
38975732,2026-03-12 13:19:56
38975732,2026-03-13 13:00:43
38975732,2026-03-18 09:14:57
38975732,2026-03-21 09:53:55
38975732,2026-03-22 09:51:00
38975732,2026-03-24 18:18:18
38975732,2026-03-28 19:55:38
38975732,2026-03-30 11:28:33
38975732,2026-04-01 07:19:32
38975732,2026-04-02 11:34:57
38975732,2026-04-03 13:49:35
38975732,2026-04-04 19:17:00
38975732,2026-04-06 21:22:32
38975732,2026-04-07 17:49:19
38975732,2026-04-07 07:09:38
38975732,2026-04-08 17:26:35
38975732,2026-04-10 20:15:28
38975732,2026-04-13 10:39:23
38975732,2026-04-14 20:39:12
38975732,2026-04-15 14:30:45
38975732,2026-04-16 15:31:38
38975732,2026-04-17 13:25:22
38975732,2026-04-20 11:54:13
38975732,2026-04-21 17:42:57
38975732,2026-04-22 16:33:57
38975732,2026-04-23 18:54:41
38975732,2026-04-24 16:53:55
38975732,2026-04-25 13:25:03
38975732,2026-04-26 18:11:53
38975732,2026-04-28 21:43:05
38975732,2026-04-30 14:15:44
38975732,2026-05-02 17:43:13
38975732,2026-05-04 12:04:03
38975732,2026-05-05 06:20:32
38975732,2026-05-06 08:20:21
38975732,2026-05-07 21:03:06
38975732,2026-05-08 19:09:32
38975732,2026-05-12 12:07:15
38975732,2026-05-14 15:15:12
38975732,2026-05-17 14:54:23
38975732,2026-05-19 08:43:54
38975732,2026-05-20 07:47:40
38975732,2026-05-22 07:12:31
38975732,2026-05-25 11:43:07
38975732,2026-05-28 07:47:17
38975732,2026-05-30 11:40:26
38975732,2026-05-31 12:48:57
38975732,2026-06-02 06:17:05
38975732,2026-06-03 18:10:19
38975732,2026-06-05 06:42:56
38975732,2026-06-07 09:35:43
38975732,2026-06-07 08:51:24
38975732,2026-06-08 18:51:21
38975732,2026-06-12 16:52:14
38975732,2026-06-13 11:53:15
38975732,2026-06-14 21:40:01
38975732,2026-06-16 20:55:38
38975732,2026-06-17 21:20:19
38975732,2026-06-19 08:05:36
38975732,2026-06-20 14:41:42
38975732,2026-06-22 12:39:29
38975732,2026-06-24 08:41:00
38975732,2026-06-25 13:36:55
38975732,2026-06-26 17:15:04
38975732,2026-06-27 06:42:25
38975732,2026-06-29 10:11:42
38975732,2026-06-30 21:36:59
38975732,2026-07-01 10:20:48
38975732,2026-07-02 14:51:33
38975732,2026-07-04 20:11:23
38975732,2026-07-06 17:26:13
38975732,2026-07-07 19:34:16
38975732,2026-07-07 11:55:01
38975732,2026-07-08 06:35:16
38975732,2026-07-09 21:23:53
38975732,2026-07-10 06:19:58
38975732,2026-07-11 10:33:38
38975732,2026-07-13 14:54:23
38975732,2026-07-14 16:00:17
38975732,2026-07-16 14:20:58
38975732,2026-07-17 11:05:01
38975732,2026-07-18 11:43:19
38975732,2026-07-19 10:46:04
38975732,2026-07-23 10:51:42
38975732,2026-07-25 18:01:33
38975732,2026-07-26 11:19:15
38975732,2026-07-27 17:42:36
38975732,2026-07-29 20:16:08
38975732,2026-07-31 06:52:31
38975732,2026-08-02 12:26:29
38975732,2026-08-03 10:45:05
38975732,2026-08-04 14:10:59
38975732,2026-08-05 09:28:14
38975732,2026-08-07 07:06:40
38975732,2026-08-07 08:44:17
38975732,2026-08-10 18:24:08
38975732,2026-08-12 18:23:00
38975732,2026-08-15 15:41:40
38975732,2026-08-17 06:32:55
38975732,2026-08-18 21:13:08
38975732,2026-08-19 11:12:11
38975732,2026-08-20 20:59:22
38975732,2026-08-22 09:55:13
38975732,2026-08-23 08:12:03
38975732,2026-08-24 15:39:26
38975732,2026-08-25 06:44:34
38975732,2026-08-26 17:58:38
38975732,2026-08-27 08:12:49
38975732,2026-08-31 19:25:38
38975732,2026-09-01 07:26:25
38975732,2026-09-02 21:20:21
38975732,2026-09-03 10:21:05
38975732,2026-09-04 10:59:42
38975732,2026-09-05 19:59:16
38975732,2026-09-06 16:35:59
44737774,2026-01-29 06:25:37
44737774,2026-01-30 06:50:30
44737774,2026-01-31 19:22:49
44737774,2026-02-01 08:26:54
44737774,2026-02-02 18:09:13
44737774,2026-02-03 20:23:47
44737774,2026-02-04 13:25:29
44737774,2026-02-05 06:27:41
38105411,2025-12-17 21:56:30
38105411,2025-12-18 11:03:59
38105411,2025-12-19 18:32:14
38105411,2025-12-23 13:27:29
38105411,2025-12-24 09:03:41
38105411,2025-12-25 15:31:13
38105411,2025-12-27 16:01:15
38105411,2025-12-28 07:00:11
38105411,2025-12-29 17:47:36
38105411,2025-12-31 18:38:13
38105411,2026-01-01 08:01:29
38105411,2026-01-04 16:59:06
38105411,2026-01-05 16:01:30
38105411,2026-01-06 20:33:32
38105411,2026-01-06 13:33:46
38105411,2026-01-07 16:20:07
38105411,2026-01-08 11:37:16
38105411,2026-01-12 19:02:34
38105411,2026-01-13 16:09:08
38105411,2026-01-16 13:05:45
38105411,2026-01-17 15:19:20
38105411,2026-01-18 18:22:41
38105411,2026-01-19 07:13:59
38105411,2026-01-23 14:49:25
38105411,2026-01-29 21:21:06
38105411,2026-02-02 20:18:31
38105411,2026-02-06 21:05:03
38105411,2026-02-07 16:37:47
38105411,2026-02-10 19:01:37
38105411,2026-02-12 07:25:21
38105411,2026-02-17 14:05:46
38105411,2026-02-21 12:59:31
38105411,2026-02-22 11:59:29
38105411,2026-02-23 10:36:54
38105411,2026-02-24 21:20:53
38105411,2026-02-25 13:33:31
38105411,2026-02-26 06:41:05
38105411,2026-03-01 20:41:13
38105411,2026-03-02 10:52:22
38105411,2026-03-09 15:44:56
38105411,2026-03-10 08:57:14
38105411,2026-03-11 10:50:34
38105411,2026-03-12 21:27:08
38105411,2026-03-17 10:22:36
38105411,2026-03-18 12:24:41
38105411,2026-03-19 10:39:47
38105411,2026-03-22 13:22:07
38105411,2026-03-23 16:44:45
38105411,2026-03-27 19:32:29
38105411,2026-03-28 10:41:17
38105411,2026-03-29 21:16:48
38105411,2026-04-05 17:48:07
38105411,2026-04-06 08:42:28
38105411,2026-04-06 20:03:37
38105411,2026-04-08 09:23:55
38105411,2026-04-11 09:26:26
38105411,2026-04-16 08:49:16
38105411,2026-04-19 18:52:42
38105411,2026-04-21 08:36:48
38105411,2026-04-23 16:13:37
38105411,2026-04-24 08:21:04
38105411,2026-04-29 12:40:52
38105411,2026-05-06 09:10:29
38105411,2026-05-08 12:42:35
38105411,2026-05-10 15:08:36
38105411,2026-05-11 08:39:07
38105411,2026-05-12 21:49:33
38105411,2026-05-15 10:51:11
38105411,2026-05-20 11:39:01
38105411,2026-05-24 17:59:13
38105411,2026-05-26 06:06:03
38105411,2026-05-27 08:39:57
38105411,2026-05-29 08:28:41
38105411,2026-06-02 10:15:49
38105411,2026-06-07 17:07:59
38105411,2026-06-11 13:58:36
38105411,2026-06-15 21:36:15
38105411,2026-06-16 20:11:19
38105411,2026-06-17 17:55:50
38105411,2026-06-19 11:08:47
38105411,2026-06-21 21:29:19
38105411,2026-06-25 09:16:46
38105411,2026-06-27 17:52:06
38105411,2026-06-30 18:46:56
38105411,2026-07-01 20:43:54
38105411,2026-07-04 20:13:00
38105411,2026-07-05 17:17:46
38105411,2026-07-06 07:46:57
38105411,2026-07-06 14:37:12
38105411,2026-07-08 17:27:17
38105411,2026-07-12 09:38:49
38105411,2026-07-16 12:45:11
38105411,2026-07-18 13:07:34
38105411,2026-07-21 15:07:44
38105411,2026-07-25 11:05:51
38105411,2026-07-26 14:53:58
38105411,2026-07-31 10:13:03
38105411,2026-08-01 10:32:30
38105411,2026-08-02 19:23:32
38105411,2026-08-04 08:06:22
38105411,2026-08-07 17:44:46
38105411,2026-08-12 09:14:22
38105411,2026-08-13 12:53:16
38105411,2026-08-16 17:40:55
38105411,2026-08-18 17:08:47
38105411,2026-08-19 19:19:48
38105411,2026-08-28 20:14:35
38105411,2026-09-03 19:48:56
38105411,2026-09-05 11:54:42
38105411,2026-09-06 17:28:02
38803223,2025-11-26 16:06:45
38803223,2025-11-27 17:21:17
38803223,2025-11-28 15:25:54
38803223,2025-11-29 21:52:33
38803223,2025-11-30 10:22:14
38803223,2025-12-01 17:58:12
38803223,2025-12-02 19:12:40
38803223,2025-12-03 17:31:19
38803223,2025-12-04 06:19:06
38803223,2025-12-06 18:13:39
38803223,2025-12-08 12:19:38
38803223,2025-12-12 18:20:51
38803223,2025-12-13 10:56:51
38803223,2025-12-15 14:20:39
38803223,2025-12-18 20:07:23
38803223,2025-12-19 21:23:43
38803223,2025-12-21 21:04:30
38803223,2025-12-26 12:50:06
38803223,2025-12-27 21:30:31
38803223,2026-01-01 10:10:14
38803223,2026-01-04 15:21:51
38803223,2026-01-06 08:41:22
38803223,2026-01-08 18:33:28
38803223,2026-01-14 13:25:42
38803223,2026-01-20 10:20:55
38803223,2026-01-22 07:07:46
38803223,2026-01-23 14:13:43
38803223,2026-01-25 09:55:05
38803223,2026-01-30 19:09:24
38803223,2026-01-31 18:50:22
38803223,2026-02-07 11:01:07
38803223,2026-02-09 17:51:55
38803223,2026-02-11 10:58:02
38803223,2026-02-12 09:32:21
38803223,2026-02-13 20:34:29
38803223,2026-02-14 12:54:54
38803223,2026-02-17 14:04:42
38803223,2026-02-18 20:39:40
38803223,2026-02-20 13:34:11
38803223,2026-02-21 14:31:26
38803223,2026-02-24 18:31:21
38803223,2026-02-28 09:33:59
38803223,2026-03-04 06:51:45
38803223,2026-03-07 14:36:39
38803223,2026-03-09 21:55:28
38803223,2026-03-13 11:22:53
38803223,2026-03-16 16:31:41
38803223,2026-03-18 08:15:57
38803223,2026-03-22 17:01:32
38803223,2026-03-23 09:08:31
38803223,2026-03-25 18:43:14
38803223,2026-03-29 16:23:14
38803223,2026-03-30 07:23:32
38803223,2026-04-01 09:03:13
38803223,2026-04-02 08:58:01
38803223,2026-04-05 16:57:21
38803223,2026-04-06 10:35:53
38803223,2026-04-08 13:45:28
38803223,2026-04-09 14:45:46
38803223,2026-04-11 17:17:46
38803223,2026-04-13 13:26:29
38803223,2026-04-15 21:09:07
38803223,2026-04-16 15:26:16
38803223,2026-04-22 15:39:26
38803223,2026-04-26 09:15:12
38803223,2026-04-27 15:12:06
38803223,2026-04-29 15:55:16
38803223,2026-05-01 07:36:38
38803223,2026-05-05 08:45:51
38803223,2026-05-11 18:49:54
38803223,2026-05-15 14:17:49
38803223,2026-05-19 13:35:26
38803223,2026-05-20 17:58:43
38803223,2026-05-22 08:34:44
38803223,2026-05-28 12:43:04
38803223,2026-05-29 20:02:31
38803223,2026-06-07 16:01:18
38803223,2026-06-08 18:45:16
38803223,2026-06-09 09:39:09
38803223,2026-06-16 18:51:05
38803223,2026-06-18 13:28:34
38803223,2026-06-19 09:52:41
38803223,2026-06-20 13:00:37
38803223,2026-06-21 21:20:02
38803223,2026-06-23 12:59:05
38803223,2026-06-24 19:48:01
38803223,2026-06-25 10:50:39
38803223,2026-06-27 06:28:56
38803223,2026-06-28 06:15:21
38803223,2026-07-01 17:34:27
38803223,2026-07-05 14:16:51
38803223,2026-07-07 13:58:00
38803223,2026-07-08 13:01:08
38803223,2026-07-11 16:56:18
38803223,2026-07-13 06:32:45
38803223,2026-07-18 15:10:10
38803223,2026-07-20 07:54:16
38803223,2026-07-24 18:52:07
38803223,2026-07-26 15:57:46
38803223,2026-07-27 06:39:13
38803223,2026-07-28 20:01:33
38803223,2026-07-29 10:17:18
38803223,2026-08-01 18:07:19
38803223,2026-08-01 12:19:20
38803223,2026-08-06 17:48:10
38803223,2026-08-07 10:53:40
38803223,2026-08-10 15:11:07
38803223,2026-08-13 08:11:58
38803223,2026-08-14 06:30:23
38803223,2026-08-15 14:24:01
38803223,2026-08-18 11:24:44
38803223,2026-08-23 08:44:20
38803223,2026-08-24 14:46:35
38803223,2026-08-26 11:47:22
38803223,2026-08-28 12:43:18
38803223,2026-08-29 21:05:02
38803223,2026-09-01 14:27:04
35669779,2026-02-02 20:36:25
35669779,2026-02-04 15:06:55
35669779,2026-02-05 13:39:56
35669779,2026-02-06 11:55:47
35669779,2026-02-07 06:05:34
35669779,2026-02-08 18:18:47
35669779,2026-02-09 17:50:49
35669779,2026-02-12 10:10:02
35669779,2026-02-13 15:33:14
35669779,2026-02-14 10:22:19
35669779,2026-02-15 12:43:17
35669779,2026-02-16 18:00:10
35669779,2026-02-17 07:12:05
35669779,2026-02-18 12:33:45
35669779,2026-02-21 19:31:05
35669779,2026-02-24 08:49:51
35669779,2026-02-25 18:37:22
35669779,2026-02-27 19:35:46
35669779,2026-02-28 16:08:28
35669779,2026-03-02 11:01:05
35669779,2026-03-03 16:55:47
35669779,2026-03-04 09:57:48
35669779,2026-03-09 17:21:11
35669779,2026-03-12 21:14:43
35669779,2026-03-14 08:15:22
35669779,2026-03-15 18:07:24
35669779,2026-03-17 15:44:05
35669779,2026-03-18 15:30:42
35669779,2026-03-18 12:13:39
35669779,2026-03-20 14:16:16
35669779,2026-03-23 19:52:37
35669779,2026-03-25 12:00:00
35669779,2026-04-01 16:58:25
35669779,2026-04-03 15:38:58
35669779,2026-04-06 20:55:59
35669779,2026-04-08 07:49:21
35669779,2026-04-11 14:54:20
35669779,2026-04-14 13:32:38
35669779,2026-04-17 15:02:35
35669779,2026-04-20 13:33:22
35669779,2026-04-24 10:54:47
35669779,2026-04-26 14:36:16
35669779,2026-04-27 06:48:02
35669779,2026-04-29 17:54:41
35669779,2026-04-30 17:51:32
35669779,2026-05-01 17:48:24
35669779,2026-05-12 16:45:27
35669779,2026-05-18 11:27:29
35669779,2026-05-18 08:06:43
35669779,2026-05-20 16:29:35
35669779,2026-05-29 08:21:25
35669779,2026-05-31 09:22:05
35669779,2026-06-02 10:30:51
35669779,2026-06-03 08:37:17
35669779,2026-06-05 13:38:14
35669779,2026-06-09 20:26:32
35669779,2026-06-11 21:12:26
35669779,2026-06-12 20:35:00
35669779,2026-06-14 06:29:50
35669779,2026-06-16 09:26:48
35669779,2026-06-18 21:47:00
35669779,2026-06-23 12:26:01
35669779,2026-06-26 10:05:17
35669779,2026-07-04 09:32:27
35669779,2026-07-10 06:44:55
35669779,2026-07-11 09:59:11
35669779,2026-07-12 18:04:49
35669779,2026-07-14 10:11:07
35669779,2026-07-15 09:49:20
35669779,2026-07-17 21:13:26
35669779,2026-07-19 06:50:24
35669779,2026-07-24 21:48:45
35669779,2026-07-27 17:16:18
35669779,2026-07-30 13:39:18
35669779,2026-07-31 16:44:09
35669779,2026-08-01 16:39:01
35669779,2026-08-02 15:14:07
35669779,2026-08-04 10:00:02
35669779,2026-08-06 07:24:46
35669779,2026-08-07 06:12:37
35669779,2026-08-11 18:11:45
35669779,2026-08-12 18:49:58
35669779,2026-08-18 18:34:34
48985373,2026-02-11 10:34:35
48985373,2026-02-14 12:39:46
48985373,2026-02-22 19:49:11
48985373,2026-03-02 13:04:02
48985373,2026-03-04 09:16:32
48985373,2026-03-07 10:41:06
48953792,2026-02-27 18:21:47
48953792,2026-03-02 15:02:03
48953792,2026-03-03 10:24:24
48953792,2026-03-07 14:40:45
48953792,2026-03-09 06:42:23
48953792,2026-03-11 20:14:02
48953792,2026-03-14 10:02:22
48953792,2026-03-21 09:33:41
48953792,2026-03-23 09:20:29
48953792,2026-03-28 16:34:06
48953792,2026-04-17 20:50:26
48953792,2026-04-19 17:13:47
48953792,2026-04-24 06:34:19
48953792,2026-04-30 13:16:26
48953792,2026-05-08 14:16:00
48953792,2026-05-09 13:07:05
48953792,2026-05-10 18:33:56
48953792,2026-05-17 17:02:49
48953792,2026-05-18 11:40:23
35051476,2025-11-21 08:03:49
35051476,2025-11-25 20:05:53
35051476,2025-11-26 18:56:17
35051476,2025-11-29 18:09:57
35051476,2025-12-01 12:57:26
35051476,2025-12-03 08:31:50
35051476,2025-12-07 16:12:24
35051476,2025-12-10 21:23:53
35051476,2025-12-11 16:32:49
35051476,2025-12-11 17:47:30
35051476,2025-12-13 19:24:14
35051476,2025-12-15 15:44:29
35051476,2025-12-16 09:39:46
35051476,2025-12-18 21:53:42
35051476,2025-12-20 09:16:46
35051476,2025-12-22 21:59:37
35051476,2025-12-31 14:01:24
35051476,2026-01-02 20:35:52
35051476,2026-01-04 20:36:02
35051476,2026-01-06 10:05:02
35051476,2026-01-07 16:28:25
35051476,2026-01-10 10:58:40
35051476,2026-01-11 12:44:18
35051476,2026-01-13 06:57:26
35051476,2026-01-15 09:31:01
35051476,2026-01-19 17:14:51
35051476,2026-01-23 21:51:45
35051476,2026-01-25 21:57:33
35051476,2026-01-26 06:46:49
35051476,2026-01-27 12:55:40
35051476,2026-02-01 20:03:47
35051476,2026-02-03 06:20:40
35051476,2026-02-06 13:40:27
35051476,2026-02-07 19:04:11
35051476,2026-02-11 08:14:23
35051476,2026-02-12 08:33:10
35051476,2026-02-13 10:44:59
35051476,2026-02-15 13:40:30
35051476,2026-02-19 10:08:53
35051476,2026-02-21 21:29:19
35051476,2026-02-24 07:54:44
35051476,2026-02-25 17:01:59
35051476,2026-03-02 14:27:32
35051476,2026-03-03 15:45:00
35051476,2026-03-11 09:44:15
35051476,2026-03-18 13:51:03
35051476,2026-03-20 19:19:56
35051476,2026-03-22 21:50:38
35051476,2026-03-23 11:07:01
35051476,2026-03-24 07:08:53
35051476,2026-03-25 16:52:00
35051476,2026-03-28 15:29:46
35051476,2026-03-30 16:58:53
35051476,2026-04-03 13:24:49
35051476,2026-04-09 10:59:19
35051476,2026-04-10 21:11:11
35051476,2026-04-11 09:40:05
35051476,2026-04-15 11:54:34
35051476,2026-04-16 15:18:16
35051476,2026-04-21 13:54:26
35051476,2026-04-22 08:08:29
35051476,2026-04-25 06:19:05
35051476,2026-04-27 15:15:31
35051476,2026-04-30 21:42:04
35051476,2026-05-02 18:38:46
35051476,2026-05-07 07:14:20
35051476,2026-05-08 06:15:09
35051476,2026-05-09 14:30:06
35051476,2026-05-11 12:03:27
35051476,2026-05-19 10:48:21
35051476,2026-05-21 07:17:35
35051476,2026-05-24 15:37:33
35051476,2026-05-25 11:06:12
35051476,2026-05-26 06:59:08
35051476,2026-05-31 13:20:58
35051476,2026-06-01 16:16:28
35051476,2026-06-08 19:46:33
35051476,2026-06-10 17:24:57
35051476,2026-06-11 09:24:40
35051476,2026-06-11 06:24:58
35051476,2026-06-13 21:46:09
35051476,2026-06-14 08:31:48
35051476,2026-06-18 13:36:07
35051476,2026-06-22 07:55:08
35051476,2026-06-24 17:28:13
35051476,2026-06-29 11:30:15
35051476,2026-06-30 18:46:00
35051476,2026-07-01 09:54:03
35051476,2026-07-08 15:01:50
33663336,2025-12-27 08:45:41
33663336,2025-12-28 06:07:11
33663336,2025-12-29 20:34:50
33663336,2025-12-30 14:01:13
33663336,2025-12-31 14:20:37
33663336,2026-01-01 18:00:56
33663336,2026-01-02 13:28:41
33663336,2026-01-03 11:33:56
33663336,2026-01-04 07:39:09
33663336,2026-01-05 14:42:50
33663336,2026-01-06 19:40:11
33663336,2026-01-07 16:06:12
33663336,2026-01-08 15:02:49
33663336,2026-01-09 14:32:31
33663336,2026-01-09 13:27:44
33663336,2026-01-10 15:33:37
33663336,2026-01-17 12:49:22
33663336,2026-01-19 21:49:08
33663336,2026-01-22 12:36:26
33663336,2026-01-23 19:38:58
33663336,2026-01-24 15:55:13
33663336,2026-01-25 19:28:54
33663336,2026-01-26 15:04:15
33663336,2026-01-27 16:21:17
33663336,2026-01-30 14:32:02
33663336,2026-01-31 11:44:30
33663336,2026-02-01 07:46:14
33663336,2026-02-03 17:17:19
33663336,2026-02-04 12:16:59
33663336,2026-02-05 10:54:47
33663336,2026-02-06 08:31:05
33663336,2026-02-09 12:39:37
33663336,2026-02-10 10:42:21
33663336,2026-02-11 14:39:47
33663336,2026-02-13 07:25:40
33663336,2026-02-14 21:07:31
33663336,2026-02-15 20:28:59
33663336,2026-02-17 06:14:49
33663336,2026-02-18 06:41:41
33663336,2026-02-20 11:26:44
33663336,2026-02-22 09:06:52
33663336,2026-02-25 08:44:17
33663336,2026-02-27 09:52:31
33663336,2026-03-02 21:14:49
33663336,2026-03-03 10:46:29
33663336,2026-03-05 11:39:26
33663336,2026-03-06 14:02:13
33663336,2026-03-08 21:35:41
33663336,2026-03-09 13:58:45
33663336,2026-03-10 10:15:01
33663336,2026-03-11 17:55:58
33663336,2026-03-12 09:18:19
33663336,2026-03-13 07:56:51
33663336,2026-03-14 21:39:05
33663336,2026-03-17 17:59:36
33663336,2026-03-20 07:46:55
33663336,2026-03-23 06:18:26
33663336,2026-03-26 09:59:30
33663336,2026-03-28 12:17:25
33663336,2026-03-29 20:28:35
33663336,2026-03-30 13:42:53
33663336,2026-03-31 19:09:53
33663336,2026-04-02 16:53:44
33663336,2026-04-03 10:33:54
33663336,2026-04-04 19:51:56
33663336,2026-04-05 13:31:26
33663336,2026-04-06 13:07:21
33663336,2026-04-08 14:57:41
33663336,2026-04-09 09:39:17
33663336,2026-04-09 20:09:14
33663336,2026-04-10 09:56:09
33663336,2026-04-11 21:22:19
33663336,2026-04-14 06:44:32
33663336,2026-04-15 08:57:54
33663336,2026-04-17 14:54:21
33663336,2026-04-19 11:26:18
33663336,2026-04-20 13:41:36
33663336,2026-04-23 13:14:53
33663336,2026-04-24 06:35:24
33663336,2026-04-25 09:50:25
33663336,2026-04-26 12:53:00
33663336,2026-04-27 08:08:11
33663336,2026-04-28 06:33:09
33663336,2026-04-29 07:18:47
33663336,2026-04-30 08:50:46
33663336,2026-05-03 17:17:05
33663336,2026-05-05 15:10:35
33663336,2026-05-08 13:52:48
33663336,2026-05-09 08:30:43
33663336,2026-05-10 18:14:03
33663336,2026-05-12 10:47:23
33663336,2026-05-16 17:34:06
33663336,2026-05-18 21:13:21
33663336,2026-05-20 06:49:29
33663336,2026-05-24 16:41:40
33663336,2026-05-25 06:41:12
33663336,2026-05-30 06:24:53
33663336,2026-05-31 21:12:02
33663336,2026-06-02 18:35:35
33663336,2026-06-04 18:34:32
33663336,2026-06-05 19:27:50
33663336,2026-06-06 16:04:41
33663336,2026-06-07 19:40:56
33663336,2026-06-08 07:23:44
33663336,2026-06-09 08:14:31
33663336,2026-06-11 06:42:49
33663336,2026-06-13 10:35:06
33663336,2026-06-14 14:14:14
33663336,2026-06-16 08:08:15
33663336,2026-06-17 14:55:12
33663336,2026-06-18 10:41:30
33663336,2026-06-21 19:24:19
33663336,2026-06-22 11:11:59
33663336,2026-06-23 16:03:48
33663336,2026-06-26 12:56:56
33663336,2026-06-29 14:26:40
33663336,2026-07-01 13:18:10
33663336,2026-07-02 11:22:41
33663336,2026-07-03 15:04:45
33663336,2026-07-06 11:11:46
33663336,2026-07-12 14:09:40
33663336,2026-07-14 09:14:39
33663336,2026-07-15 06:22:34
33663336,2026-07-18 20:15:53
33663336,2026-07-20 17:39:54
33663336,2026-07-21 20:13:24
33663336,2026-07-22 17:49:10
33663336,2026-07-25 14:20:20
33663336,2026-07-26 09:43:49
33663336,2026-07-28 06:30:18
33663336,2026-07-29 13:04:54
33663336,2026-08-02 17:32:47
33663336,2026-08-03 15:15:02
33663336,2026-08-05 07:44:01
33663336,2026-08-06 15:09:47
33663336,2026-08-07 20:29:41
35871899,2026-02-06 21:21:42
35871899,2026-02-09 07:35:10
35871899,2026-02-10 13:50:10
35871899,2026-02-11 17:21:29
35871899,2026-02-12 13:21:33
35871899,2026-02-13 21:16:09
35871899,2026-02-16 08:39:10
35871899,2026-02-17 14:58:46
35871899,2026-02-19 12:14:21
35871899,2026-02-24 11:51:56
35871899,2026-02-25 19:40:47
35871899,2026-02-27 11:23:05
35871899,2026-02-28 14:15:32
35871899,2026-03-01 10:10:48
35871899,2026-03-05 20:39:14
35871899,2026-03-05 10:23:23
35871899,2026-03-06 06:26:46
35871899,2026-03-07 15:24:09
35871899,2026-03-10 15:46:09
35871899,2026-03-12 19:52:29
35871899,2026-03-13 15:35:03
35871899,2026-03-14 17:26:29
35871899,2026-03-15 19:06:20
35871899,2026-03-16 17:59:51
35871899,2026-03-17 10:12:23
35871899,2026-03-18 13:03:54
35871899,2026-03-20 16:05:49
35871899,2026-03-21 20:07:14
35871899,2026-03-24 07:37:21
35871899,2026-03-28 06:41:26
35871899,2026-04-03 17:42:02
35871899,2026-04-04 09:33:33
35871899,2026-04-05 08:29:35
35871899,2026-04-05 20:26:52
35871899,2026-04-06 11:41:24
35871899,2026-04-07 21:42:03
35871899,2026-04-09 08:29:13
35871899,2026-04-11 19:38:41
35871899,2026-04-13 08:21:52
35871899,2026-04-16 20:33:37
35871899,2026-04-17 15:54:22
35871899,2026-04-19 15:58:33
35871899,2026-04-20 19:59:07
35871899,2026-04-21 18:01:39
35871899,2026-04-24 06:42:38
35871899,2026-04-25 15:07:07
35871899,2026-04-27 15:48:13
35871899,2026-04-28 09:17:32
35871899,2026-04-29 08:25:40
35871899,2026-05-01 13:13:38
35871899,2026-05-03 14:14:56
35871899,2026-05-05 16:15:28
35871899,2026-05-05 13:02:14
35871899,2026-05-08 16:46:30
35871899,2026-05-13 11:07:19
35871899,2026-05-14 21:19:13
35871899,2026-05-15 12:16:20
35871899,2026-05-18 09:24:30
35871899,2026-05-20 16:27:05
35871899,2026-05-22 19:15:49
35871899,2026-05-24 19:34:30
35871899,2026-05-27 08:49:22
35871899,2026-05-28 11:43:07
35871899,2026-05-30 19:10:26
35871899,2026-06-02 13:26:22
35871899,2026-06-04 18:40:28
35871899,2026-06-05 06:44:40
35871899,2026-06-06 13:51:35
35871899,2026-06-11 20:12:52
35871899,2026-06-12 18:34:04
35871899,2026-06-13 08:09:55
35871899,2026-06-15 13:38:35
35871899,2026-06-16 19:04:09
35871899,2026-06-18 20:41:17
35871899,2026-06-21 13:05:33
35871899,2026-06-22 16:54:23
35871899,2026-06-24 07:16:34
35871899,2026-06-25 11:47:13
35871899,2026-06-26 15:40:47
35871899,2026-06-27 06:28:36
35871899,2026-06-29 10:44:08
35871899,2026-06-30 17:19:25
35871899,2026-07-01 19:37:44
35871899,2026-07-03 07:46:24
35871899,2026-07-04 11:52:36
35871899,2026-07-05 17:46:50
35871899,2026-07-05 12:01:54
35871899,2026-07-06 15:26:16
35871899,2026-07-07 12:39:40
35871899,2026-07-08 08:40:45
35871899,2026-07-09 16:34:13
35871899,2026-07-10 19:42:19
35871899,2026-07-11 11:25:14
35871899,2026-07-12 20:52:53
35871899,2026-07-13 07:12:57
35871899,2026-07-14 18:47:54
35871899,2026-07-16 21:23:17
35871899,2026-07-17 17:26:22
35871899,2026-07-21 11:01:02
35871899,2026-07-22 13:38:22
35871899,2026-07-26 19:57:17
35871899,2026-07-30 07:24:26
35871899,2026-08-01 13:35:36
35871899,2026-08-02 09:46:30
35871899,2026-08-04 20:19:53
35871899,2026-08-05 15:46:05
35871899,2026-08-06 13:11:32
35871899,2026-08-07 13:08:34
35871899,2026-08-08 18:10:33
35871899,2026-08-09 19:23:50
35871899,2026-08-11 10:23:52
35871899,2026-08-13 20:35:57
35871899,2026-08-14 13:55:51
35871899,2026-08-15 10:51:19
35871899,2026-08-16 21:54:30
35871899,2026-08-20 09:55:00
35871899,2026-08-21 19:33:11
35871899,2026-08-22 06:21:18
35871899,2026-08-23 18:35:04
35871899,2026-08-25 20:26:22
35871899,2026-08-26 17:16:21
35871899,2026-08-28 20:33:42
35871899,2026-08-29 20:47:28
35871899,2026-09-03 13:14:37
35871899,2026-09-04 16:28:14
35871899,2026-09-05 21:44:28
36414253,2025-12-29 10:31:38
36414253,2025-12-30 15:23:39
36414253,2025-12-31 08:46:54
36414253,2026-01-01 07:05:36
36414253,2026-01-02 11:23:53
36414253,2026-01-03 14:09:21
36414253,2026-01-04 16:39:44
36414253,2026-01-05 17:49:58
36414253,2026-01-06 16:10:35
36414253,2026-01-07 21:14:23
36414253,2026-01-08 20:03:08
36414253,2026-01-09 13:06:13
36414253,2026-01-11 13:08:26
36414253,2026-01-14 16:11:10
36414253,2026-01-15 09:56:28
36414253,2026-01-19 10:15:57
36414253,2026-01-21 17:41:04
36414253,2026-01-23 07:10:48
36414253,2026-01-24 10:06:57
36414253,2026-01-26 16:44:18
36414253,2026-01-28 17:01:05
36414253,2026-01-30 12:08:22
36414253,2026-02-01 20:56:03
36414253,2026-02-03 21:22:49
36414253,2026-02-08 12:03:52
36414253,2026-02-09 14:44:58
36414253,2026-02-09 09:32:50
36414253,2026-02-13 06:01:08
36414253,2026-02-14 21:37:21
36414253,2026-02-17 17:13:10
36414253,2026-02-18 10:41:57
36414253,2026-02-19 09:32:02
36414253,2026-02-20 14:11:28
36414253,2026-02-21 20:40:49
36414253,2026-02-22 18:06:32
36414253,2026-02-24 21:58:18
36414253,2026-02-26 06:13:22
36414253,2026-03-01 15:57:30
36414253,2026-03-09 06:14:36
36414253,2026-03-10 10:22:27
36414253,2026-03-11 11:37:36
36414253,2026-03-15 15:44:01
36414253,2026-03-20 08:28:09
36414253,2026-03-25 18:38:53
36414253,2026-03-26 08:43:19
36414253,2026-03-30 09:45:37
36414253,2026-04-02 14:12:36
36414253,2026-04-04 09:55:58
36414253,2026-04-06 17:35:41
36414253,2026-04-08 12:33:51
36414253,2026-04-09 06:47:58
36414253,2026-04-13 10:44:15
36414253,2026-04-15 16:34:28
36414253,2026-04-18 15:24:26
36414253,2026-04-19 19:29:52
36414253,2026-04-20 14:34:11
36414253,2026-04-25 21:12:07
36414253,2026-04-29 21:08:46
36414253,2026-05-02 12:47:25
36414253,2026-05-04 08:12:50
36414253,2026-05-09 11:44:48
36414253,2026-05-12 08:06:57
36414253,2026-05-21 18:38:42
36414253,2026-05-22 07:01:32
36414253,2026-05-28 18:38:13
36414253,2026-05-29 06:22:54
36414253,2026-05-30 17:13:57
36414253,2026-06-01 14:34:54
36414253,2026-06-04 21:58:32
36414253,2026-06-07 11:04:19
36414253,2026-06-09 17:38:37
36414253,2026-06-11 07:37:27
36414253,2026-06-14 15:35:43
36414253,2026-06-17 17:37:10
36414253,2026-06-18 21:32:08
36414253,2026-06-20 20:09:43
36414253,2026-06-24 15:20:22
36414253,2026-06-29 19:43:17
36414253,2026-07-06 19:56:49
36414253,2026-07-07 19:44:37
36414253,2026-07-09 14:16:49
36414253,2026-07-09 17:28:29
36414253,2026-07-10 06:25:41
36414253,2026-07-16 08:58:17
36414253,2026-07-17 10:26:14
36414253,2026-07-18 12:22:10
36414253,2026-07-20 13:38:35
36414253,2026-07-21 08:36:38
36414253,2026-07-23 21:41:25
36414253,2026-07-25 21:57:27
36414253,2026-07-31 13:00:55
36414253,2026-08-05 13:31:32
48654338,2026-05-19 17:52:13
48654338,2026-05-20 10:58:21
48654338,2026-05-21 18:40:01
48654338,2026-05-22 06:32:38
48654338,2026-05-24 15:52:10
48654338,2026-05-26 13:07:56
48654338,2026-05-27 11:02:14
48654338,2026-05-29 19:20:26
48654338,2026-05-30 07:09:35
48654338,2026-05-31 14:16:00
48654338,2026-06-01 07:39:00
48654338,2026-06-03 11:45:24
48654338,2026-06-04 06:47:53
48654338,2026-06-05 08:34:04
48654338,2026-06-06 13:16:22
48654338,2026-06-07 13:38:03
48654338,2026-06-08 07:01:12
48654338,2026-06-09 17:33:20
48654338,2026-06-15 15:51:25
48654338,2026-06-19 10:15:31
48654338,2026-06-19 06:39:06
48654338,2026-06-21 18:35:19
48654338,2026-06-23 06:35:06
48654338,2026-06-25 08:41:17
48654338,2026-06-26 07:22:52
48654338,2026-06-27 08:11:14
48654338,2026-06-28 10:48:02
48654338,2026-06-30 15:04:08
48654338,2026-07-01 08:27:51
48654338,2026-07-04 07:56:36
48654338,2026-07-05 14:03:50
48654338,2026-07-07 16:30:17
48654338,2026-07-08 13:04:17
48654338,2026-07-10 20:20:52
48654338,2026-07-11 08:38:00
48654338,2026-07-13 17:39:10
48654338,2026-07-15 14:43:01
48654338,2026-07-16 06:37:40
48654338,2026-07-17 14:12:49
48654338,2026-07-18 08:48:43
48654338,2026-07-19 21:53:18
48654338,2026-07-19 19:26:45
48654338,2026-07-20 18:20:27
48654338,2026-07-21 11:01:53
48654338,2026-07-22 14:17:23
48654338,2026-07-23 21:15:13
48654338,2026-07-24 15:19:19
48654338,2026-07-25 14:15:40
48654338,2026-07-26 13:17:23
48654338,2026-07-30 10:22:05
48654338,2026-08-03 14:31:35
48654338,2026-08-04 16:53:02
48654338,2026-08-05 12:46:40
48654338,2026-08-06 06:14:59
48654338,2026-08-07 15:34:18
48654338,2026-08-08 15:17:41
48654338,2026-08-11 17:07:36
48654338,2026-08-14 15:13:24
48654338,2026-08-16 15:51:26
48654338,2026-08-19 16:29:37
41977243,2025-12-28 09:42:45
41977243,2025-12-29 18:22:09
41977243,2025-12-30 15:18:03
41977243,2026-01-01 09:27:22
41977243,2026-01-02 21:37:43
41977243,2026-01-03 17:14:58
41977243,2026-01-05 18:01:43
41977243,2026-01-07 07:50:31
41977243,2026-01-09 12:27:41
41977243,2026-01-10 20:15:51
41977243,2026-01-12 16:08:16
35961596,2026-02-18 16:50:12
35961596,2026-02-19 10:47:41
35961596,2026-02-20 17:08:40
35961596,2026-02-21 11:09:34
35961596,2026-02-22 06:11:50
35961596,2026-02-23 17:41:48
35961596,2026-03-01 15:38:05
35961596,2026-03-03 08:00:30
35961596,2026-03-04 18:42:30
35961596,2026-03-12 09:52:52
35961596,2026-03-13 18:13:18
35961596,2026-03-17 16:38:27
35961596,2026-03-18 14:39:20
35961596,2026-03-21 16:08:20
36707618,2026-04-03 10:43:37
36707618,2026-04-04 11:11:27
36707618,2026-04-06 06:27:42
36707618,2026-04-08 15:35:18
36707618,2026-04-09 11:30:35
36707618,2026-04-10 15:50:28
36707618,2026-04-13 06:49:24
36707618,2026-04-16 07:53:14
36707618,2026-04-21 16:31:45
36707618,2026-04-23 15:31:20
36707618,2026-04-26 10:27:47
36707618,2026-04-27 16:03:05
36707618,2026-05-11 11:46:49
36707618,2026-05-13 19:53:56
36707618,2026-05-16 07:21:33
36707618,2026-05-16 18:22:35
36707618,2026-05-17 16:49:51
36707618,2026-05-20 06:08:34
36707618,2026-05-31 12:51:54
36707618,2026-06-06 13:54:22
36707618,2026-06-16 21:55:09
36707618,2026-06-18 14:12:34
36707618,2026-06-20 18:24:08
36707618,2026-06-22 09:15:29
36707618,2026-06-26 17:33:57
36707618,2026-06-30 14:19:05
36707618,2026-07-02 13:37:03
36707618,2026-07-12 12:33:48
36707618,2026-07-16 16:51:22
36707618,2026-07-22 14:40:39
36707618,2026-07-26 06:27:50
36707618,2026-07-27 16:35:56
36707618,2026-08-07 08:22:38
36707618,2026-08-10 15:29:25
36707618,2026-08-14 18:34:20
36707618,2026-08-16 16:27:50
30363127,2026-03-28 21:57:48
30363127,2026-03-29 18:35:47
30363127,2026-03-30 09:25:28
30363127,2026-03-31 15:22:12
30363127,2026-04-01 19:42:45
30363127,2026-04-02 09:54:29
30363127,2026-04-03 12:06:58
30363127,2026-04-04 14:05:42
30363127,2026-04-05 14:19:45
30363127,2026-04-06 11:38:42
30363127,2026-04-07 11:05:31
30363127,2026-04-08 06:17:14
30363127,2026-04-17 08:52:27
30363127,2026-04-18 14:59:37
30363127,2026-04-19 18:36:26
30363127,2026-04-20 12:41:07
30363127,2026-04-21 06:18:15
30363127,2026-04-23 08:22:56
30363127,2026-04-25 20:51:34
30363127,2026-04-29 19:51:09
30363127,2026-05-06 14:16:10
30363127,2026-05-07 07:24:00
30363127,2026-05-10 15:13:44
30363127,2026-05-14 07:12:32
30363127,2026-05-18 17:54:58
30363127,2026-05-20 06:41:48
30363127,2026-05-21 09:17:08
30363127,2026-05-30 18:49:31
30363127,2026-06-04 14:14:40
30363127,2026-06-05 07:22:03
30363127,2026-06-07 09:48:13
30363127,2026-06-08 19:19:51
30363127,2026-06-08 20:24:53
30363127,2026-06-10 12:27:15
30363127,2026-06-13 13:15:29
30363127,2026-06-19 21:47:57
30363127,2026-06-21 10:07:39
30363127,2026-06-23 21:22:40
30363127,2026-06-30 11:47:09
30363127,2026-07-01 21:17:30
30363127,2026-07-03 08:16:16
30363127,2026-07-06 16:50:08
30363127,2026-07-08 11:47:26
30363127,2026-07-13 16:14:48
30363127,2026-07-15 09:55:32
30363127,2026-07-20 18:24:26
30363127,2026-07-22 13:55:58
30363127,2026-07-23 19:00:55
30363127,2026-07-25 17:06:06
30363127,2026-07-30 21:11:49
30363127,2026-08-05 10:30:30
30363127,2026-08-06 10:05:23
30363127,2026-08-07 12:18:00
31263795,2026-03-31 20:10:35
31263795,2026-04-01 16:46:57
31263795,2026-04-02 10:21:26
31263795,2026-04-06 06:49:51
31263795,2026-04-08 14:03:05
31263795,2026-04-10 06:13:52
31263795,2026-04-11 21:50:06
31263795,2026-04-15 19:19:42
31263795,2026-04-16 12:51:51
31263795,2026-04-17 14:15:27
31263795,2026-04-18 18:47:55
31263795,2026-04-20 20:23:56
31263795,2026-04-23 15:01:48
31263795,2026-04-30 09:22:02
31263795,2026-05-01 16:50:35
31263795,2026-05-02 13:16:01
31263795,2026-05-02 11:23:27
31263795,2026-05-04 12:22:31
31263795,2026-05-12 11:07:00
31263795,2026-05-13 11:53:22
31263795,2026-05-16 19:30:06
31263795,2026-05-18 19:39:01
31263795,2026-05-19 09:21:09
31263795,2026-05-21 20:25:15
31263795,2026-05-24 15:13:45
31263795,2026-05-26 17:38:39
31263795,2026-06-02 11:26:07
31263795,2026-06-07 17:35:35
31263795,2026-06-08 14:47:44
31263795,2026-06-10 17:01:46
31263795,2026-06-11 17:50:06
31263795,2026-06-14 16:42:42
31263795,2026-06-15 21:38:34
31263795,2026-06-16 15:06:01
31263795,2026-06-17 10:15:26
31263795,2026-06-21 12:23:25
31263795,2026-06-22 12:08:04
31263795,2026-06-24 19:11:55
31263795,2026-06-29 15:36:26
31263795,2026-07-02 09:41:17
31263795,2026-07-11 16:07:19
31263795,2026-07-14 11:59:07
31263795,2026-07-21 18:23:14
31263795,2026-07-23 21:16:28
31263795,2026-07-24 06:58:24
31263795,2026-07-28 12:25:42
31263795,2026-07-29 17:22:27
31263795,2026-07-31 10:00:58
31263795,2026-08-02 19:28:32
31263795,2026-08-04 13:23:30
31263795,2026-08-05 06:42:11
31263795,2026-08-06 07:57:01
31263795,2026-08-07 15:48:31
31263795,2026-08-09 13:30:10
31263795,2026-08-10 11:18:33
31263795,2026-08-19 08:50:17
31263795,2026-08-20 17:36:27
31263795,2026-08-22 14:44:59
31263795,2026-08-23 07:57:15
31263795,2026-08-25 12:59:05
31263795,2026-08-27 14:54:34
31263795,2026-08-31 14:46:52
33293900,2025-11-29 15:52:18
33293900,2025-11-30 14:52:35
33293900,2025-12-01 07:35:04
33293900,2025-12-02 06:01:27
33293900,2025-12-03 16:07:49
33293900,2025-12-04 20:54:33
33293900,2025-12-05 14:40:14
33293900,2025-12-06 17:47:28
33293900,2025-12-08 12:03:09
33293900,2025-12-09 08:34:17
33293900,2025-12-10 14:31:38
33293900,2025-12-13 18:31:00
33293900,2025-12-16 19:48:58
33293900,2025-12-24 15:31:09
33293900,2025-12-25 07:37:51
33293900,2025-12-26 09:28:23
33293900,2025-12-28 17:18:26
33293900,2025-12-29 07:16:52
33293900,2025-12-31 16:42:52
33293900,2026-01-03 09:10:27
35413939,2026-04-24 09:28:11
35413939,2026-04-25 09:07:47
35413939,2026-04-26 14:02:39
35413939,2026-04-27 14:20:54
35413939,2026-04-29 06:27:10
35413939,2026-05-02 09:11:14
35413939,2026-05-03 08:24:12
35413939,2026-05-05 15:47:14
35413939,2026-05-06 13:25:49
35413939,2026-05-09 20:14:20
35413939,2026-05-10 20:57:07
35413939,2026-05-12 17:40:22
35413939,2026-05-15 13:45:58
42868661,2026-02-28 07:25:12
42868661,2026-03-01 17:41:22
42868661,2026-03-02 13:11:40
42868661,2026-03-03 07:26:40
42868661,2026-03-04 16:31:39
42868661,2026-03-05 09:41:33
42868661,2026-03-06 13:11:41
42868661,2026-03-07 10:32:00
42868661,2026-03-08 11:29:27
42868661,2026-03-09 20:53:46
42868661,2026-03-10 14:17:00
42868661,2026-03-11 16:52:13
42868661,2026-03-12 07:09:26
42868661,2026-03-13 09:29:15
42868661,2026-03-13 07:47:13
42868661,2026-03-14 15:52:41
42868661,2026-03-16 18:35:00
42868661,2026-03-18 17:10:06
42868661,2026-03-19 13:34:04
42868661,2026-03-20 18:17:44
42868661,2026-03-21 16:51:51
42868661,2026-03-22 10:53:02
42868661,2026-03-24 20:48:02
42868661,2026-03-25 20:48:51
42868661,2026-03-27 14:36:29
42868661,2026-03-29 13:34:43
42868661,2026-04-01 10:39:28
42868661,2026-04-02 14:44:06
42868661,2026-04-03 18:04:34
42868661,2026-04-04 15:53:18
42868661,2026-04-07 20:21:12
42868661,2026-04-08 09:35:45
42868661,2026-04-09 16:50:02
42868661,2026-04-10 20:21:58
42868661,2026-04-11 16:49:16
42868661,2026-04-13 10:22:05
42868661,2026-04-14 11:19:36
42868661,2026-04-15 06:36:35
42868661,2026-04-17 06:14:16
42868661,2026-04-19 10:49:50
42868661,2026-04-20 08:50:03
42868661,2026-04-21 12:54:51
42868661,2026-04-22 16:35:17
42868661,2026-04-25 10:55:46
42868661,2026-04-26 12:19:25
42868661,2026-04-29 17:06:27
42868661,2026-04-30 08:44:43
42868661,2026-05-01 14:16:53
42868661,2026-05-04 21:35:58
42868661,2026-05-05 12:46:29
42868661,2026-05-06 15:01:18
42868661,2026-05-09 14:04:54
42868661,2026-05-12 14:11:07
42868661,2026-05-13 13:55:55
42868661,2026-05-13 15:44:03
42868661,2026-05-14 10:28:27
42868661,2026-05-15 13:48:17
42868661,2026-05-19 14:36:38
42868661,2026-05-23 15:10:00
42868661,2026-05-26 12:56:44
42868661,2026-05-27 21:05:32
42868661,2026-05-28 12:29:28
42868661,2026-05-29 16:14:33
42868661,2026-05-31 07:51:21
42868661,2026-06-03 13:43:35
42868661,2026-06-04 19:48:05
42868661,2026-06-05 21:00:14
42868661,2026-06-06 06:10:33
42868661,2026-06-07 09:05:18
42868661,2026-06-08 10:25:23
42868661,2026-06-10 20:31:28
42868661,2026-06-11 11:33:05
42868661,2026-06-12 09:40:43
42868661,2026-06-13 06:48:45
42868661,2026-06-13 13:28:51
42868661,2026-06-14 16:06:44
42868661,2026-06-15 17:55:10
42868661,2026-06-16 09:42:45
42868661,2026-06-17 09:43:49
42868661,2026-06-19 21:15:20
42868661,2026-06-20 17:47:52
42868661,2026-06-21 14:49:27
42868661,2026-06-23 19:03:04
42868661,2026-06-24 15:01:38
42868661,2026-06-27 10:10:30
42868661,2026-06-29 06:48:10
42868661,2026-06-30 21:50:27
42868661,2026-07-02 20:19:30
42868661,2026-07-03 16:02:57
42868661,2026-07-07 10:19:48
42868661,2026-07-08 13:31:05
42868661,2026-07-09 09:00:05
42868661,2026-07-11 18:14:52
42868661,2026-07-12 06:38:38
42868661,2026-07-13 08:02:50
37612601,2026-02-12 20:34:32
37612601,2026-02-13 13:53:10
37612601,2026-02-14 08:15:45
37612601,2026-02-15 18:38:30
37612601,2026-02-16 21:22:01
37612601,2026-02-17 08:11:57
37612601,2026-02-18 16:12:23
37612601,2026-02-19 07:49:10
37612601,2026-02-21 13:26:50
37612601,2026-02-26 14:22:11
37612601,2026-02-27 08:19:43
37612601,2026-03-01 06:57:51
37612601,2026-03-03 13:23:06
37612601,2026-03-05 21:30:16
37612601,2026-03-09 20:53:35
37612601,2026-03-10 19:05:05
37612601,2026-03-11 16:20:57
37612601,2026-03-13 15:49:30
37612601,2026-03-21 13:53:05
37612601,2026-03-24 12:23:13
37612601,2026-03-25 13:54:30
37612601,2026-03-27 21:35:06
37612601,2026-03-30 13:21:12
37612601,2026-03-31 06:39:44
37612601,2026-04-03 18:29:05
37612601,2026-04-04 18:28:19
37612601,2026-04-10 16:29:43
37612601,2026-04-20 06:22:36
37612601,2026-04-21 18:04:59
37612601,2026-04-24 14:01:43
37612601,2026-04-26 11:25:56
37612601,2026-04-28 17:12:05
37612601,2026-04-29 20:32:57
37612601,2026-05-02 12:18:32
37612601,2026-05-08 09:43:24
37612601,2026-05-09 08:22:17
37612601,2026-05-11 14:38:51
37612601,2026-05-14 07:38:35
37612601,2026-05-15 14:26:38
37612601,2026-05-17 09:06:24
37612601,2026-05-20 14:27:09
37612601,2026-05-25 06:54:15
37612601,2026-05-29 08:28:26
37612601,2026-05-31 18:21:55
37612601,2026-06-01 15:43:08
37612601,2026-06-03 17:34:19
37612601,2026-06-07 21:14:51
37612601,2026-06-09 17:13:09
37612601,2026-06-11 08:39:46
37612601,2026-06-12 20:01:01
37612601,2026-06-13 20:08:05
37612601,2026-06-17 12:37:10
37612601,2026-06-18 13:17:35
37612601,2026-06-19 21:41:16
37612601,2026-06-25 19:09:55
37612601,2026-06-27 07:10:20
37612601,2026-06-29 17:36:29
37612601,2026-07-01 18:53:27
37612601,2026-07-02 16:55:05
37612601,2026-07-05 08:19:49
37612601,2026-07-09 13:55:54
37612601,2026-07-10 16:20:29
37612601,2026-07-13 20:08:25
37612601,2026-07-19 21:19:56
37612601,2026-07-20 12:53:25
37612601,2026-07-26 13:48:39
37612601,2026-07-28 09:24:57
37612601,2026-08-02 14:13:47
37612601,2026-08-05 08:27:10
37612601,2026-08-06 09:30:58
37612601,2026-08-07 10:26:15
37612601,2026-08-08 10:02:27
37612601,2026-08-09 12:22:37
37612601,2026-08-10 17:57:55
37612601,2026-08-14 16:04:07
37612601,2026-08-16 21:45:58
42728107,2026-02-01 10:33:53
42728107,2026-02-03 20:35:31
42728107,2026-02-04 08:22:22
42728107,2026-02-05 21:29:34
42728107,2026-02-06 19:20:23
42728107,2026-02-07 07:15:40
42728107,2026-02-08 11:50:10
42728107,2026-02-09 07:05:19
42728107,2026-02-10 12:35:49
42728107,2026-02-11 20:38:07
42728107,2026-02-12 06:37:25
42728107,2026-02-13 10:53:02
42728107,2026-02-14 19:10:49
42728107,2026-02-15 20:56:47
42728107,2026-02-16 21:47:04
41318247,2026-04-18 07:54:25
41318247,2026-04-21 06:09:43
41318247,2026-04-23 09:56:15
41318247,2026-04-24 17:10:20
41318247,2026-04-27 14:07:30
41318247,2026-04-29 11:51:13
41318247,2026-04-30 09:17:38
41318247,2026-05-01 15:42:31
41318247,2026-05-02 20:09:40
41318247,2026-05-04 16:05:57
41318247,2026-05-05 08:10:56
41318247,2026-05-08 20:40:06
41318247,2026-05-11 14:12:36
41318247,2026-05-12 07:11:10
41318247,2026-05-15 16:45:18
41318247,2026-05-16 18:16:55
41318247,2026-05-17 08:34:15
41318247,2026-05-21 06:17:52
41318247,2026-05-22 09:54:25
41318247,2026-05-23 06:26:17
41318247,2026-05-25 20:29:14
41318247,2026-06-01 10:08:22
41318247,2026-06-04 08:59:23
41318247,2026-06-05 11:43:20
41318247,2026-06-06 07:08:56
41318247,2026-06-11 15:40:50
41318247,2026-06-16 13:24:42
41318247,2026-06-21 10:30:22
41318247,2026-06-22 14:22:06
41318247,2026-06-23 15:51:15
41318247,2026-06-25 14:36:32
41318247,2026-06-28 17:57:31
41318247,2026-07-03 14:34:27
41318247,2026-07-05 09:58:18
41318247,2026-07-06 20:01:20
41318247,2026-07-09 15:49:22
41318247,2026-07-19 17:25:28
41318247,2026-07-21 12:59:21
41318247,2026-07-23 11:32:08
41318247,2026-07-26 08:18:40
41318247,2026-07-27 11:46:08
41318247,2026-07-28 17:19:57
41318247,2026-08-01 10:41:54
41318247,2026-08-04 11:33:50
41318247,2026-08-05 15:39:05
41318247,2026-08-07 15:39:31
41318247,2026-08-09 13:35:33
40010273,2025-12-11 17:30:27
40010273,2025-12-12 15:55:08
40010273,2025-12-13 19:25:43
40010273,2025-12-14 08:40:22
40010273,2025-12-15 12:52:39
40010273,2025-12-16 13:04:51
40010273,2025-12-17 06:21:20
40010273,2025-12-18 20:10:56
40010273,2025-12-19 19:14:31
40010273,2025-12-20 13:09:50
40010273,2025-12-21 13:40:23
40010273,2025-12-22 15:54:36
40010273,2025-12-24 13:26:45
40010273,2025-12-25 14:53:04
40010273,2025-12-30 14:39:49
40010273,2026-01-04 06:46:04
40010273,2026-01-05 15:14:30
40010273,2026-01-06 09:51:37
40010273,2026-01-08 12:57:52
40010273,2026-01-09 21:45:45
40010273,2026-01-14 11:00:41
40010273,2026-01-18 10:02:31
40010273,2026-01-21 21:07:34
40010273,2026-01-22 14:44:03
40010273,2026-01-23 06:35:40
40010273,2026-01-25 16:00:52
40010273,2026-01-29 09:33:07
40010273,2026-01-31 13:35:08
40010273,2026-02-01 21:41:21
40010273,2026-02-02 21:57:11
40010273,2026-02-11 09:07:46
40010273,2026-02-14 14:49:50
40010273,2026-02-15 13:43:06
40010273,2026-02-20 09:03:10
40010273,2026-02-25 18:32:47
40010273,2026-02-27 16:29:18
40010273,2026-03-06 16:01:49
40010273,2026-03-07 19:58:13
40010273,2026-03-10 18:44:08
40010273,2026-03-13 07:44:30
40010273,2026-03-18 06:47:57
40010273,2026-03-19 11:47:15
40010273,2026-03-21 20:13:03
40010273,2026-03-21 16:09:18
40010273,2026-03-22 16:43:15
40010273,2026-03-26 13:00:55
40010273,2026-04-01 20:03:55
40010273,2026-04-04 09:21:28
40010273,2026-04-06 12:11:04
40010273,2026-04-07 12:14:10
40010273,2026-04-10 07:53:27
40010273,2026-04-11 21:46:55
40010273,2026-04-15 12:54:25
40010273,2026-04-16 14:27:50
40010273,2026-04-20 11:54:55
40010273,2026-04-22 13:29:07
40010273,2026-04-25 07:29:52
40010273,2026-04-26 14:15:15
40010273,2026-04-27 17:07:03
40010273,2026-04-29 21:33:11
40010273,2026-05-06 11:46:58
40010273,2026-05-13 12:46:47
40010273,2026-05-20 19:08:58
40010273,2026-05-21 09:16:47
40010273,2026-05-21 15:46:50
40010273,2026-05-22 09:46:43
40010273,2026-05-25 09:30:33
40010273,2026-05-29 13:08:42
40010273,2026-06-01 12:31:43
40010273,2026-06-04 11:41:09
40010273,2026-06-06 13:03:47
40010273,2026-06-10 15:36:17
40010273,2026-06-15 11:53:08
40010273,2026-06-18 15:55:58
40010273,2026-06-19 07:02:46
40010273,2026-06-27 21:58:39
40010273,2026-06-29 18:52:36
40010273,2026-07-03 19:52:38
40010273,2026-07-06 16:21:55
40010273,2026-07-07 07:57:19
40010273,2026-07-10 16:59:00
40010273,2026-07-14 19:57:34
40010273,2026-07-17 18:53:11
40010273,2026-07-18 17:20:53
40010273,2026-07-19 18:12:08
40010273,2026-07-22 18:31:37
40010273,2026-07-23 19:37:02
40010273,2026-07-24 18:26:34
40010273,2026-07-26 14:47:33
40010273,2026-07-29 21:22:21
40010273,2026-08-01 12:04:49
40010273,2026-08-03 13:15:25
40010273,2026-08-05 06:10:03
40010273,2026-08-07 06:40:59
40010273,2026-08-09 07:10:57
40010273,2026-08-12 20:59:38
40010273,2026-08-14 16:37:19
40010273,2026-08-18 12:49:28
40010273,2026-08-21 09:23:05
45869359,2026-03-08 16:06:23
45869359,2026-03-09 20:39:30
45869359,2026-03-10 16:17:46
45869359,2026-03-11 18:00:53
45869359,2026-03-12 17:19:31
45869359,2026-03-13 19:14:42
45869359,2026-03-14 10:00:49
45869359,2026-03-15 16:29:32
45869359,2026-03-16 19:16:03
45869359,2026-03-17 20:37:41
45869359,2026-03-19 12:22:39
45869359,2026-03-20 11:22:54
45869359,2026-03-21 08:22:43
45869359,2026-03-25 08:49:56
45869359,2026-03-28 19:27:16
45869359,2026-03-31 14:30:24
45869359,2026-04-02 15:19:24
45869359,2026-04-05 19:30:58
45869359,2026-04-06 10:41:03
45869359,2026-04-09 14:56:09
45869359,2026-04-10 15:52:12
45869359,2026-04-11 19:47:58
45869359,2026-04-14 14:02:48
45869359,2026-04-15 19:43:35
45869359,2026-04-17 18:55:16
45869359,2026-04-20 14:08:58
38863870,2026-06-04 15:41:52
38863870,2026-06-05 18:33:13
38863870,2026-06-06 11:52:51
38863870,2026-06-07 11:33:44
38863870,2026-06-08 12:59:16
38863870,2026-06-09 07:38:41
38863870,2026-06-10 19:22:28
38863870,2026-06-11 06:16:16
38863870,2026-06-12 16:18:04
38863870,2026-06-13 19:44:19
38863870,2026-06-14 07:48:35
38863870,2026-06-15 19:29:05
38863870,2026-06-20 10:50:37
38863870,2026-06-27 13:24:31
38863870,2026-06-30 09:23:04
38863870,2026-07-02 13:24:44
38863870,2026-07-04 11:01:34
38863870,2026-07-05 09:07:46
38863870,2026-07-11 07:29:46
38863870,2026-07-12 14:15:02
38863870,2026-07-15 10:11:42
38863870,2026-07-16 21:17:05
38863870,2026-07-20 09:28:05
38863870,2026-07-21 14:32:26
38863870,2026-07-22 15:43:28
38863870,2026-07-27 13:26:06
38863870,2026-07-29 17:04:28
38863870,2026-07-31 12:09:53
38863870,2026-08-01 21:48:17
38863870,2026-08-02 19:00:30
38863870,2026-08-06 08:25:18
38863870,2026-08-12 19:20:48
38863870,2026-08-13 12:21:02
45802972,2026-06-22 20:48:51
45802972,2026-06-23 18:30:57
45802972,2026-06-25 09:43:48
45802972,2026-06-30 16:46:27
45802972,2026-07-01 18:39:39
45802972,2026-07-02 09:28:19
39397146,2026-05-19 16:47:26
39397146,2026-05-19 09:27:01
39397146,2026-05-22 17:05:45
39397146,2026-05-27 19:59:34
39397146,2026-06-05 20:53:05
48336763,2025-11-22 19:38:59
48336763,2025-11-23 07:24:53
48336763,2025-11-24 20:52:26
48336763,2025-11-25 14:11:44
48336763,2025-11-26 19:10:24
48336763,2025-11-27 14:51:09
48336763,2025-11-28 09:25:46
48336763,2025-11-29 09:46:50
48336763,2025-11-30 20:33:25
48336763,2025-12-05 18:40:35
48336763,2025-12-07 20:39:50
48336763,2025-12-09 14:51:40
48336763,2025-12-15 16:36:10
48336763,2025-12-20 09:31:59
48336763,2025-12-22 21:16:58
48336763,2025-12-23 14:59:30
48336763,2025-12-27 17:55:51
48336763,2025-12-28 14:48:17
48336763,2025-12-31 15:51:10
48336763,2026-01-01 19:31:12
48336763,2026-01-01 11:34:52
48336763,2026-01-02 08:37:44
48336763,2026-01-08 11:16:13
48336763,2026-01-12 15:02:08
48336763,2026-01-13 08:29:10
48336763,2026-01-25 10:19:37
48336763,2026-01-27 10:57:09
48336763,2026-01-28 14:56:29
48336763,2026-01-30 15:38:38
48336763,2026-02-03 17:55:18
48336763,2026-02-07 19:33:39
48336763,2026-02-09 15:58:34
48336763,2026-02-14 13:50:51
48336763,2026-02-19 17:48:34
48336763,2026-02-23 11:53:44
48336763,2026-02-24 19:50:38
48336763,2026-02-28 08:37:19
48336763,2026-03-01 14:01:25
48336763,2026-03-03 14:49:35
48336763,2026-03-04 18:52:08
48336763,2026-03-05 10:01:51
48336763,2026-03-07 06:57:57
48336763,2026-03-14 20:43:25
48336763,2026-03-15 07:42:13
48336763,2026-03-16 07:35:26
48336763,2026-03-17 18:22:28
48336763,2026-03-18 16:51:09
48336763,2026-03-24 12:13:07
48336763,2026-03-26 10:46:36
48336763,2026-03-30 19:37:07
48336763,2026-03-31 15:05:31
48336763,2026-04-02 16:49:49
48336763,2026-04-03 10:43:27
48336763,2026-04-10 18:06:53
48336763,2026-04-13 13:43:23
48336763,2026-04-15 10:30:09
48336763,2026-04-16 07:05:52
48336763,2026-04-17 14:28:15
48336763,2026-04-19 15:23:28
48336763,2026-04-21 07:11:11
48336763,2026-04-22 17:05:39
48336763,2026-04-26 19:38:20
48336763,2026-04-27 17:42:34
48336763,2026-05-01 20:39:32
48336763,2026-05-03 18:33:56
48336763,2026-05-07 18:20:10
48336763,2026-05-10 19:26:37
48336763,2026-05-13 12:30:20
48336763,2026-05-14 08:54:00
48336763,2026-05-20 10:19:59
48336763,2026-05-27 12:37:07
48336763,2026-05-30 16:50:29
48336763,2026-05-31 19:33:13
48336763,2026-06-05 15:17:05
48336763,2026-06-07 18:57:50
48336763,2026-06-08 16:08:09
48336763,2026-06-09 14:37:54
48336763,2026-06-10 20:49:34
48336763,2026-06-12 09:16:14
48336763,2026-06-19 09:58:07
48336763,2026-06-21 14:12:48
48336763,2026-06-22 14:27:52
48336763,2026-06-23 12:33:46
48336763,2026-07-01 06:01:05
48336763,2026-07-03 08:21:50
48336763,2026-07-05 15:14:59
48336763,2026-07-07 21:08:44
48336763,2026-07-09 09:38:04
48336763,2026-07-10 06:01:01
48336763,2026-07-11 11:18:07
48336763,2026-07-12 19:21:34
48336763,2026-07-13 21:49:00
48336763,2026-07-20 13:07:33
48336763,2026-07-21 07:48:06
48336763,2026-07-24 15:43:22
48336763,2026-07-25 19:37:42
48336763,2026-07-29 10:27:35
48336763,2026-08-01 10:32:12
48336763,2026-08-08 16:42:53
48336763,2026-08-13 17:05:28
48336763,2026-08-14 21:44:57
48336763,2026-08-17 18:43:34
48336763,2026-08-19 14:10:09
48336763,2026-08-23 07:57:11
48336763,2026-08-25 07:40:22
48336763,2026-08-31 06:23:56
48336763,2026-09-01 10:42:44
38640882,2026-04-03 19:33:53
38640882,2026-04-04 13:51:36
38640882,2026-04-04 21:05:13
38640882,2026-04-06 14:27:16
38640882,2026-04-08 20:40:49
38640882,2026-04-09 12:03:28
38640882,2026-04-10 09:56:54
38640882,2026-04-11 18:01:00
38640882,2026-04-12 08:36:01
38640882,2026-04-14 09:48:43
38640882,2026-04-15 14:30:44
38640882,2026-04-17 18:39:05
38640882,2026-04-18 19:23:28
38640882,2026-04-19 17:21:22
38640882,2026-04-23 16:21:06
38640882,2026-04-25 20:34:39
38640882,2026-04-26 10:43:04
38640882,2026-04-28 13:03:23
38640882,2026-04-29 09:34:36
38640882,2026-04-30 08:12:48
38640882,2026-05-01 20:06:21
38640882,2026-05-02 11:11:52
38640882,2026-05-04 13:32:28
38640882,2026-05-07 12:28:36
38640882,2026-05-10 08:55:08
38640882,2026-05-11 12:53:39
38640882,2026-05-15 15:29:09
38640882,2026-05-20 14:57:02
38640882,2026-05-21 19:01:08
38640882,2026-05-22 17:17:00
38640882,2026-05-23 12:06:18
38640882,2026-05-24 06:35:58
38640882,2026-05-25 09:00:47
38640882,2026-05-26 20:12:43
38640882,2026-05-27 09:44:19
38640882,2026-05-28 06:47:20
38640882,2026-05-30 17:33:42
38640882,2026-05-31 15:31:30
38640882,2026-06-01 10:10:36
38640882,2026-06-05 13:29:21
38640882,2026-06-06 08:27:47
38640882,2026-06-07 11:53:02
38640882,2026-06-12 08:07:36
38640882,2026-06-14 14:01:36
38640882,2026-06-16 08:01:55
38640882,2026-06-18 18:12:19
38640882,2026-06-19 11:24:39
38640882,2026-06-20 17:47:01
38640882,2026-06-21 09:37:06
38640882,2026-06-24 18:47:37
38640882,2026-06-25 06:36:11
38640882,2026-06-27 08:09:36
38640882,2026-06-28 06:42:21
38640882,2026-07-01 08:58:21
38640882,2026-07-02 21:16:21
38640882,2026-07-04 18:35:13
38640882,2026-07-04 17:07:37
38640882,2026-07-05 14:28:01
38640882,2026-07-06 06:00:17
38640882,2026-07-07 10:08:20
38640882,2026-07-12 15:19:12
38640882,2026-07-15 19:33:33
38640882,2026-07-16 12:06:42
38640882,2026-07-19 08:19:20
38640882,2026-07-20 11:40:48
38640882,2026-07-21 15:20:20
38640882,2026-07-24 11:05:27
38640882,2026-07-26 09:00:20
38640882,2026-07-27 19:36:14
38640882,2026-07-28 16:51:41
38640882,2026-07-31 14:52:22
38640882,2026-08-01 10:56:05
38640882,2026-08-02 17:12:52
38640882,2026-08-03 19:11:48
38640882,2026-08-04 17:00:28
38640882,2026-08-06 13:34:23
38640882,2026-08-08 15:42:12
38640882,2026-08-09 21:59:19
38640882,2026-08-13 11:42:41
38640882,2026-08-14 19:34:48
38640882,2026-08-19 11:00:41
38640882,2026-08-20 17:16:32
38640882,2026-08-21 17:36:50
38640882,2026-08-22 08:06:02
38640882,2026-08-23 08:52:09
38640882,2026-08-25 21:13:44
38640882,2026-08-27 15:27:23
38640882,2026-08-29 12:40:23
38640882,2026-08-30 21:05:13
38640882,2026-08-31 14:46:49
